Link: https://yugioh.fandom.com/wiki/Set_Card_Galleries:Return_of_the_Duelist_(TCG-DE-UE)


 
 TCG Galleries  -  OCG Galleries  -  DDM Galleries  -  Bandai Galleries 
 
 
 
 Boosters  -  Decks  -  Packs  -  Promotions 
 
 
 Return of the Duelist Return of the Duelist German - Unlimited Edition 
 
 
 
 REDU-DE000  ( SR ) Noble Knight Gawayn Edler Ritter Gawayn TrancetheMagicSwordsman-REDU-DE-C-UE.png REDU-DE001  ( C ) Trance the Magic Swordsman Trance, Magischer Schwertkämpfer DamageMage-REDU-DE-C-UE.png REDU-DE002  ( C ) Damage Mage Schadensmagierin ZWPhoenixBow-REDU-DE-R-UE.png REDU-DE003  ( R ) ZW - Phoenix Bow ZW - Phönixbogen PhotonCaesar-REDU-DE-C-UE.png REDU-DE004  ( C ) Photon Caesar Photonencaesar HeroicChallengerSpartan-REDU-DE-C-UE.png REDU-DE005  ( C ) Heroic Challenger - Spartan Heroischer Herausforderer - Spartaner HeroicChallengerWarHammer-REDU-DE-C-UE.png REDU-DE006  ( C ) Heroic Challenger - War Hammer Heroischer Herausforderer - Kriegshammer HeroicChallengerSwordshield-REDU-DE-C-UE.png REDU-DE007  ( C ) Heroic Challenger - Swordshield Heroischer Herausforderer - Schwertschild HeroicChallengerDoubleLance-REDU-DE-R-UE.png REDU-DE008  ( R ) Heroic Challenger - Double Lance Heroischer Herausforderer - Doppellanze ChronomalyMayanMachine-REDU-DE-C-UE.png REDU-DE009  ( C ) Chronomaly Mayan Machine Chronomale Maya-Maschine ChronomalyColossalHead-REDU-DE-R-UE.png REDU-DE010  ( R ) Chronomaly Colossal Head Chronomaler Kolosskopf ChronomalyGoldenJet-REDU-DE-C-UE.png REDU-DE011  ( C ) Chronomaly Golden Jet Chronomaler Goldjet REDU-DE012  ( R ) Chronomaly Crystal Bones Chronomale Kristallknochen ChronomalyCrystalSkull-REDU-DE-R-UE.png REDU-DE013  ( R ) Chronomaly Crystal Skull Chronomaler Kristallschädel ChronomalyMoai-REDU-DE-C-UE.png REDU-DE014  ( C ) Chronomaly Moai Chronomaler Moai SpellbookMagicianofProphecy-REDU-DE-UR-UE.png REDU-DE015  ( UR ) Spellbook Magician of Prophecy Der Magiebuch-Magier der Prophezeiung AmoresofProphecy-REDU-DE-C-UE.png REDU-DE016  ( C ) Amores of Prophecy Die Liebenden der Prophezeiung TemperanceofProphecy-REDU-DE-SR-UE.png REDU-DE017  ( SR ) Temperance of Prophecy Die Mäßigkeit der Prophezeiung StrengthofProphecy-REDU-DE-C-UE.png REDU-DE018  ( C ) Strength of Prophecy Die Kraft der Prophezeiung CharioteerofProphecy-REDU-DE-C-UE.png REDU-DE019  ( C ) Charioteer of Prophecy Der Wagenlenker der Prophezeiung HighPriestessofProphecy-REDU-DE-ScR-UE.png REDU-DE020  ( ScR ) High Priestess of Prophecy Die Hohepriesterin der Prophezeiung MadolcheMewfeuille-REDU-DE-C-UE.png REDU-DE021  ( C ) Madolche Mewfeuille Magidolce Miauwaffel MadolcheBaaple-REDU-DE-C-UE.png REDU-DE022  ( C ) Madolche Baaple Magidolce Mähorn MadolcheChouxvalier-REDU-DE-R-UE.png REDU-DE023  ( R ) Madolche Chouxvalier Magidolce Keksritter MadolcheMagileine-REDU-DE-SR-UE.png REDU-DE024  ( SR ) Madolche Magileine Magidolce Magileine MadolcheButlerusk-REDU-DE-C-UE.png REDU-DE025  ( C ) Madolche Butlerusk Magidolce Butlerback MadolchePuddingcess-REDU-DE-UR-UE.png REDU-DE026  ( UR ) Madolche Puddingcess Magidolce Puddzessin GeargianoMkII-REDU-DE-R-UE.png REDU-DE027  ( R ) Geargiano Mk-II Getriebriano MK-II Geargiaccelerator-REDU-DE-C-UE.png REDU-DE028  ( C ) Geargiaccelerator Getriebriauto Geargiarsenal-REDU-DE-R-UE.png REDU-DE029  ( R ) Geargiarsenal Getriebriarsenal Geargiarmor-REDU-DE-SR-UE.png REDU-DE030  ( SR ) Geargiarmor Getriebriabwehr UnifloraMysticalBeastoftheForest-REDU-DE-C-UE.png REDU-DE031  ( C ) Uniflora, Mystical Beast of the Forest Einblum, mystisches Ungeheuer des Waldes LittleTrooper-REDU-DE-C-UE.png REDU-DE032  ( C ) Little Trooper Kleiner Kavallerist SilverSentinel-REDU-DE-UR-UE.png REDU-DE033  ( UR ) Silver Sentinel Silber-Wachposten DustKnight-REDU-DE-R-UE.png REDU-DE034  ( R ) Dust Knight Staubritter BlockGolem-REDU-DE-C-UE.png REDU-DE035  ( C ) Block Golem Blockgolem AtlanteanAttackSquad-REDU-DE-C-UE.png REDU-DE036  ( C ) Atlantean Attack Squad Atlantischer Angriffstrupp IllusorySnatcher-REDU-DE-SR-UE.png REDU-DE037  ( SR ) Illusory Snatcher Trügerischer Dieb GrandsoiltheElementalLord-REDU-DE-ScR-UE.png REDU-DE038  ( ScR ) Grandsoil the Elemental Lord Grandsoil der Elementarherrscher ThreeThousandNeedles-REDU-DE-SP-UE.png REDU-DE039  ( SP ) Three Thousand Needles Dreitausend Nadeln GoblinMaraudingSquad-REDU-DE-SP-UE.png REDU-DE040  ( SP ) Goblin Marauding Squad Goblin Plündertrupp HeroicChampionExcalibur-REDU-DE-UR-UE.png REDU-DE041  ( UR ) Heroic Champion - Excalibur Heroischer Champion - Excalibur ChronomalyCrystalChrononaut-REDU-DE-SR-UE.png REDU-DE042  ( SR ) Chronomaly Crystal Chrononaut Chronomaler Kristallchrononaut Number33ChronomalyMachuMech-REDU-DE-UR-UE.png REDU-DE043  ( UR ) Number 33: Chronomaly Machu Mech Nummer 33: Chronomaler Machu-Mech SuperdimensionalRobotGalaxyDestroyer-REDU-DE-UR-UE.png REDU-DE044  ( UR ) Superdimensional Robot Galaxy Destroyer Superdimensionaler Roboter-Galaxiezerstörer HierophantofProphecy-REDU-DE-UR-UE.png REDU-DE045  ( UR ) Hierophant of Prophecy Der Hierophant der Prophezeiung REDU-DE046  ( ScR ) Gear Gigant X Getrieberiese X AlchemicMagician-REDU-DE-SR-UE.png REDU-DE047  ( SR ) Alchemic Magician Alchemistische Magierin SoulofSilvermountain-REDU-DE-SR-UE.png REDU-DE048  ( SR ) Soul of Silvermountain Seele des Silberberges FairyKingAlbverdich-REDU-DE-R-UE.png REDU-DE049  ( R ) Fairy King Albverdich Feenkönig Albverdich REDU-DE050  ( SR ) Sword Breaker Schwertbrecher Gagagarevenge-REDU-DE-SR-UE.png REDU-DE051  ( SR ) Gagagarevenge Gagagarache OverlayRegen-REDU-DE-C-UE.png REDU-DE052  ( C ) Overlay Regen Materialerneuerung HeroicChance-REDU-DE-C-UE.png REDU-DE053  ( C ) Heroic Chance Heroische Chance ChronomalyTechnology-REDU-DE-C-UE.png REDU-DE054  ( C ) Chronomaly Technology Chronomale Technologie ChronomalyPyramidEyeTablet-REDU-DE-C-UE.png REDU-DE055  ( C ) Chronomaly Pyramid Eye Tablet Chronomale Pyramiden-Augentafel GalaxyQueensLight-REDU-DE-C-UE.png REDU-DE056  ( C ) Galaxy Queen's Light Licht der Galaxiekönigin SpellbookofSecrets-REDU-DE-UR-UE.png REDU-DE057  ( UR ) Spellbook of Secrets Magiebuch der Geheimnisse SpellbookofPower-REDU-DE-C-UE.png REDU-DE058  ( C ) Spellbook of Power Magiebuch der Macht SpellbookofLife-REDU-DE-SR-UE.png REDU-DE059  ( SR ) Spellbook of Life Magiebuch des Lebens SpellbookofWisdom-REDU-DE-R-UE.png REDU-DE060  ( R ) Spellbook of Wisdom Magiebuch der Weisheit MadolcheChateau-REDU-DE-C-UE.png REDU-DE061  ( C ) Madolche Chateau Magidolce-Schloss REDU-DE062  ( C ) Where Arf Thou? Wau bist du? GenerationForce-REDU-DE-C-UE.png REDU-DE063  ( C ) Generation Force Generation Stärke CatapultZone-REDU-DE-C-UE.png REDU-DE064  ( C ) Catapult Zone Katapultzone ColdFeet-REDU-DE-SP-UE.png REDU-DE065  ( SP ) Cold Feet Kalte Füße ImpenetrableAttack-REDU-DE-C-UE.png REDU-DE066  ( C ) Impenetrable Attack Undurchdringbarer Angriff Gagagarush-REDU-DE-C-UE.png REDU-DE067  ( C ) Gagagarush Gagagansturm HeroicRetributionSword-REDU-DE-C-UE.png REDU-DE068  ( C ) Heroic Retribution Sword Heroisches Vergeltungsschwert StonehengeMethods-REDU-DE-C-UE.png REDU-DE069  ( C ) Stonehenge Methods Stonehenge-Techniken MadolcheLesson-REDU-DE-C-UE.png REDU-DE070  ( C ) Madolche Lesson Magidolce-Lektion MadolcheWaltz-REDU-DE-C-UE.png REDU-DE071  ( C ) Madolche Waltz Magidolce-Walzer MadolcheTeaBreak-REDU-DE-R-UE.png REDU-DE072  ( R ) Madolche Tea Break Magidolce-Teepause XyzSoul-REDU-DE-C-UE.png REDU-DE073  ( C ) Xyz Soul Xyz-Seele CompulsoryEscapeDevice-REDU-DE-C-UE.png REDU-DE074  ( C ) Compulsory Escape Device Zwangsrettungsgerät Turnabout-REDU-DE-C-UE.png REDU-DE075  ( C ) Turnabout Umschwung VoidTrapHole-REDU-DE-SR-UE.png REDU-DE076  ( SR ) Void Trap Hole Leeren-Fallgrube ThreeofaKind-REDU-DE-C-UE.png REDU-DE077  ( C ) Three of a Kind Drilling SoulDrain-REDU-DE-R-UE.png REDU-DE078  ( R ) Soul Drain Seelenentzug Rebound-REDU-DE-SR-UE.png REDU-DE079  ( SR ) Rebound Abpraller LuckyPunch-REDU-DE-SP-UE.png REDU-DE080  ( SP ) Lucky Punch Glückstreffer ProphecyDestroyer-REDU-DE-UR-UE.png REDU-DE081  ( UR ) Prophecy Destroyer Prophezeiungszerstörer LightrayMadoor-REDU-DE-C-UE.png REDU-DE082  ( C ) Lightray Madoor Lichtstrahl-Madoor BlueDragonNinja-REDU-DE-SR-UE.png REDU-DE083  ( SR ) Blue Dragon Ninja Ninja des blauen Drachen Imairuka-REDU-DE-R-UE.png REDU-DE084  ( R ) Imairuka Imairuka RevivalGolem-REDU-DE-R-UE.png REDU-DE085  ( R ) Revival Golem Wiedergeburtsgolem NobleArmsGallatin-REDU-DE-C-UE.png REDU-DE086  ( C ) Noble Arms - Gallatin Edle Waffen - Gallatin SpellbookLibraryoftheCrescent-REDU-DE-R-UE.png REDU-DE087  ( R ) Spellbook Library of the Crescent Magiebuch-Bibliothek des Halbmondes AdvanceZone-REDU-DE-ScR-UE.png REDU-DE088  ( ScR ) Advance Zone Vorstoßzone NinjitsuArtofShadowSealing-REDU-DE-C-UE.png REDU-DE089  ( C ) Ninjitsu Art of Shadow Sealing Ninjitsu-Kunst der Schattenversiegelung Chewbone-REDU-DE-C-UE.png REDU-DE090  ( C ) Chewbone Kauknochen EcoMysticalSpiritoftheForest-REDU-DE-R-UE.png REDU-DE091  ( R ) Eco, Mystical Spirit of the Forest Eco, mystischer Geist des Waldes Number6ChronomalyAtlandis-REDU-DE-ScR-UE.png REDU-DE092  ( ScR ) Number 6: Chronomaly Atlandis Nummer 6: Chronomales Atlandis MiracleContact-REDU-DE-ScR-UE.png REDU-DE093  ( ScR ) Miracle Contact Wunderkontakt AdvancedDark-REDU-DE-ScR-UE.png REDU-DE094  ( ScR ) Advanced Dark Fortgeschrittene Finsternis Pahunder-REDU-DE-R-UE.png REDU-DE095  ( R ) Pahunder Padonner Mahunder-REDU-DE-R-UE.png REDU-DE096  ( R ) Mahunder Madonner Sishunder-REDU-DE-R-UE.png REDU-DE097  ( R ) Sishunder Schwesdonner Number91ThunderSparkDragon-REDU-DE-UR-UE.png REDU-DE098  ( UR ) Number 91: Thunder Spark Dragon Nummer 91: Donnerfunkendrache SpiritConverter-REDU-DE-ScR-UE.png REDU-DE099  ( ScR ) Spirit Converter Geisterumwandler 
 
 
 Ultimate Rares
 
 
 
 SpellbookMagicianofProphecy-REDU-DE-UtR-UE.png REDU-DE015  ( UtR ) Spellbook Magician of Prophecy Der Magiebuch-Magier der Prophezeiung MadolchePuddingcess-REDU-DE-UtR-UE.png REDU-DE026  ( UtR ) Madolche Puddingcess Magidolce Puddzessin SilverSentinel-REDU-DE-UtR-UE.png REDU-DE033  ( UtR ) Silver Sentinel Silber-Wachposten HeroicChampionExcalibur-REDU-DE-UtR-UE.png REDU-DE041  ( UtR ) Heroic Champion - Excalibur Heroischer Champion - Excalibur Number33ChronomalyMachuMech-REDU-DE-UtR-UE.png REDU-DE043  ( UtR ) Number 33: Chronomaly Machu Mech Nummer 33: Chronomaler Machu-Mech SuperdimensionalRobotGalaxyDestroyer-REDU-DE-UtR-UE.png REDU-DE044  ( UtR ) Superdimensional Robot Galaxy Destroyer Superdimensionaler Roboter-Galaxiezerstörer HierophantofProphecy-REDU-DE-UtR-UE.png REDU-DE045  ( UtR ) Hierophant of Prophecy Der Hierophant der Prophezeiung SpellbookofSecrets-REDU-DE-UtR-UE.png REDU-DE057  ( UtR ) Spellbook of Secrets Magiebuch der Geheimnisse ProphecyDestroyer-REDU-DE-UtR-UE.png REDU-DE081  ( UtR ) Prophecy Destroyer Prophezeiungszerstörer Number91ThunderSparkDragon-REDU-DE-UtR-UE.png REDU-DE098  ( UtR ) Number 91: Thunder Spark Dragon Nummer 91: Donnerfunkendrache 
 
 
 Ghost Rare
 
 
 
 HeroicChampionExcalibur-REDU-DE-GR-UE.png REDU-DE041  ( GR ) Heroic Champion - Excalibur Heroischer Champion - Excalibur 
 
 
 
 
 
Images: ['https://static.wikia.nocookie.net/yugioh/images/6/63/NobleKnightGawayn-REDU-DE-SR-UE.png/revision/latest/scale-to-width-down/119?cb=20161010112243', 'data:image/gif;base64,R0lGODlhAQABAIABAAAAAP///yH5BAEAAAEALAAAAAABAAEAQAICTAEAOw%3D%3D', 'https://static.wikia.nocookie.net/yugioh/images/3/3a/ChronomalyCrystalBones-REDU-DE-R-UE.png/revision/latest/scale-to-width-down/121?cb=20161203202027', 'data:image/gif;base64,R0lGODlhAQABAIABAAAAAP///yH5BAEAAAEALAAAAAABAAEAQAICTAEAOw%3D%3D', 'https://static.wikia.nocookie.net/yugioh/images/9/9a/GearGigantX-REDU-DE-ScR-UE.png/revision/latest/scale-to-width-down/118?cb=20160629155244', 'data:image/gif;base64,R0lGODlhAQABAIABAAAAAP///yH5BAEAAAEALAAAAAABAAEAQAICTAEAOw%3D%3D', 'https://static.wikia.nocookie.net/yugioh/images/3/3b/SwordBreaker-REDU-DE-SR-UE.png/revision/latest/scale-to-width-down/119?cb=20170117005145', 'data:image/gif;base64,R0lGODlhAQABAIABAAAAAP///yH5BAEAAAEALAAAAAABAAEAQAICTAEAOw%3D%3D', 'https://static.wikia.nocookie.net/yugioh/images/d/d1/WhereArfThou-REDU-DE-C-UE.png/revision/latest/scale-to-width-down/119?cb=20161213135352', 'data:image/gif;base64,R0lGODlhAQABAIABAAAAAP///yH5BAEAAAEALAAAAAABAAEAQAICTAEAOw%3D%3D']
Categories: German Set Card Galleries, Unlimited Edition Set Card Galleries