Link: https://yugioh.fandom.com/wiki/Set_Card_Galleries:Return_of_the_Duelist_(TCG-FR-UE)


 
 TCG Galleries  -  OCG Galleries  -  DDM Galleries  -  Bandai Galleries 
 
 
 
 Boosters  -  Decks  -  Packs  -  Promotions 
 
 
 Return of the Duelist Le Retour du Duelliste French - Unlimited Edition 
 
 
 
 REDU-FR000  ( SR ) Noble Knight Gawayn Gawayn le Chevalier Noble TrancetheMagicSwordsman-REDU-FR-C-UE.png REDU-FR001  ( C ) Trance the Magic Swordsman Transe le Spadassin Magique DamageMage-REDU-FR-C-UE.png REDU-FR002  ( C ) Damage Mage Mage de Dommages ZWPhoenixBow-REDU-FR-R-UE.png REDU-FR003  ( R ) ZW - Phoenix Bow ZW - Arc Phénix PhotonCaesar-REDU-FR-C-UE.png REDU-FR004  ( C ) Photon Caesar César Photon HeroicChallengerSpartan-REDU-FR-C-UE.png REDU-FR005  ( C ) Heroic Challenger - Spartan Challenger Héroïque - Spartiate HeroicChallengerWarHammer-REDU-FR-C-UE.png REDU-FR006  ( C ) Heroic Challenger - War Hammer Challenger Héroïque - Marteau de Guerre HeroicChallengerSwordshield-REDU-FR-C-UE.png REDU-FR007  ( C ) Heroic Challenger - Swordshield Challenger Héroïque - Boucliépée HeroicChallengerDoubleLance-REDU-FR-R-UE.png REDU-FR008  ( R ) Heroic Challenger - Double Lance Challenger Héroïque - Double Lance ChronomalyMayanMachine-REDU-FR-C-UE.png REDU-FR009  ( C ) Chronomaly Mayan Machine Machine Maya Chronomal ChronomalyColossalHead-REDU-FR-R-UE.png REDU-FR010  ( R ) Chronomaly Colossal Head Tête Colossale Chronomal ChronomalyGoldenJet-REDU-FR-C-UE.png REDU-FR011  ( C ) Chronomaly Golden Jet Jet Doré Chronomal REDU-FR012  ( R ) Chronomaly Crystal Bones Os de Cristal Chronomal ChronomalyCrystalSkull-REDU-FR-R-UE.png REDU-FR013  ( R ) Chronomaly Crystal Skull Crâne de Cristal Chronomal ChronomalyMoai-REDU-FR-C-UE.png REDU-FR014  ( C ) Chronomaly Moai Moai Chronomal SpellbookMagicianofProphecy-REDU-FR-UR-UE.png REDU-FR015  ( UR ) Spellbook Magician of Prophecy Magicien du Livre de Magie de la Prophétie AmoresofProphecy-REDU-FR-C-UE.png REDU-FR016  ( C ) Amores of Prophecy Amores de la Prophétie TemperanceofProphecy-REDU-FR-SR-UE.png REDU-FR017  ( SR ) Temperance of Prophecy Tempérance de la Prophétie StrengthofProphecy-REDU-FR-C-UE.png REDU-FR018  ( C ) Strength of Prophecy Force de la Prophétie CharioteerofProphecy-REDU-FR-C-UE.png REDU-FR019  ( C ) Charioteer of Prophecy Cocher de la Prophétie HighPriestessofProphecy-REDU-FR-ScR-UE.png REDU-FR020  ( ScR ) High Priestess of Prophecy Grande Prêtresse de la Prophétie MadolcheMewfeuille-REDU-FR-C-UE.png REDU-FR021  ( C ) Madolche Mewfeuille Miaoufeuille Magidolce MadolcheBaaple-REDU-FR-C-UE.png REDU-FR022  ( C ) Madolche Baaple Mêrable Magidolce MadolcheChouxvalier-REDU-FR-R-UE.png REDU-FR023  ( R ) Madolche Chouxvalier Chouvalier Magidolce MadolcheMagileine-REDU-FR-SR-UE.png REDU-FR024  ( SR ) Madolche Magileine Magideleine Magidolce MadolcheButlerusk-REDU-FR-C-UE.png REDU-FR025  ( C ) Madolche Butlerusk Majordoscotte Magidolce MadolchePuddingcess-REDU-FR-UR-UE.png REDU-FR026  ( UR ) Madolche Puddingcess Puddingcesse Magidolce GeargianoMkII-REDU-FR-R-UE.png REDU-FR027  ( R ) Geargiano Mk-II Geargiano Mk-II Geargiaccelerator-REDU-FR-C-UE.png REDU-FR028  ( C ) Geargiaccelerator Geargiaccélérateur Geargiarsenal-REDU-FR-R-UE.png REDU-FR029  ( R ) Geargiarsenal Geargiarsenal Geargiarmor-REDU-FR-SR-UE.png REDU-FR030  ( SR ) Geargiarmor Geargiarmure UnifloraMysticalBeastoftheForest-REDU-FR-C-UE.png REDU-FR031  ( C ) Uniflora, Mystical Beast of the Forest Uniflora, Bête Mystique de la Forêt LittleTrooper-REDU-FR-C-UE.png REDU-FR032  ( C ) Little Trooper Petit Soldat SilverSentinel-REDU-FR-UR-UE.png REDU-FR033  ( UR ) Silver Sentinel Sentinelle Argent DustKnight-REDU-FR-R-UE.png REDU-FR034  ( R ) Dust Knight Chevalier de Poussière BlockGolem-REDU-FR-C-UE.png REDU-FR035  ( C ) Block Golem Golem en Briques AtlanteanAttackSquad-REDU-FR-C-UE.png REDU-FR036  ( C ) Atlantean Attack Squad Escouade d'Attaque de l'Atlantide IllusorySnatcher-REDU-FR-SR-UE.png REDU-FR037  ( SR ) Illusory Snatcher Ravisseur Illusoire GrandsoiltheElementalLord-REDU-FR-ScR-UE.png REDU-FR038  ( ScR ) Grandsoil the Elemental Lord Grandsoil le Seigneur Élémentaire ThreeThousandNeedles-REDU-FR-SP-UE.png REDU-FR039  ( SP ) Three Thousand Needles Trois Mille Aiguilles GoblinMaraudingSquad-REDU-FR-SP-UE.png REDU-FR040  ( SP ) Goblin Marauding Squad Unité Gobeline de Pillage HeroicChampionExcalibur-REDU-FR-UR-UE.png REDU-FR041  ( UR ) Heroic Champion - Excalibur Champion Héroïque - Excalibur ChronomalyCrystalChrononaut-REDU-FR-SR-UE.png REDU-FR042  ( SR ) Chronomaly Crystal Chrononaut Chrononaute de Cristal Chronomal Number33ChronomalyMachuMech-REDU-FR-UR-UE.png REDU-FR043  ( UR ) Number 33: Chronomaly Machu Mech Numéro 33: Machu Mech Chronomal SuperdimensionalRobotGalaxyDestroyer-REDU-FR-UR-UE.png REDU-FR044  ( UR ) Superdimensional Robot Galaxy Destroyer Destructeur Galactique Superdimensionnel HierophantofProphecy-REDU-FR-UR-UE.png REDU-FR045  ( UR ) Hierophant of Prophecy Grand Prêtre de la Prophétie REDU-FR046  ( ScR ) Gear Gigant X Gear Gigant X AlchemicMagician-REDU-FR-SR-UE.png REDU-FR047  ( SR ) Alchemic Magician Magicienne Alchimique SoulofSilvermountain-REDU-FR-SR-UE.png REDU-FR048  ( SR ) Soul of Silvermountain Âme de la Montagne Argent FairyKingAlbverdich-REDU-FR-R-UE.png REDU-FR049  ( R ) Fairy King Albverdich Roi des Fées Albverdich SwordBreaker-REDU-FR-SR-UE.png REDU-FR050  ( SR ) Sword Breaker Briseur d'Épée Gagagarevenge-REDU-FR-SR-UE.png REDU-FR051  ( SR ) Gagagarevenge Gagagarevanche OverlayRegen-REDU-FR-C-UE.png REDU-FR052  ( C ) Overlay Regen Régénérateur Habillé HeroicChance-REDU-FR-C-UE.png REDU-FR053  ( C ) Heroic Chance Chance Héroïque ChronomalyTechnology-REDU-FR-C-UE.png REDU-FR054  ( C ) Chronomaly Technology Technologie Chronomal ChronomalyPyramidEyeTablet-REDU-FR-C-UE.png REDU-FR055  ( C ) Chronomaly Pyramid Eye Tablet Tablette de l'Œil Pyramide Chronomal GalaxyQueensLight-REDU-FR-C-UE.png REDU-FR056  ( C ) Galaxy Queen's Light Lumière de la Reine Galactique SpellbookofSecrets-REDU-FR-UR-UE.png REDU-FR057  ( UR ) Spellbook of Secrets Livre de Magie des Secrets SpellbookofPower-REDU-FR-C-UE.png REDU-FR058  ( C ) Spellbook of Power Livre de Magie de la Puissance SpellbookofLife-REDU-FR-SR-UE.png REDU-FR059  ( SR ) Spellbook of Life Livre de Magie de la Vie SpellbookofWisdom-REDU-FR-R-UE.png REDU-FR060  ( R ) Spellbook of Wisdom Livre de Magie de la Sagesse MadolcheChateau-REDU-FR-C-UE.png REDU-FR061  ( C ) Madolche Chateau Château Magidolce WhereArfThou-REDU-FR-C-UE.png REDU-FR062  ( C ) Where Arf Thou? Woùf es-tu? GenerationForce-REDU-FR-C-UE.png REDU-FR063  ( C ) Generation Force La Force des Générations CatapultZone-REDU-FR-C-UE.png REDU-FR064  ( C ) Catapult Zone Zone Catapulte ColdFeet-REDU-FR-SP-UE.png REDU-FR065  ( SP ) Cold Feet Pieds Glacés ImpenetrableAttack-REDU-FR-C-UE.png REDU-FR066  ( C ) Impenetrable Attack Attaque Impénétrable Gagagarush-REDU-FR-C-UE.png REDU-FR067  ( C ) Gagagarush Gagagarush HeroicRetributionSword-REDU-FR-C-UE.png REDU-FR068  ( C ) Heroic Retribution Sword Épée du Châtiment Héroïque StonehengeMethods-REDU-FR-C-UE.png REDU-FR069  ( C ) Stonehenge Methods Méthodes Stonehenge MadolcheLesson-REDU-FR-C-UE.png REDU-FR070  ( C ) Madolche Lesson Leçon Magidolce MadolcheWaltz-REDU-FR-C-UE.png REDU-FR071  ( C ) Madolche Waltz Valse Magidolce MadolcheTeaBreak-REDU-FR-R-UE.png REDU-FR072  ( R ) Madolche Tea Break Thé Magidolce XyzSoul-REDU-FR-C-UE.png REDU-FR073  ( C ) Xyz Soul Âme Xyz CompulsoryEscapeDevice-REDU-FR-C-UE.png REDU-FR074  ( C ) Compulsory Escape Device Dispositif d'Échappement Obligatoire Turnabout-REDU-FR-C-UE.png REDU-FR075  ( C ) Turnabout Demi-Tour VoidTrapHole-REDU-FR-SR-UE.png REDU-FR076  ( SR ) Void Trap Hole Trappe du Vide ThreeofaKind-REDU-FR-C-UE.png REDU-FR077  ( C ) Three of a Kind Brelan SoulDrain-REDU-FR-R-UE.png REDU-FR078  ( R ) Soul Drain Absorption d'Âme Rebound-REDU-FR-SR-UE.png REDU-FR079  ( SR ) Rebound Rebond LuckyPunch-REDU-FR-SP-UE.png REDU-FR080  ( SP ) Lucky Punch Coup de Poing Chanceux ProphecyDestroyer-REDU-FR-UR-UE.png REDU-FR081  ( UR ) Prophecy Destroyer Destructeur de la Prophétie LightrayMadoor-REDU-FR-C-UE.png REDU-FR082  ( C ) Lightray Madoor Madoor Rayon Lumineux BlueDragonNinja-REDU-FR-SR-UE.png REDU-FR083  ( SR ) Blue Dragon Ninja Ninja Dragon Bleu Imairuka-REDU-FR-R-UE.png REDU-FR084  ( R ) Imairuka Imairuka RevivalGolem-REDU-FR-R-UE.png REDU-FR085  ( R ) Revival Golem Golem de Résurrection NobleArmsGallatin-REDU-FR-C-UE.png REDU-FR086  ( C ) Noble Arms - Gallatin Armes Nobles - Gallatin SpellbookLibraryoftheCrescent-REDU-FR-R-UE.png REDU-FR087  ( R ) Spellbook Library of the Crescent Librairie Livre de Magie du Croissant AdvanceZone-REDU-FR-ScR-UE.png REDU-FR088  ( ScR ) Advance Zone Zone de Progrès NinjitsuArtofShadowSealing-REDU-FR-C-UE.png REDU-FR089  ( C ) Ninjitsu Art of Shadow Sealing Art Ninjitsu du Scellement des Ombres Chewbone-REDU-FR-C-UE.png REDU-FR090  ( C ) Chewbone Mâchos EcoMysticalSpiritoftheForest-REDU-FR-R-UE.png REDU-FR091  ( R ) Eco, Mystical Spirit of the Forest Éco, Esprit Mystique de la Forêt Number6ChronomalyAtlandis-REDU-FR-ScR-UE.png REDU-FR092  ( ScR ) Number 6: Chronomaly Atlandis Numéro 6: Atlandis Chronomal MiracleContact-REDU-FR-ScR-UE.png REDU-FR093  ( ScR ) Miracle Contact Contact Miracle AdvancedDark-REDU-FR-ScR-UE.png REDU-FR094  ( ScR ) Advanced Dark Ténèbres Ultimes Pahunder-REDU-FR-R-UE.png REDU-FR095  ( R ) Pahunder Patonerre Mahunder-REDU-FR-R-UE.png REDU-FR096  ( R ) Mahunder Matonerre Sishunder-REDU-FR-R-UE.png REDU-FR097  ( R ) Sishunder Sœutonerre Number91ThunderSparkDragon-REDU-FR-UR-UE.png REDU-FR098  ( UR ) Number 91: Thunder Spark Dragon Numéro 91: Dragon Étincelles de Tonerre SpiritConverter-REDU-FR-ScR-UE.png REDU-FR099  ( ScR ) Spirit Converter Convertisseur d'Esprit 
 
 
 Ultimate Rares
 
 
 
 SpellbookMagicianofProphecy-REDU-FR-UtR-UE.png REDU-FR015  ( UtR ) Spellbook Magician of Prophecy Magicien du Livre de Magie de la Prophétie MadolchePuddingcess-REDU-FR-UtR-UE.png REDU-FR026  ( UtR ) Madolche Puddingcess Puddingcesse Magidolce SilverSentinel-REDU-FR-UtR-UE.png REDU-FR033  ( UtR ) Silver Sentinel Sentinelle Argent HeroicChampionExcalibur-REDU-FR-UtR-UE.png REDU-FR041  ( UtR ) Heroic Champion - Excalibur Champion Héroïque - Excalibur Number33ChronomalyMachuMech-REDU-FR-UtR-UE.png REDU-FR043  ( UtR ) Number 33: Chronomaly Machu Mech Numéro 33: Machu Mech Chronomal SuperdimensionalRobotGalaxyDestroyer-REDU-FR-UtR-UE.png REDU-FR044  ( UtR ) Superdimensional Robot Galaxy Destroyer Destructeur Galactique Superdimensionnel HierophantofProphecy-REDU-FR-UtR-UE.png REDU-FR045  ( UtR ) Hierophant of Prophecy Grand Prêtre de la Prophétie SpellbookofSecrets-REDU-FR-UtR-UE.png REDU-FR057  ( UtR ) Spellbook of Secrets Livre de Magie des Secrets ProphecyDestroyer-REDU-FR-UtR-UE.png REDU-FR081  ( UtR ) Prophecy Destroyer Destructeur de la Prophétie Number91ThunderSparkDragon-REDU-FR-UtR-UE.png REDU-FR098  ( UtR ) Number 91: Thunder Spark Dragon Numéro 91: Dragon Étincelles de Tonerre 
 
 
 Ghost Rare
 
 
 
 HeroicChampionExcalibur-REDU-FR-GR-UE.png REDU-FR041  ( GR ) Heroic Champion - Excalibur Champion Héroïque - Excalibur 
 
 
 
 
 
Images: ['https://static.wikia.nocookie.net/yugioh/images/d/d4/NobleKnightGawayn-REDU-FR-SR-UE.png/revision/latest/scale-to-width-down/118?cb=20161010112244', 'data:image/gif;base64,R0lGODlhAQABAIABAAAAAP///yH5BAEAAAEALAAAAAABAAEAQAICTAEAOw%3D%3D', 'https://static.wikia.nocookie.net/yugioh/images/a/a4/ChronomalyCrystalBones-REDU-FR-R-UE.png/revision/latest/scale-to-width-down/127?cb=20161203202035', 'data:image/gif;base64,R0lGODlhAQABAIABAAAAAP///yH5BAEAAAEALAAAAAABAAEAQAICTAEAOw%3D%3D', 'https://static.wikia.nocookie.net/yugioh/images/7/72/GearGigantX-REDU-FR-ScR-UE.png/revision/latest/scale-to-width-down/119?cb=20160629155245', 'data:image/gif;base64,R0lGODlhAQABAIABAAAAAP///yH5BAEAAAEALAAAAAABAAEAQAICTAEAOw%3D%3D']
Categories: French Set Card Galleries, Unlimited Edition Set Card Galleries