Link: https://yugioh.fandom.com/wiki/Set_Card_Galleries:Maximum_Crisis_(TCG-SP-UE)


 
 TCG Galleries  -  OCG Galleries  -  DDM Galleries  -  Bandai Galleries 
 
 
 
 Boosters  -  Decks  -  Packs  -  Promotions 
 
 
 Maximum Crisis Crisis Máxima Spanish - Unlimited Edition PendulumSwitch-MACR-SP-R-UE.png MACR-SP000  ( R ) " Pendulum Switch " "Trueque de Péndulo" PerformapalSkyMagician-MACR-SP-R-UE.png MACR-SP001  ( R ) " Performapal Sky Magician " "Artistamigo Mago del Cielo" PerformapalSkyPupil-MACR-SP-R-UE.png MACR-SP002  ( R ) " Performapal Sky Pupil " "Artistamigo Alumno del Cielo" PerformapalRevueDancer-MACR-SP-C-UE.png MACR-SP003  ( C ) " Performapal Revue Dancer " "Artistamigo Bailarín de Varieté" PerformapalUGoGolem-MACR-SP-R-UE.png MACR-SP004  ( R ) " Performapal U Go Golem " "Artistamigo U Go Gólem" PerformapalCoinDragon-MACR-SP-R-UE.png MACR-SP005  ( R ) " Performapal Coin Dragon " "Artistamigo Dragón de la Moneda" SpeedroidSkullMarbles-MACR-SP-C-UE.png MACR-SP006  ( C ) " Speedroid Skull Marbles " "Velociroid Canicas de Calavera" SpeedroidMaliciousmagnet-MACR-SP-C-UE.png MACR-SP007  ( C ) " Speedroid Maliciousmagnet " "Velociroid Magnetomaligno" SpeedroidRubberbandPlane-MACR-SP-R-UE.png MACR-SP008  ( R ) " Speedroid Rubberband Plane " "Velociroid Avión de Bandita Elástica" PredaplantOphrysScorpio-MACR-SP-R-UE.png MACR-SP009  ( R ) " Predaplant Ophrys Scorpio " "Predaplanta Ophrys Escorpión" PredaplantDarlingtoniaCobra-MACR-SP-C-UE.png MACR-SP010  ( C ) " Predaplant Darlingtonia Cobra " "Predaplanta Darlingtonia Cobra" PredaplantCordyceps-MACR-SP-C-UE.png MACR-SP011  ( C ) " Predaplant Cordyceps " "Predaplanta Cordyceps" LyriluscCobaltSparrow-MACR-SP-C-UE.png MACR-SP012  ( C ) " Lyrilusc - Cobalt Sparrow " "Lirilusc - Gorrión Cobalto" LyriluscSapphireSwallow-MACR-SP-C-UE.png MACR-SP013  ( C ) " Lyrilusc - Sapphire Swallow " "Lirilusc - Golondrina Zafiro" LyriluscTurquoiseWarbler-MACR-SP-C-UE.png MACR-SP014  ( C ) " Lyrilusc - Turquoise Warbler " "Lirilusc - Pájaro Cantor Turquesa" DDGhost-MACR-SP-C-UE.png MACR-SP015  ( C ) " D/D Ghost " "D/D Fantasma" DoubleResonator-MACR-SP-C-UE.png MACR-SP016  ( C ) " Double Resonator " "Resonador Doble" SupremeKingGateZero-MACR-SP-SR-UE.png MACR-SP017  ( SR ) " Supreme King Gate Zero " "Rey Supremo Puerta Cero" SupremeKingGateInfinity-MACR-SP-SR-UE.png MACR-SP018  ( SR ) " Supreme King Gate Infinity " "Rey Supremo Puerta Infinito" SupremeKingDragonDarkwurm-MACR-SP-C-UE.png MACR-SP019  ( C ) " Supreme King Dragon Darkwurm " "Rey Supremo Dragón Sierpeoscura" MajestyMaidentheTrueDracocaster-MACR-SP-UR-UE.png MACR-SP020  ( UR ) " Majesty Maiden, the True Dracocaster " "Moza de la Majestuosidad, la Verdadera Dracoinvocadora" IgnisHeattheTrueDracowarrior-MACR-SP-UR-UE.png MACR-SP021  ( UR ) " Ignis Heat, the True Dracowarrior " "Ignis Hoguera, el Verdadero Dracoguerrero" DinomightKnighttheTrueDracofighter-MACR-SP-UR-UE.png MACR-SP022  ( UR ) " Dinomight Knight, the True Dracofighter " "Dinomight Kaballero, el Verdadero Dracoluchador" DreiathIIItheTrueDracocavalryGeneral-MACR-SP-UR-UE.png MACR-SP023  ( UR ) " Dreiath III, the True Dracocavalry General " "Dreaiat III, el Verdadero Dracogeneral de Caballería" MasterPeacetheTrueDracoslayingKing-MACR-SP-ScR-UE.png MACR-SP024  ( ScR ) " Master Peace, the True Dracoslaying King " "Máster Peace, el Verdadero Dracoaniquilador Rey" MetaltronXIItheTrueDracombatant-MACR-SP-SR-UE.png MACR-SP025  ( SR ) " Metaltron XII, the True Dracombatant " "Metaltron XII, el Verdadero Dracocombatiente" MariamnetheTrueDracophoenix-MACR-SP-UR-UE.png MACR-SP026  ( UR ) " Mariamne, the True Dracophoenix " "Mariamne, la Verdadera Dracofénix" ZoodiacKataroost-MACR-SP-C-UE.png MACR-SP027  ( C ) " Zoodiac Kataroost " "Katargallo del Zoodíaco" PhantasmSpiralDragon-MACR-SP-R-UE.png MACR-SP028  ( R ) " Phantasm Spiral Dragon " "Dragón Fantasma Espiral" DigitalBugLEDybug-MACR-SP-C-UE.png MACR-SP029  ( C ) " Digital Bug LEDybug " "Bicho Digital CoccineLED" Zefraath-MACR-SP-SR-UE.png MACR-SP030  ( SR ) " Zefraath " "Zefraath" ArielPriestessoftheNekroz-MACR-SP-R-UE.png MACR-SP031  ( R ) " Ariel, Priestess of the Nekroz " "Ariel, Sacerdotisa de los Necroz" MACR-SP032  ( R ) " B.E.S. Big Core MK-3 " "B.E.S. Núcleo Grande MK-3" Pendulumucho-MACR-SP-SR-UE.png MACR-SP033  ( SR ) " Pendulumucho " "Péndulomucho" Baobaboon-MACR-SP-C-UE.png MACR-SP034  ( C ) " Baobaboon " "Baobabuino" FireCracker-MACR-SP-SP-UE.png MACR-SP035  ( SP ) " Fire Cracker " "Petardo" AshBlossomJoyousSpring-MACR-SP-ScR-UE.png MACR-SP036  ( ScR ) " Ash Blossom & Joyous Spring " "Flor de Ceniza & Primavera Feliz" FamiliarPossessedLyna-MACR-SP-SP-UE.png MACR-SP037  ( SP ) " Familiar-Possessed - Lyna " "Familiar Poseído de Lyna" FairyTailLuna-MACR-SP-SR-UE.png MACR-SP038  ( SR ) " Fairy Tail - Luna " "Colacuento - Luna" SupremeKingZARC-MACR-SP-ScR-UE.png MACR-SP039  ( ScR ) " Supreme King Z-ARC " "Rey Supremo Z-ARC" PerformapalGatlinghoul-MACR-SP-UR-UE.png MACR-SP040  ( UR ) " Performapal Gatlinghoul " "Artistamigo - Ametrallagul" LyriluscIndependentNightingale-MACR-SP-SR-UE.png MACR-SP041  ( SR ) " Lyrilusc - Independent Nightingale " "Lirilusc - Ruiseñor Independiente" ThePhantomKnightsofCursedJavelin-MACR-SP-SR-UE.png MACR-SP042  ( SR ) " The Phantom Knights of Cursed Javelin " "Los Caballeros Fantasma de la Javalina Maldita" LyriluscAssembledNightingale-MACR-SP-SR-UE.png MACR-SP043  ( SR ) " Lyrilusc - Assembled Nightingale " "Lirilusc - Ruiseñor Ensamblado" RaidraptorStrangerFalcon-MACR-SP-R-UE.png MACR-SP044  ( R ) " Raidraptor - Stranger Falcon " "Asaltorrapaz - Halcón Extraño" DDDStoneKingDarius-MACR-SP-R-UE.png MACR-SP045  ( R ) " D/D/D Stone King Darius " "D/D/D Darius, Rey de Piedra" TrueKingofAllCalamities-MACR-SP-SR-UE.png MACR-SP046  ( SR ) " True King of All Calamities " "Rey Verdadero de Todas las Calamidades" ZoodiacHammerkong-MACR-SP-C-UE.png MACR-SP047  ( C ) " Zoodiac Hammerkong " "Martillokong del Zoodíaco" ZoodiacChakanine-MACR-SP-UR-UE.png MACR-SP048  ( UR ) " Zoodiac Chakanine " "Chakanino del Zoodíaco" MagiciansRightHand-MACR-SP-C-UE.png MACR-SP049  ( C ) " Magician's Right Hand " "Mano Derecha del Mago" MagiciansLeftHand-MACR-SP-C-UE.png MACR-SP050  ( C ) " Magician's Left Hand " "Mano Izquierda del Mago" MagiciansRestage-MACR-SP-R-UE.png MACR-SP051  ( R ) " Magician's Restage " "Reanudación del Mago" UltraPolymerization-MACR-SP-ScR-UE.png MACR-SP052  ( ScR ) " Ultra Polymerization " "Ultra Polimerización" DragonicDiagram-MACR-SP-ScR-UE.png MACR-SP053  ( ScR ) " Dragonic Diagram " "Diagrama Dracónico" TrueDracoHeritage-MACR-SP-UR-UE.png MACR-SP054  ( UR ) " True Draco Heritage " "La Herencia del Verdadero Draco" DisciplesoftheTrueDracophoenix-MACR-SP-C-UE.png MACR-SP055  ( C ) " Disciples of the True Dracophoenix " "Discípulos de la Verdadera Dracofénix" PacifisthePhantasmCity-MACR-SP-R-UE.png MACR-SP056  ( R ) " Pacifis, the Phantasm City " "Pacifis, la Ciudad Fantasma" PhantasmSpiralCrash-MACR-SP-C-UE.png MACR-SP057  ( C ) " Phantasm Spiral Crash " "Choque del Fantasma Espiral" PhantasmSpiralGrip-MACR-SP-C-UE.png MACR-SP058  ( C ) " Phantasm Spiral Grip " "Agarre del Fantasma Espiral" PhantasmSpiralWave-MACR-SP-C-UE.png MACR-SP059  ( C ) " Phantasm Spiral Wave " "Ola del Fantasma Espiral" BugSignal-MACR-SP-C-UE.png MACR-SP060  ( C ) " Bug Signal " "Señal de Bicho" ZefraProvidence-MACR-SP-R-UE.png MACR-SP061  ( R ) " Zefra Providence " "Providencia Zefra" BEFZelos-MACR-SP-C-UE.png MACR-SP062  ( C ) " B.E.F. Zelos " "B.E.F. Zelos" DuelistAlliance-MACR-SP-ScR-UE.png MACR-SP063  ( ScR ) " Duelist Alliance " "Alianza de Duelistas" SetRotation-MACR-SP-SP-UE.png MACR-SP064  ( SP ) " Set Rotation " "Rotación del Equipo" BreakAway-MACR-SP-C-UE.png MACR-SP065  ( C ) " Break Away " "Separación" ThePhantomKnightsofLostVambrace-MACR-SP-C-UE.png MACR-SP066  ( C ) " The Phantom Knights of Lost Vambrace " "Los Caballeros Fantasma del Avanbrazo Perdido" ThePhantomKnightsofWrongMagnetring-MACR-SP-C-UE.png MACR-SP067  ( C ) " The Phantom Knights of Wrong Magnetring " "Los Caballeros Fantasma del Anillomagneto Erróneo" DarkContractwiththeEternalDarkness-MACR-SP-R-UE.png MACR-SP068  ( R ) " Dark Contract with the Eternal Darkness " "Contrato Oscuro con la Oscuridad Eterna" TrueKingsReturn-MACR-SP-UR-UE.png MACR-SP069  ( UR ) " True King's Return " "El Regreso del Rey Verdadero" TrueDracoApocalypse-MACR-SP-C-UE.png MACR-SP070  ( C ) " True Draco Apocalypse " "Apocalipsis del Verdadero Draco" ZoodiacGathering-MACR-SP-C-UE.png MACR-SP071  ( C ) " Zoodiac Gathering " "Reunión del Zoodíaco" PhantasmSpiralBattle-MACR-SP-R-UE.png MACR-SP072  ( R ) " Phantasm Spiral Battle " "Batalla del Fantasma Espiral" PhantasmSpiralPower-MACR-SP-C-UE.png MACR-SP073  ( C ) " Phantasm Spiral Power " "Poder del Fantasma Espiral" PhantasmSpiralAssault-MACR-SP-C-UE.png MACR-SP074  ( C ) " Phantasm Spiral Assault " "Asalto del Fantasma Espiral" PrologueoftheDestructionSwordsman-MACR-SP-C-UE.png MACR-SP075  ( C ) " Prologue of the Destruction Swordsman " "Prólogo del Esgrimista de la Espada de la Destrucción" DinomistsHowling-MACR-SP-C-UE.png MACR-SP076  ( C ) " Dinomists Howling " "Aullido Dinoniebla" ZefraWar-MACR-SP-C-UE.png MACR-SP077  ( C ) " Zefra War " "Guerra Zefra" WaterfallofDragonSouls-MACR-SP-SR-UE.png MACR-SP078  ( SR ) " Waterfall of Dragon Souls " "Cascada de Almas Dracónicas" UnendingNightmare-MACR-SP-ScR-UE.png MACR-SP079  ( ScR ) " Unending Nightmare " "Pesadilla Sin Fin" DiamondDuston-MACR-SP-SP-UE.png MACR-SP080  ( SP ) " Diamond Duston " "Particulines de Diamante" TornadoDragon-MACR-SP-ScR-UE.png MACR-SP081  ( ScR ) " Tornado Dragon " "Dragón Tornado" SubterrorFiendess-MACR-SP-SR-UE.png MACR-SP082  ( SR ) " Subterror Fiendess " "Chica Demonio del Subterror" SubterrorBehemothPhospheroglacier-MACR-SP-C-UE.png MACR-SP083  ( C ) " Subterror Behemoth Phospheroglacier " "Behemoth del Subterror Fosfoglacial" SubterrorBehemothSpeleogeist-MACR-SP-C-UE.png MACR-SP084  ( C ) " Subterror Behemoth Speleogeist " "Behemoth del Subterror Espeleogeist" SubterrorFinalBattle-MACR-SP-R-UE.png MACR-SP085  ( R ) " Subterror Final Battle " "Batalla Final del Subterror" SPYRALSleeper-MACR-SP-SR-UE.png MACR-SP086  ( SR ) " SPYRAL Sleeper " "Agente Encubierto E.S.P.I.R.A.L." SPYRALGEARLastResort-MACR-SP-R-UE.png MACR-SP087  ( R ) " SPYRAL GEAR - Last Resort " "MECANISMO E.S.P.I.R.A.L. - Último Resort" SPYRALGEARFullyArmed-MACR-SP-UR-UE.png MACR-SP088  ( UR ) " SPYRAL GEAR - Fully Armed " "MECANISMO E.S.P.I.R.A.L. - Armado Hasta los Dientes" SPYRALMISSIONRescue-MACR-SP-C-UE.png MACR-SP089  ( C ) " SPYRAL MISSION - Rescue " "MISIÓN E.S.P.I.R.A.L. - Rescate" GiftExchange-MACR-SP-C-UE.png MACR-SP090  ( C ) " Gift Exchange " "Intercambio de Regalos" KaiserSeaSnake-MACR-SP-C-UE.png MACR-SP091  ( C ) " Kaiser Sea Snake " "Serpiente de Mar Kaiser" BujinHiruko-MACR-SP-R-UE.png MACR-SP092  ( R ) " Bujin Hiruko " "Bujin Hiruko" SylvanPrincessprite-MACR-SP-SR-UE.png MACR-SP093  ( SR ) " Sylvan Princessprite " "Princesaduende Silvana" ArtifactVajra-MACR-SP-C-UE.png MACR-SP094  ( C ) " Artifact Vajra " "Artefacto Vajra" MildTurkey-MACR-SP-C-UE.png MACR-SP095  ( C ) " Mild Turkey " "Pavo Suave" GhostBeef-MACR-SP-C-UE.png MACR-SP096  ( C ) " Ghost Beef " "Res Fantasma" VennuBrightBirdofDivinity-MACR-SP-C-UE.png MACR-SP097  ( C ) " Vennu, Bright Bird of Divinity " "Vennu, el Pájaro Brillante de la Divinidad" PrimalCry-MACR-SP-C-UE.png MACR-SP098  ( C ) " Primal Cry " "Grito Primordial" Onikuji-MACR-SP-C-UE.png MACR-SP099  ( C ) " Onikuji " "Onikuji" 
 
 
 
 
Images: ['https://static.wikia.nocookie.net/yugioh/images/c/cd/BESBigCoreMK3-MACR-SP-R-UE.png/revision/latest/scale-to-width-down/118?cb=20171210141610', 'data:image/gif;base64,R0lGODlhAQABAIABAAAAAP///yH5BAEAAAEALAAAAAABAAEAQAICTAEAOw%3D%3D']
Categories: Spanish Set Card Galleries, Unlimited Edition Set Card Galleries