Link: https://yugioh.fandom.com/wiki/Set_Card_Galleries:Battle_Pack_2:_War_of_the_Giants_(TCG-IT-UE)


 
 TCG Galleries  -  OCG Galleries  -  DDM Galleries  -  Bandai Galleries 
 
 
 
 Boosters  -  Decks  -  Packs  -  Promotions 
 
 
 Battle Pack 2: War of the Giants Battle Pack 2: Guerra dei Giganti Italian - Unlimited Edition 
 
 
 
 LusterDragon-BP02-IT-C-UE.png BP02-IT001  ( C ) Luster Dragon Drago Avido GeneWarpedWarwolf-BP02-IT-C-UE.png BP02-IT002  ( C ) Gene-Warped Warwolf Lupo Geneticamente Modificato Frostosaurus-BP02-IT-R-UE.png BP02-IT003  ( R ) Frostosaurus Frostosaurus AlexandriteDragon-BP02-IT-C-UE.png BP02-IT004  ( C ) Alexandrite Dragon Drago di Alexandrite MagicianofFaith-BP02-IT-R-UE.png BP02-IT005  ( R ) Magician of Faith Mago della Fede MahaVailo-BP02-IT-C-UE.png BP02-IT006  ( C ) Maha Vailo Maha Vailo CyberJar-BP02-IT-R-UE.png BP02-IT007  ( R ) Cyber Jar Cyber Giara GoblinAttackForce-BP02-IT-C-UE.png BP02-IT008  ( C ) Goblin Attack Force Forza d'Attacco Goblin TheFiendMegacyber-BP02-IT-R-UE.png BP02-IT009  ( R ) The Fiend Megacyber Demone Megacyber RevivalJam-BP02-IT-C-UE.png BP02-IT010  ( C ) Revival Jam Gelatina Rianimata KycootheGhostDestroyer-BP02-IT-C-UE.png BP02-IT011  ( C ) Kycoo the Ghost Destroyer Kycoo il Distruttore di Spettri BazootheSoulEater-BP02-IT-C-UE.png BP02-IT012  ( C ) Bazoo the Soul-Eater Bazoo il Mangia-Anima Gilasaurus-BP02-IT-C-UE.png BP02-IT013  ( C ) Gilasaurus Gilasaurus ZombyratheDark-BP02-IT-C-UE.png BP02-IT014  ( C ) Zombyra the Dark Zombyra l'Oscuro SinisterSerpent-BP02-IT-C-UE.png BP02-IT015  ( C ) Sinister Serpent Serpente Sinistro AirknightParshath-BP02-IT-R-UE.png BP02-IT016  ( R ) Airknight Parshath Parshath Cavaliere Volante TwinHeadedBehemoth-BP02-IT-C-UE.png BP02-IT017  ( C ) Twin-Headed Behemoth Behemoth Bifronte InjectionFairyLily-BP02-IT-R-UE.png BP02-IT018  ( R ) Injection Fairy Lily Lily Iniezione Fatata HelpingRoboforCombat-BP02-IT-C-UE.png BP02-IT019  ( C ) Helping Robo for Combat Robot Soccorritore LittleWinguard-BP02-IT-C-UE.png BP02-IT020  ( C ) Little-Winguard Piccola-Guardialata DDWarriorLady-BP02-IT-R-UE.png BP02-IT021  ( R ) D.D. Warrior Lady Signora Guerriera D.D. Zolga-BP02-IT-C-UE.png BP02-IT022  ( C ) Zolga Zolga DarkMagicianofChaos-BP02-IT-R-UE.png BP02-IT023  ( R ) Dark Magician of Chaos Mago Nero del Chaos HyperHammerhead-BP02-IT-C-UE.png BP02-IT024  ( C ) Hyper Hammerhead Iper Testa-Martello MatazatheZapper-BP02-IT-C-UE.png BP02-IT025  ( C ) Mataza the Zapper Mataza l'Assassino Fulmineo GuardianAngelJoan-BP02-IT-R-UE.png BP02-IT026  ( R ) Guardian Angel Joan Joan Angelo Custode SlateWarrior-BP02-IT-R-UE.png BP02-IT027  ( R ) Slate Warrior Guerriero di Ardesia DDAssailant-BP02-IT-R-UE.png BP02-IT028  ( R ) D.D. Assailant Assalitore D.D. NinjaGrandmasterSasuke-BP02-IT-C-UE.png BP02-IT029  ( C ) Ninja Grandmaster Sasuke Sasuke Maestro Ninja PitchBlackWarwolf-BP02-IT-C-UE.png BP02-IT030  ( C ) Pitch-Black Warwolf Lupo da Guerra Nero-Pece MirageDragon-BP02-IT-C-UE.png BP02-IT031  ( C ) Mirage Dragon Drago Miraggio BigShieldGardna-BP02-IT-C-UE.png BP02-IT032  ( C ) Big Shield Gardna Grande Scudo Custode ToonGeminiElf-BP02-IT-C-UE.png BP02-IT033  ( C ) Toon Gemini Elf Elfi Gemelli Toon ChirontheMage-BP02-IT-C-UE.png BP02-IT034  ( C ) Chiron the Mage Chiron il Saggio AncientGearGolem-BP02-IT-R-UE.png BP02-IT035  ( R ) Ancient Gear Golem Golem-Ingranaggio Antico Gyroid-BP02-IT-C-UE.png BP02-IT036  ( C ) Gyroid Gyroid Steamroid-BP02-IT-C-UE.png BP02-IT037  ( C ) Steamroid Steamroid Drillroid-BP02-IT-C-UE.png BP02-IT038  ( C ) Drillroid Drillroid CyberDragon-BP02-IT-C-UE.png BP02-IT039  ( C ) Cyber Dragon Cyber Drago GoblinEliteAttackForce-BP02-IT-C-UE.png BP02-IT040  ( C ) Goblin Elite Attack Force Forza d'Attacco Goblin d'Elite ExarionUniverse-BP02-IT-C-UE.png BP02-IT041  ( C ) Exarion Universe Universo Exarion MythicalBeastCerberus-BP02-IT-C-UE.png BP02-IT042  ( C ) Mythical Beast Cerberus Cerbero Mitica Bestia TreebornFrog-BP02-IT-C-UE.png BP02-IT043  ( C ) Treeborn Frog RANA degli Alberi Submarineroid-BP02-IT-C-UE.png BP02-IT044  ( C ) Submarineroid Submarineroid UltimateTyranno-BP02-IT-R-UE.png BP02-IT045  ( R ) Ultimate Tyranno Tirannosauro Finale SuperConductorTyranno-BP02-IT-R-UE.png BP02-IT046  ( R ) Super Conductor Tyranno Tiranno Super Conduttore BrainCrusher-BP02-IT-R-UE.png BP02-IT047  ( R ) Brain Crusher Schiaccia-Cervello CardTrooper-BP02-IT-C-UE.png BP02-IT048  ( C ) Card Trooper Truppa della Carta Blockman-BP02-IT-C-UE.png BP02-IT049  ( C ) Blockman Blockman SpellStriker-BP02-IT-C-UE.png BP02-IT050  ( C ) Spell Striker Assaltatore Magico WingedRhynos-BP02-IT-C-UE.png BP02-IT051  ( C ) Winged Rhynos Rino-Alato NecroGardna-BP02-IT-C-UE.png BP02-IT052  ( C ) Necro Gardna Sentinella Necro HeraldofCreation-BP02-IT-C-UE.png BP02-IT053  ( C ) Herald of Creation Profeta della Creazione EvilHEROMaliciousEdge-BP02-IT-R-UE.png BP02-IT054  ( R ) Evil HERO Malicious Edge Malicious Edge EROE Malvagio Truckroid-BP02-IT-R-UE.png BP02-IT055  ( R ) Truckroid Truckroid AncientGearKnight-BP02-IT-C-UE.png BP02-IT056  ( C ) Ancient Gear Knight Cavaliere-Ingranaggio Antico DragonIce-BP02-IT-C-UE.png BP02-IT057  ( C ) Dragon Ice Drago di Ghiaccio Copycat-BP02-IT-C-UE.png BP02-IT058  ( C ) Copycat Copiatore CyberValley-BP02-IT-R-UE.png BP02-IT059  ( R ) Cyber Valley Cyber Naga DarklordZerato-BP02-IT-R-UE.png BP02-IT060  ( R ) Darklord Zerato Zerato, Signore Oscuro BelialMarquisofDarkness-BP02-IT-R-UE.png BP02-IT061  ( R ) Belial - Marquis of Darkness Belial, Marchese dell'Oscurità DoomcaliberKnight-BP02-IT-C-UE.png BP02-IT062  ( C ) Doomcaliber Knight Cavaliere della Scoperta del Teschio ExodiustheUltimateForbiddenLord-BP02-IT-C-UE.png BP02-IT063  ( C ) Exodius the Ultimate Forbidden Lord Exodius, Il Signore Proibito Finale DarkValkyria-BP02-IT-R-UE.png BP02-IT064  ( R ) Dark Valkyria Valkyria Oscura PhantomDragon-BP02-IT-R-UE.png BP02-IT065  ( R ) Phantom Dragon Drago Fantasma ShieldWarrior-BP02-IT-C-UE.png BP02-IT066  ( C ) Shield Warrior Guerriero Scudo DarkResonator-BP02-IT-C-UE.png BP02-IT067  ( C ) Dark Resonator Diapason Oscuro Krebons-BP02-IT-R-UE.png BP02-IT068  ( R ) Krebons Krebons TheTricky-BP02-IT-C-UE.png BP02-IT069  ( C ) The Tricky L'Ingannatore SplendidVenus-BP02-IT-R-UE.png BP02-IT070  ( R ) Splendid Venus Venere Splendida PlaguespreaderZombie-BP02-IT-C-UE.png BP02-IT071  ( C ) Plaguespreader Zombie Zombie Untore MachineLordÜr-BP02-IT-C-UE.png BP02-IT072  ( C ) Machine Lord Ür Ür Signore delle Macchine MosaicManticore-BP02-IT-R-UE.png BP02-IT073  ( R ) Mosaic Manticore Manticora Mosaico BotanicalLion-BP02-IT-C-UE.png BP02-IT074  ( C ) Botanical Lion Leone Botanico BlizzardDragon-BP02-IT-C-UE.png BP02-IT075  ( C ) Blizzard Dragon Drago Tempesta DesMosquito-BP02-IT-C-UE.png BP02-IT076  ( C ) Des Mosquito Zanzara Des Dandylion-BP02-IT-C-UE.png BP02-IT077  ( C ) Dandylion Dente di Leone FortressWarrior-BP02-IT-C-UE.png BP02-IT078  ( C ) Fortress Warrior Guerriero Fortezza TwinSwordMarauder-BP02-IT-C-UE.png BP02-IT079  ( C ) Twin-Sword Marauder Predone Doppia-Spada BeastKingBarbaros-BP02-IT-R-UE.png BP02-IT080  ( R ) Beast King Barbaros Re Bestia Barbaros HedgeGuard-BP02-IT-C-UE.png BP02-IT081  ( C ) Hedge Guard Siepe Guardiana CardGuard-BP02-IT-C-UE.png BP02-IT082  ( C ) Card Guard Guardia della Carta WhiteNightDragon-BP02-IT-R-UE.png BP02-IT083  ( R ) White Night Dragon Drago Notte Bianca BeastMachineKingBarbarosÜr-BP02-IT-R-UE.png BP02-IT084  ( R ) Beast Machine King Barbaros Ür Barbaros Ür, Re delle Bestie Macchina EvocatorChevalier-BP02-IT-C-UE.png BP02-IT085  ( C ) Evocator Chevalier Cavaliere Evocatore BattleFader-BP02-IT-C-UE.png BP02-IT086  ( C ) Battle Fader Dissolvitore da Battaglia OracleoftheSun-BP02-IT-C-UE.png BP02-IT087  ( C ) Oracle of the Sun Oracolo del Sole SamuraioftheIceBarrier-BP02-IT-C-UE.png BP02-IT088  ( C ) Samurai of the Ice Barrier Samurai della Barriera di Ghiaccio JurracTitano-BP02-IT-R-UE.png BP02-IT089  ( R ) Jurrac Titano Jurrac Titano DarklordDesire-BP02-IT-R-UE.png BP02-IT090  ( R ) Darklord Desire Signore Oscuro Desire PowerGiant-BP02-IT-C-UE.png BP02-IT091  ( C ) Power Giant Gigante Potente AnarchistMonkRanshin-BP02-IT-C-UE.png BP02-IT092  ( C ) Anarchist Monk Ranshin Monaco Anarchico Ranshin ApeFighter-BP02-IT-C-UE.png BP02-IT093  ( C ) Ape Fighter Scimmione Lottatore TanngrisniroftheNordicBeasts-BP02-IT-C-UE.png BP02-IT094  ( C ) Tanngrisnir of the Nordic Beasts Tanngrisnir delle Bestie Nordic ChaosHunter-BP02-IT-R-UE.png BP02-IT095  ( R ) Chaos Hunter Cacciatore del Chaos AxeDragonute-BP02-IT-C-UE.png BP02-IT096  ( C ) Axe Dragonute Dragonute Ascia VylonSoldier-BP02-IT-C-UE.png BP02-IT097  ( C ) Vylon Soldier Vylon Soldato BlackwingZephyrostheElite-BP02-IT-C-UE.png BP02-IT098  ( C ) Blackwing - Zephyros the Elite Alanera - Zephyros l'Elite ZubabaKnight-BP02-IT-C-UE.png BP02-IT099  ( C ) Zubaba Knight Cavaliere Zubaba GogogoGolem-BP02-IT-C-UE.png BP02-IT100  ( C ) Gogogo Golem Golem Gogogo NeedleSunfish-BP02-IT-C-UE.png BP02-IT101  ( C ) Needle Sunfish Pesceluna Ago Shocktopus-BP02-IT-C-UE.png BP02-IT102  ( C ) Shocktopus Shocktopus PhotonThrasher-BP02-IT-C-UE.png BP02-IT103  ( C ) Photon Thrasher Distruttore Fotonico InterplanetarypurplythornyDragon-BP02-IT-C-UE.png BP02-IT104  ( C ) Interplanetarypurplythorny Dragon Drago Interplanetarioporporaspinoso TourBusFromtheUnderworld-BP02-IT-C-UE.png BP02-IT105  ( C ) Tour Bus From the Underworld Bus Tour del Mondo Sotterraneo VylonTetra-BP02-IT-C-UE.png BP02-IT106  ( C ) Vylon Tetra Vylon Tetra VylonStella-BP02-IT-C-UE.png BP02-IT107  ( C ) Vylon Stella Vylon Stella VylonPrism-BP02-IT-C-UE.png BP02-IT108  ( C ) Vylon Prism Vylon Prisma PhotonWyvern-BP02-IT-R-UE.png BP02-IT109  ( R ) Photon Wyvern Viverna Fotonica TasukeKnight-BP02-IT-C-UE.png BP02-IT110  ( C ) Tasuke Knight Cavaliere Tasuke GagagaGardna-BP02-IT-C-UE.png BP02-IT111  ( C ) Gagaga Gardna Gardna Gagaga CardcarD-BP02-IT-R-UE.png BP02-IT112  ( R ) Cardcar D Cartauto D FlameTiger-BP02-IT-C-UE.png BP02-IT113  ( C ) Flame Tiger Tigre di Fuoco TardyOrc-BP02-IT-C-UE.png BP02-IT114  ( C ) Tardy Orc Orco Ritardatario BullBlader-BP02-IT-R-UE.png BP02-IT115  ( R ) Bull Blader Toro delle Lame SolarWindJammer-BP02-IT-C-UE.png BP02-IT116  ( C ) Solar Wind Jammer Disturbo Vento Solare MermailAbyssmegalo-BP02-IT-R-UE.png BP02-IT117  ( R ) Mermail Abyssmegalo Sirenide Abissmegalo DododoBot-BP02-IT-C-UE.png BP02-IT118  ( C ) Dododo Bot Bot Dododo BaconSaver-BP02-IT-C-UE.png BP02-IT119  ( C ) Bacon Saver Salva Bacon Amarylease-BP02-IT-C-UE.png BP02-IT120  ( C ) Amarylease Amarylease HyperAncientSharkMegalodon-BP02-IT-R-UE.png BP02-IT121  ( R ) Hyper-Ancient Shark Megalodon Squalo Megalodonte Super-Antico PyrotechMechShiryu-BP02-IT-R-UE.png BP02-IT122  ( R ) Pyrotech Mech - Shiryu Shiryu - Mech Pirotecnico AyeIron-BP02-IT-C-UE.png BP02-IT123  ( C ) Aye-Iron Aye di Ferro MechaPhantomBeastHamstrat-BP02-IT-C-UE.png BP02-IT124  ( C ) Mecha Phantom Beast Hamstrat Bestia Fantasma Meccanica Stratocriceto MonsterReborn-BP02-IT-R-UE.png BP02-IT128  ( R ) Monster Reborn Mostro Resuscitato PotofGreed-BP02-IT-R-UE.png BP02-IT129  ( R ) Pot of Greed Anfora dell'Avidità ShieldSword-BP02-IT-C-UE.png BP02-IT130  ( C ) Shield & Sword Scudo e Spada AxeofDespair-BP02-IT-C-UE.png BP02-IT131  ( C ) Axe of Despair Ascia di Distruzione MalevolentNuzzler-BP02-IT-C-UE.png BP02-IT132  ( C ) Malevolent Nuzzler Nuzzler Malevolo RushRecklessly-BP02-IT-C-UE.png BP02-IT133  ( C ) Rush Recklessly Corsa Avventata HornoftheUnicorn-BP02-IT-C-UE.png BP02-IT134  ( C ) Horn of the Unicorn Corno dell'Unicorno PrematureBurial-BP02-IT-R-UE.png BP02-IT135  ( R ) Premature Burial Sepoltura Prematura Scapegoat-BP02-IT-C-UE.png BP02-IT136  ( C ) Scapegoat Capro Espiatorio GracefulCharity-BP02-IT-R-UE.png BP02-IT137  ( R ) Graceful Charity Carità Graziosa BookofMoon-BP02-IT-C-UE.png BP02-IT138  ( C ) Book of Moon Libro della Luna Reasoning-BP02-IT-C-UE.png BP02-IT139  ( C ) Reasoning Ragionando AutonomousActionUnit-BP02-IT-C-UE.png BP02-IT140  ( C ) Autonomous Action Unit Unità d'Azione Autonoma BigBangShot-BP02-IT-C-UE.png BP02-IT141  ( C ) Big Bang Shot Colpo Big-Bang Riryoku-BP02-IT-C-UE.png BP02-IT142  ( C ) Riryoku Riryoku GravityAxeGrarl-BP02-IT-C-UE.png BP02-IT143  ( C ) Gravity Axe - Grarl Ascia Gravitazionale - Grarl EnemyController-BP02-IT-C-UE.png BP02-IT144  ( C ) Enemy Controller Controlla-Avversario Earthquake-BP02-IT-C-UE.png BP02-IT145  ( C ) Earthquake Terremoto Shrink-BP02-IT-C-UE.png BP02-IT146  ( C ) Shrink Rimpicciolire SwordsofConcealingLight-BP02-IT-C-UE.png BP02-IT147  ( C ) Swords of Concealing Light Spade Mistificatrici NightmaresSteelcage-BP02-IT-C-UE.png BP02-IT148  ( C ) Nightmare's Steelcage Gabbia d'Acciaio dell'Incubo MausoleumoftheEmperor-BP02-IT-C-UE.png BP02-IT149  ( C ) Mausoleum of the Emperor Mausoleo dell'Imperatore CardTrader-BP02-IT-R-UE.png BP02-IT150  ( R ) Card Trader Commerciante di Carte FiendsSanctuary-BP02-IT-C-UE.png BP02-IT151  ( C ) Fiend's Sanctuary Santuario del Demone UnionAttack-BP02-IT-C-UE.png BP02-IT152  ( C ) Union Attack Attacco Unione FightingSpirit-BP02-IT-C-UE.png BP02-IT153  ( C ) Fighting Spirit Spirito Combattente StarBlast-BP02-IT-C-UE.png BP02-IT154  ( C ) Star Blast Colpo Stellare ForbiddenChalice-BP02-IT-C-UE.png BP02-IT155  ( C ) Forbidden Chalice Calice Proibito ReptilianneRage-BP02-IT-C-UE.png BP02-IT156  ( C ) Reptilianne Rage Rabbia Rettiliana RocketPilder-BP02-IT-C-UE.png BP02-IT157  ( C ) Rocket Pilder Pilder Razzo HalfShut-BP02-IT-C-UE.png BP02-IT158  ( C ) Half Shut Mezza Chiusura CursedArmaments-BP02-IT-C-UE.png BP02-IT159  ( C ) Cursed Armaments Armamenti Maledetti PotofDuality-BP02-IT-R-UE.png BP02-IT160  ( R ) Pot of Duality Giara della Dualità AxeofFools-BP02-IT-C-UE.png BP02-IT161  ( C ) Axe of Fools Ascia dei Folli ForbiddenLance-BP02-IT-C-UE.png BP02-IT162  ( C ) Forbidden Lance Lancia Proibita BlusteringWinds-BP02-IT-C-UE.png BP02-IT163  ( C ) Blustering Winds Venti di Bufera EgoBoost-BP02-IT-C-UE.png BP02-IT164  ( C ) Ego Boost Potenziamento dell'Ego ShardofGreed-BP02-IT-R-UE.png BP02-IT165  ( R ) Shard of Greed Scheggia dell'Avidità FullForceStrike-BP02-IT-R-UE.png BP02-IT166  ( R ) Full-Force Strike Colpo a Piena Potenza PhotonSanctuary-BP02-IT-C-UE.png BP02-IT167  ( C ) Photon Sanctuary Santuario Fotonico ForbiddenDress-BP02-IT-C-UE.png BP02-IT168  ( C ) Forbidden Dress Abito Proibito ReverseTrap-BP02-IT-C-UE.png BP02-IT169  ( C ) Reverse Trap Inverti Trappola Waboku-BP02-IT-C-UE.png BP02-IT170  ( C ) Waboku Waboku CalloftheHaunted-BP02-IT-R-UE.png BP02-IT171  ( R ) Call of the Haunted Richiamo del Posseduto MirrorWall-BP02-IT-C-UE.png BP02-IT172  ( C ) Mirror Wall Muro a Specchio Metalmorph-BP02-IT-C-UE.png BP02-IT173  ( C ) Metalmorph Metalmorph MaskofWeakness-BP02-IT-C-UE.png BP02-IT174  ( C ) Mask of Weakness Maschera della Debolezza RecklessGreed-BP02-IT-R-UE.png BP02-IT175  ( R ) Reckless Greed Cupidigia Insaziabile RopeofLife-BP02-IT-C-UE.png BP02-IT176  ( C ) Rope of Life Fune della Vita WindstormofEtaqua-BP02-IT-C-UE.png BP02-IT177  ( C ) Windstorm of Etaqua Windstorm of Etaqua ZeroGravity-BP02-IT-C-UE.png BP02-IT178  ( C ) Zero Gravity Assenza di Gravità AHeroEmerges-BP02-IT-C-UE.png BP02-IT179  ( C ) A Hero Emerges Emerge un Eroe EmbodimentofApophis-BP02-IT-C-UE.png BP02-IT180  ( C ) Embodiment of Apophis Incarnazione di Apophis DrainingShield-BP02-IT-C-UE.png BP02-IT181  ( C ) Draining Shield Scudo Prosciugante CurseofAnubis-BP02-IT-C-UE.png BP02-IT182  ( C ) Curse of Anubis Maledizione di Anubis LabyrinthofNightmare-BP02-IT-C-UE.png BP02-IT183  ( C ) Labyrinth of Nightmare Labirinto dell'Incubo ThreateningRoar-BP02-IT-C-UE.png BP02-IT184  ( C ) Threatening Roar Ruggito Minaccioso RisingEnergy-BP02-IT-C-UE.png BP02-IT185  ( C ) Rising Energy Energia Ascendente MagicalArmShield-BP02-IT-C-UE.png BP02-IT186  ( C ) Magical Arm Shield Scudo da Braccio Magico ShatteredAxe-BP02-IT-C-UE.png BP02-IT187  ( C ) Shattered Axe Ascia Frantumata StrongholdtheMovingFortress-BP02-IT-C-UE.png BP02-IT188  ( C ) Stronghold the Moving Fortress Roccaforte della Fortezza Movente StrikeSlash-BP02-IT-C-UE.png BP02-IT189  ( C ) Strike Slash Colpo di Taglio NoEntry-BP02-IT-C-UE.png BP02-IT190  ( C ) No Entry!! Ingresso Vietato! Cloning-BP02-IT-C-UE.png BP02-IT191  ( C ) Cloning Clonazione SinisterSeeds-BP02-IT-C-UE.png BP02-IT192  ( C ) Sinister Seeds Semi del Male MetalReflectSlime-BP02-IT-C-UE.png BP02-IT193  ( C ) Metal Reflect Slime Poltiglia Rifletti-Metalli ZomatheSpirit-BP02-IT-C-UE.png BP02-IT194  ( C ) Zoma the Spirit Teschio di Zoma Miniaturize-BP02-IT-C-UE.png BP02-IT195  ( C ) Miniaturize Miniaturizzatore Spacegate-BP02-IT-C-UE.png BP02-IT196  ( C ) Spacegate Portale Spaziale Overworked-BP02-IT-C-UE.png BP02-IT197  ( C ) Overworked Eccesso di Lavoro KunaiwithChain-BP02-IT-C-UE.png BP02-IT198  ( C ) Kunai with Chain Kunai con Catena PridefulRoar-BP02-IT-C-UE.png BP02-IT199  ( C ) Prideful Roar Ruggito Orgoglioso TimeMachine-BP02-IT-C-UE.png BP02-IT200  ( C ) Time Machine Macchina del Tempo HalforNothing-BP02-IT-C-UE.png BP02-IT201  ( C ) Half or Nothing Metà o Niente MiracleLocus-BP02-IT-C-UE.png BP02-IT202  ( C ) Miracle Locus Collocazione Miracolosa SkillSuccessor-BP02-IT-C-UE.png BP02-IT203  ( C ) Skill Successor Successore di Abilità PowerFrame-BP02-IT-C-UE.png BP02-IT204  ( C ) Power Frame Struttura del Potere DamageGate-BP02-IT-C-UE.png BP02-IT205  ( C ) Damage Gate Cancello del Danno MiraclesWake-BP02-IT-C-UE.png BP02-IT206  ( C ) Miracle's Wake Risveglio del Miracolo HalfCounter-BP02-IT-C-UE.png BP02-IT207  ( C ) Half Counter Mezzo Contrasto TheGoldenApples-BP02-IT-R-UE.png BP02-IT208  ( R ) The Golden Apples Le Mele d'Oro TikiCurse-BP02-IT-C-UE.png BP02-IT209  ( C ) Tiki Curse Maledizione del Tiki TikiSoul-BP02-IT-C-UE.png BP02-IT210  ( C ) Tiki Soul Anima del Tiki ImpenetrableAttack-BP02-IT-C-UE.png BP02-IT211  ( C ) Impenetrable Attack Attacco Impenetrabile MemoryofanAdversary-BP02-IT-R-UE.png BP02-IT212  ( R ) Memory of an Adversary Ricordo di un Nemico DimensionGate-BP02-IT-C-UE.png BP02-IT213  ( C ) Dimension Gate Cancello Dimensionale SpikeshieldwithChain-BP02-IT-R-UE.png BP02-IT214  ( R ) Spikeshield with Chain Scudopunta con Catena BreakthroughSkill-BP02-IT-C-UE.png BP02-IT215  ( C ) Breakthrough Skill Abilità Risolutiva 
 
 
 Mosaic Rares
 
 
 
 LusterDragon-BP02-IT-MSR-UE.png BP02-IT001  ( MSR ) Luster Dragon Drago Avido GeneWarpedWarwolf-BP02-IT-MSR-UE.png BP02-IT002  ( MSR ) Gene-Warped Warwolf Lupo Geneticamente Modificato Frostosaurus-BP02-IT-MSR-UE.png BP02-IT003  ( MSR ) Frostosaurus Frostosaurus AlexandriteDragon-BP02-IT-MSR-UE.png BP02-IT004  ( MSR ) Alexandrite Dragon Drago di Alexandrite MagicianofFaith-BP02-IT-MSR-UE.png BP02-IT005  ( MSR ) Magician of Faith Mago della Fede MahaVailo-BP02-IT-MSR-UE.png BP02-IT006  ( MSR ) Maha Vailo Maha Vailo CyberJar-BP02-IT-MSR-UE.png BP02-IT007  ( MSR ) Cyber Jar Cyber Giara GoblinAttackForce-BP02-IT-MSR-UE.png BP02-IT008  ( MSR ) Goblin Attack Force Forza d'Attacco Goblin TheFiendMegacyber-BP02-IT-MSR-UE.png BP02-IT009  ( MSR ) The Fiend Megacyber Demone Megacyber RevivalJam-BP02-IT-MSR-UE.png BP02-IT010  ( MSR ) Revival Jam Gelatina Rianimata KycootheGhostDestroyer-BP02-IT-MSR-UE.png BP02-IT011  ( MSR ) Kycoo the Ghost Destroyer Kycoo il Distruttore di Spettri BazootheSoulEater-BP02-IT-MSR-UE.png BP02-IT012  ( MSR ) Bazoo the Soul-Eater Bazoo il Mangia-Anima Gilasaurus-BP02-IT-MSR-UE.png BP02-IT013  ( MSR ) Gilasaurus Gilasaurus ZombyratheDark-BP02-IT-MSR-UE.png BP02-IT014  ( MSR ) Zombyra the Dark Zombyra l'Oscuro SinisterSerpent-BP02-IT-MSR-UE.png BP02-IT015  ( MSR ) Sinister Serpent Serpente Sinistro AirknightParshath-BP02-IT-MSR-UE.png BP02-IT016  ( MSR ) Airknight Parshath Parshath Cavaliere Volante TwinHeadedBehemoth-BP02-IT-MSR-UE.png BP02-IT017  ( MSR ) Twin-Headed Behemoth Behemoth Bifronte InjectionFairyLily-BP02-IT-MSR-UE.png BP02-IT018  ( MSR ) Injection Fairy Lily Lily Iniezione Fatata HelpingRoboforCombat-BP02-IT-MSR-UE.png BP02-IT019  ( MSR ) Helping Robo for Combat Robot Soccorritore LittleWinguard-BP02-IT-MSR-UE.png BP02-IT020  ( MSR ) Little-Winguard Piccola-Guardialata DDWarriorLady-BP02-IT-MSR-UE.png BP02-IT021  ( MSR ) D.D. Warrior Lady Signora Guerriera D.D. Zolga-BP02-IT-MSR-UE.png BP02-IT022  ( MSR ) Zolga Zolga DarkMagicianofChaos-BP02-IT-MSR-UE.png BP02-IT023  ( MSR ) Dark Magician of Chaos Mago Nero del Chaos HyperHammerhead-BP02-IT-MSR-UE.png BP02-IT024  ( MSR ) Hyper Hammerhead Iper Testa-Martello MatazatheZapper-BP02-IT-MSR-UE.png BP02-IT025  ( MSR ) Mataza the Zapper Mataza l'Assassino Fulmineo GuardianAngelJoan-BP02-IT-MSR-UE.png BP02-IT026  ( MSR ) Guardian Angel Joan Joan Angelo Custode SlateWarrior-BP02-IT-MSR-UE.png BP02-IT027  ( MSR ) Slate Warrior Guerriero di Ardesia DDAssailant-BP02-IT-MSR-UE.png BP02-IT028  ( MSR ) D.D. Assailant Assalitore D.D. NinjaGrandmasterSasuke-BP02-IT-MSR-UE.png BP02-IT029  ( MSR ) Ninja Grandmaster Sasuke Sasuke Maestro Ninja PitchBlackWarwolf-BP02-IT-MSR-UE.png BP02-IT030  ( MSR ) Pitch-Black Warwolf Lupo da Guerra Nero-Pece MirageDragon-BP02-IT-MSR-UE.png BP02-IT031  ( MSR ) Mirage Dragon Drago Miraggio BigShieldGardna-BP02-IT-MSR-UE.png BP02-IT032  ( MSR ) Big Shield Gardna Grande Scudo Custode ToonGeminiElf-BP02-IT-MSR-UE.png BP02-IT033  ( MSR ) Toon Gemini Elf Elfi Gemelli Toon ChirontheMage-BP02-IT-MSR-UE.png BP02-IT034  ( MSR ) Chiron the Mage Chiron il Saggio AncientGearGolem-BP02-IT-MSR-UE.png BP02-IT035  ( MSR ) Ancient Gear Golem Golem-Ingranaggio Antico Gyroid-BP02-IT-MSR-UE.png BP02-IT036  ( MSR ) Gyroid Gyroid Steamroid-BP02-IT-MSR-UE.png BP02-IT037  ( MSR ) Steamroid Steamroid Drillroid-BP02-IT-MSR-UE.png BP02-IT038  ( MSR ) Drillroid Drillroid CyberDragon-BP02-IT-MSR-UE.png BP02-IT039  ( MSR ) Cyber Dragon Cyber Drago GoblinEliteAttackForce-BP02-IT-MSR-UE.png BP02-IT040  ( MSR ) Goblin Elite Attack Force Forza d'Attacco Goblin d'Elite ExarionUniverse-BP02-IT-MSR-UE.png BP02-IT041  ( MSR ) Exarion Universe Universo Exarion MythicalBeastCerberus-BP02-IT-MSR-UE.png BP02-IT042  ( MSR ) Mythical Beast Cerberus Cerbero Mitica Bestia TreebornFrog-BP02-IT-MSR-UE.png BP02-IT043  ( MSR ) Treeborn Frog RANA degli Alberi Submarineroid-BP02-IT-MSR-UE.png BP02-IT044  ( MSR ) Submarineroid Submarineroid UltimateTyranno-BP02-IT-MSR-UE.png BP02-IT045  ( MSR ) Ultimate Tyranno Tirannosauro Finale SuperConductorTyranno-BP02-IT-MSR-UE.png BP02-IT046  ( MSR ) Super Conductor Tyranno Tiranno Super Conduttore BrainCrusher-BP02-IT-MSR-UE.png BP02-IT047  ( MSR ) Brain Crusher Schiaccia-Cervello CardTrooper-BP02-IT-MSR-UE.png BP02-IT048  ( MSR ) Card Trooper Truppa della Carta Blockman-BP02-IT-MSR-UE.png BP02-IT049  ( MSR ) Blockman Blockman SpellStriker-BP02-IT-MSR-UE.png BP02-IT050  ( MSR ) Spell Striker Assaltatore Magico WingedRhynos-BP02-IT-MSR-UE.png BP02-IT051  ( MSR ) Winged Rhynos Rino-Alato NecroGardna-BP02-IT-MSR-UE.png BP02-IT052  ( MSR ) Necro Gardna Sentinella Necro HeraldofCreation-BP02-IT-MSR-UE.png BP02-IT053  ( MSR ) Herald of Creation Profeta della Creazione EvilHEROMaliciousEdge-BP02-IT-MSR-UE.png BP02-IT054  ( MSR ) Evil HERO Malicious Edge Malicious Edge EROE Malvagio Truckroid-BP02-IT-MSR-UE.png BP02-IT055  ( MSR ) Truckroid Truckroid AncientGearKnight-BP02-IT-MSR-UE.png BP02-IT056  ( MSR ) Ancient Gear Knight Cavaliere-Ingranaggio Antico DragonIce-BP02-IT-MSR-UE.png BP02-IT057  ( MSR ) Dragon Ice Drago di Ghiaccio Copycat-BP02-IT-MSR-UE.png BP02-IT058  ( MSR ) Copycat Copiatore CyberValley-BP02-IT-MSR-UE.png BP02-IT059  ( MSR ) Cyber Valley Cyber Naga DarklordZerato-BP02-IT-MSR-UE.png BP02-IT060  ( MSR ) Darklord Zerato Zerato, Signore Oscuro BelialMarquisofDarkness-BP02-IT-MSR-UE.png BP02-IT061  ( MSR ) Belial - Marquis of Darkness Belial, Marchese dell'Oscurità DoomcaliberKnight-BP02-IT-MSR-UE.png BP02-IT062  ( MSR ) Doomcaliber Knight Cavaliere della Scoperta del Teschio ExodiustheUltimateForbiddenLord-BP02-IT-MSR-UE.png BP02-IT063  ( MSR ) Exodius the Ultimate Forbidden Lord Exodius, Il Signore Proibito Finale DarkValkyria-BP02-IT-MSR-UE.png BP02-IT064  ( MSR ) Dark Valkyria Valkyria Oscura PhantomDragon-BP02-IT-MSR-UE.png BP02-IT065  ( MSR ) Phantom Dragon Drago Fantasma ShieldWarrior-BP02-IT-MSR-UE.png BP02-IT066  ( MSR ) Shield Warrior Guerriero Scudo DarkResonator-BP02-IT-MSR-UE.png BP02-IT067  ( MSR ) Dark Resonator Diapason Oscuro Krebons-BP02-IT-MSR-UE.png BP02-IT068  ( MSR ) Krebons Krebons TheTricky-BP02-IT-MSR-UE.png BP02-IT069  ( MSR ) The Tricky L'Ingannatore SplendidVenus-BP02-IT-MSR-UE.png BP02-IT070  ( MSR ) Splendid Venus Venere Splendida PlaguespreaderZombie-BP02-IT-MSR-UE.png BP02-IT071  ( MSR ) Plaguespreader Zombie Zombie Untore MachineLordÜr-BP02-IT-MSR-UE.png BP02-IT072  ( MSR ) Machine Lord Ür Ür Signore delle Macchine MosaicManticore-BP02-IT-MSR-UE.png BP02-IT073  ( MSR ) Mosaic Manticore Manticora Mosaico BotanicalLion-BP02-IT-MSR-UE.png BP02-IT074  ( MSR ) Botanical Lion Leone Botanico BlizzardDragon-BP02-IT-MSR-UE.png BP02-IT075  ( MSR ) Blizzard Dragon Drago Tempesta DesMosquito-BP02-IT-MSR-UE.png BP02-IT076  ( MSR ) Des Mosquito Zanzara Des Dandylion-BP02-IT-MSR-UE.png BP02-IT077  ( MSR ) Dandylion Dente di Leone FortressWarrior-BP02-IT-MSR-UE.png BP02-IT078  ( MSR ) Fortress Warrior Guerriero Fortezza TwinSwordMarauder-BP02-IT-MSR-UE.png BP02-IT079  ( MSR ) Twin-Sword Marauder Predone Doppia-Spada BeastKingBarbaros-BP02-IT-MSR-UE.png BP02-IT080  ( MSR ) Beast King Barbaros Re Bestia Barbaros HedgeGuard-BP02-IT-MSR-UE.png BP02-IT081  ( MSR ) Hedge Guard Siepe Guardiana CardGuard-BP02-IT-MSR-UE.png BP02-IT082  ( MSR ) Card Guard Guardia della Carta WhiteNightDragon-BP02-IT-MSR-UE.png BP02-IT083  ( MSR ) White Night Dragon Drago Notte Bianca BeastMachineKingBarbarosÜr-BP02-IT-MSR-UE.png BP02-IT084  ( MSR ) Beast Machine King Barbaros Ür Barbaros Ür, Re delle Bestie Macchina EvocatorChevalier-BP02-IT-MSR-UE.png BP02-IT085  ( MSR ) Evocator Chevalier Cavaliere Evocatore BattleFader-BP02-IT-MSR-UE.png BP02-IT086  ( MSR ) Battle Fader Dissolvitore da Battaglia OracleoftheSun-BP02-IT-MSR-UE.png BP02-IT087  ( MSR ) Oracle of the Sun Oracolo del Sole SamuraioftheIceBarrier-BP02-IT-MSR-UE.png BP02-IT088  ( MSR ) Samurai of the Ice Barrier Samurai della Barriera di Ghiaccio JurracTitano-BP02-IT-MSR-UE.png BP02-IT089  ( MSR ) Jurrac Titano Jurrac Titano DarklordDesire-BP02-IT-MSR-UE.png BP02-IT090  ( MSR ) Darklord Desire Signore Oscuro Desire PowerGiant-BP02-IT-MSR-UE.png BP02-IT091  ( MSR ) Power Giant Gigante Potente AnarchistMonkRanshin-BP02-IT-MSR-UE.png BP02-IT092  ( MSR ) Anarchist Monk Ranshin Monaco Anarchico Ranshin ApeFighter-BP02-IT-MSR-UE.png BP02-IT093  ( MSR ) Ape Fighter Scimmione Lottatore TanngrisniroftheNordicBeasts-BP02-IT-MSR-UE.png BP02-IT094  ( MSR ) Tanngrisnir of the Nordic Beasts Tanngrisnir delle Bestie Nordic ChaosHunter-BP02-IT-MSR-UE.png BP02-IT095  ( MSR ) Chaos Hunter Cacciatore del Chaos AxeDragonute-BP02-IT-MSR-UE.png BP02-IT096  ( MSR ) Axe Dragonute Dragonute Ascia VylonSoldier-BP02-IT-MSR-UE.png BP02-IT097  ( MSR ) Vylon Soldier Vylon Soldato BlackwingZephyrostheElite-BP02-IT-MSR-UE.png BP02-IT098  ( MSR ) Blackwing - Zephyros the Elite Alanera - Zephyros l'Elite ZubabaKnight-BP02-IT-MSR-UE.png BP02-IT099  ( MSR ) Zubaba Knight Cavaliere Zubaba GogogoGolem-BP02-IT-MSR-UE.png BP02-IT100  ( MSR ) Gogogo Golem Golem Gogogo NeedleSunfish-BP02-IT-MSR-UE.png BP02-IT101  ( MSR ) Needle Sunfish Pesceluna Ago Shocktopus-BP02-IT-MSR-UE.png BP02-IT102  ( MSR ) Shocktopus Shocktopus PhotonThrasher-BP02-IT-MSR-UE.png BP02-IT103  ( MSR ) Photon Thrasher Distruttore Fotonico InterplanetarypurplythornyDragon-BP02-IT-MSR-UE.png BP02-IT104  ( MSR ) Interplanetarypurplythorny Dragon Drago Interplanetarioporporaspinoso TourBusFromtheUnderworld-BP02-IT-MSR-UE.png BP02-IT105  ( MSR ) Tour Bus From the Underworld Bus Tour del Mondo Sotterraneo VylonTetra-BP02-IT-MSR-UE.png BP02-IT106  ( MSR ) Vylon Tetra Vylon Tetra VylonStella-BP02-IT-MSR-UE.png BP02-IT107  ( MSR ) Vylon Stella Vylon Stella VylonPrism-BP02-IT-MSR-UE.png BP02-IT108  ( MSR ) Vylon Prism Vylon Prisma PhotonWyvern-BP02-IT-MSR-UE.png BP02-IT109  ( MSR ) Photon Wyvern Viverna Fotonica TasukeKnight-BP02-IT-MSR-UE.png BP02-IT110  ( MSR ) Tasuke Knight Cavaliere Tasuke GagagaGardna-BP02-IT-MSR-UE.png BP02-IT111  ( MSR ) Gagaga Gardna Gardna Gagaga CardcarD-BP02-IT-MSR-UE.png BP02-IT112  ( MSR ) Cardcar D Cartauto D FlameTiger-BP02-IT-MSR-UE.png BP02-IT113  ( MSR ) Flame Tiger Tigre di Fuoco TardyOrc-BP02-IT-MSR-UE.png BP02-IT114  ( MSR ) Tardy Orc Orco Ritardatario BullBlader-BP02-IT-MSR-UE.png BP02-IT115  ( MSR ) Bull Blader Toro delle Lame SolarWindJammer-BP02-IT-MSR-UE.png BP02-IT116  ( MSR ) Solar Wind Jammer Disturbo Vento Solare MermailAbyssmegalo-BP02-IT-MSR-UE.png BP02-IT117  ( MSR ) Mermail Abyssmegalo Sirenide Abissmegalo DododoBot-BP02-IT-MSR-UE.png BP02-IT118  ( MSR ) Dododo Bot Bot Dododo BaconSaver-BP02-IT-MSR-UE.png BP02-IT119  ( MSR ) Bacon Saver Salva Bacon Amarylease-BP02-IT-MSR-UE.png BP02-IT120  ( MSR ) Amarylease Amarylease HyperAncientSharkMegalodon-BP02-IT-MSR-UE.png BP02-IT121  ( MSR ) Hyper-Ancient Shark Megalodon Squalo Megalodonte Super-Antico PyrotechMechShiryu-BP02-IT-MSR-UE.png BP02-IT122  ( MSR ) Pyrotech Mech - Shiryu Shiryu - Mech Pirotecnico AyeIron-BP02-IT-MSR-UE.png BP02-IT123  ( MSR ) Aye-Iron Aye di Ferro MechaPhantomBeastHamstrat-BP02-IT-MSR-UE.png BP02-IT124  ( MSR ) Mecha Phantom Beast Hamstrat Bestia Fantasma Meccanica Stratocriceto ObelisktheTormentor-BP02-IT-MSR-UE.png BP02-IT125  ( MSR ) Obelisk the Tormentor Obelisk il Tormentatore TheWingedDragonofRa-BP02-IT-MSR-UE.png BP02-IT126  ( MSR ) The Winged Dragon of Ra Drago Alato di Ra SlifertheSkyDragon-BP02-IT-MSR-UE.png BP02-IT127  ( MSR ) Slifer the Sky Dragon Slifer il Drago del Cielo MonsterReborn-BP02-IT-MSR-UE.png BP02-IT128  ( MSR ) Monster Reborn Mostro Resuscitato PotofGreed-BP02-IT-MSR-UE.png BP02-IT129  ( MSR ) Pot of Greed Anfora dell'Avidità ShieldSword-BP02-IT-MSR-UE.png BP02-IT130  ( MSR ) Shield & Sword Scudo e Spada AxeofDespair-BP02-IT-MSR-UE.png BP02-IT131  ( MSR ) Axe of Despair Ascia di Distruzione MalevolentNuzzler-BP02-IT-MSR-UE.png BP02-IT132  ( MSR ) Malevolent Nuzzler Nuzzler Malevolo RushRecklessly-BP02-IT-MSR-UE.png BP02-IT133  ( MSR ) Rush Recklessly Corsa Avventata HornoftheUnicorn-BP02-IT-MSR-UE.png BP02-IT134  ( MSR ) Horn of the Unicorn Corno dell'Unicorno PrematureBurial-BP02-IT-MSR-UE.png BP02-IT135  ( MSR ) Premature Burial Sepoltura Prematura Scapegoat-BP02-IT-MSR-UE.png BP02-IT136  ( MSR ) Scapegoat Capro Espiatorio GracefulCharity-BP02-IT-MSR-UE.png BP02-IT137  ( MSR ) Graceful Charity Carità Graziosa BookofMoon-BP02-IT-MSR-UE.png BP02-IT138  ( MSR ) Book of Moon Libro della Luna Reasoning-BP02-IT-MSR-UE.png BP02-IT139  ( MSR ) Reasoning Ragionando AutonomousActionUnit-BP02-IT-MSR-UE.png BP02-IT140  ( MSR ) Autonomous Action Unit Unità d'Azione Autonoma BigBangShot-BP02-IT-MSR-UE.png BP02-IT141  ( MSR ) Big Bang Shot Colpo Big-Bang Riryoku-BP02-IT-MSR-UE.png BP02-IT142  ( MSR ) Riryoku Riryoku GravityAxeGrarl-BP02-IT-MSR-UE.png BP02-IT143  ( MSR ) Gravity Axe - Grarl Ascia Gravitazionale - Grarl EnemyController-BP02-IT-MSR-UE.png BP02-IT144  ( MSR ) Enemy Controller Controlla-Avversario Earthquake-BP02-IT-MSR-UE.png BP02-IT145  ( MSR ) Earthquake Terremoto Shrink-BP02-IT-MSR-UE.png BP02-IT146  ( MSR ) Shrink Rimpicciolire SwordsofConcealingLight-BP02-IT-MSR-UE.png BP02-IT147  ( MSR ) Swords of Concealing Light Spade Mistificatrici NightmaresSteelcage-BP02-IT-MSR-UE.png BP02-IT148  ( MSR ) Nightmare's Steelcage Gabbia d'Acciaio dell'Incubo MausoleumoftheEmperor-BP02-IT-MSR-UE.png BP02-IT149  ( MSR ) Mausoleum of the Emperor Mausoleo dell'Imperatore CardTrader-BP02-IT-MSR-UE.png BP02-IT150  ( MSR ) Card Trader Commerciante di Carte FiendsSanctuary-BP02-IT-MSR-UE.png BP02-IT151  ( MSR ) Fiend's Sanctuary Santuario del Demone UnionAttack-BP02-IT-MSR-UE.png BP02-IT152  ( MSR ) Union Attack Attacco Unione FightingSpirit-BP02-IT-MSR-UE.png BP02-IT153  ( MSR ) Fighting Spirit Spirito Combattente StarBlast-BP02-IT-MSR-UE.png BP02-IT154  ( MSR ) Star Blast Colpo Stellare ForbiddenChalice-BP02-IT-MSR-UE.png BP02-IT155  ( MSR ) Forbidden Chalice Calice Proibito ReptilianneRage-BP02-IT-MSR-UE.png BP02-IT156  ( MSR ) Reptilianne Rage Rabbia Rettiliana RocketPilder-BP02-IT-MSR-UE.png BP02-IT157  ( MSR ) Rocket Pilder Pilder Razzo HalfShut-BP02-IT-MSR-UE.png BP02-IT158  ( MSR ) Half Shut Mezza Chiusura CursedArmaments-BP02-IT-MSR-UE.png BP02-IT159  ( MSR ) Cursed Armaments Armamenti Maledetti PotofDuality-BP02-IT-MSR-UE.png BP02-IT160  ( MSR ) Pot of Duality Giara della Dualità AxeofFools-BP02-IT-MSR-UE.png BP02-IT161  ( MSR ) Axe of Fools Ascia dei Folli ForbiddenLance-BP02-IT-MSR-UE.png BP02-IT162  ( MSR ) Forbidden Lance Lancia Proibita BlusteringWinds-BP02-IT-MSR-UE.png BP02-IT163  ( MSR ) Blustering Winds Venti di Bufera EgoBoost-BP02-IT-MSR-UE.png BP02-IT164  ( MSR ) Ego Boost Potenziamento dell'Ego ShardofGreed-BP02-IT-MSR-UE.png BP02-IT165  ( MSR ) Shard of Greed Scheggia dell'Avidità FullForceStrike-BP02-IT-MSR-UE.png BP02-IT166  ( MSR ) Full-Force Strike Colpo a Piena Potenza PhotonSanctuary-BP02-IT-MSR-UE.png BP02-IT167  ( MSR ) Photon Sanctuary Santuario Fotonico ForbiddenDress-BP02-IT-MSR-UE.png BP02-IT168  ( MSR ) Forbidden Dress Abito Proibito ReverseTrap-BP02-IT-MSR-UE.png BP02-IT169  ( MSR ) Reverse Trap Inverti Trappola Waboku-BP02-IT-MSR-UE.png BP02-IT170  ( MSR ) Waboku Waboku CalloftheHaunted-BP02-IT-MSR-UE.png BP02-IT171  ( MSR ) Call of the Haunted Richiamo del Posseduto MirrorWall-BP02-IT-MSR-UE.png BP02-IT172  ( MSR ) Mirror Wall Muro a Specchio Metalmorph-BP02-IT-MSR-UE.png BP02-IT173  ( MSR ) Metalmorph Metalmorph MaskofWeakness-BP02-IT-MSR-UE.png BP02-IT174  ( MSR ) Mask of Weakness Maschera della Debolezza RecklessGreed-BP02-IT-MSR-UE.png BP02-IT175  ( MSR ) Reckless Greed Cupidigia Insaziabile RopeofLife-BP02-IT-MSR-UE.png BP02-IT176  ( MSR ) Rope of Life Fune della Vita WindstormofEtaqua-BP02-IT-MSR-UE.png BP02-IT177  ( MSR ) Windstorm of Etaqua Windstorm of Etaqua ZeroGravity-BP02-IT-MSR-UE.png BP02-IT178  ( MSR ) Zero Gravity Assenza di Gravità AHeroEmerges-BP02-IT-MSR-UE.png BP02-IT179  ( MSR ) A Hero Emerges Emerge un Eroe EmbodimentofApophis-BP02-IT-MSR-UE.png BP02-IT180  ( MSR ) Embodiment of Apophis Incarnazione di Apophis DrainingShield-BP02-IT-MSR-UE.png BP02-IT181  ( MSR ) Draining Shield Scudo Prosciugante CurseofAnubis-BP02-IT-MSR-UE.png BP02-IT182  ( MSR ) Curse of Anubis Maledizione di Anubis LabyrinthofNightmare-BP02-IT-MSR-UE.png BP02-IT183  ( MSR ) Labyrinth of Nightmare Labirinto dell'Incubo ThreateningRoar-BP02-IT-MSR-UE.png BP02-IT184  ( MSR ) Threatening Roar Ruggito Minaccioso RisingEnergy-BP02-IT-MSR-UE.png BP02-IT185  ( MSR ) Rising Energy Energia Ascendente MagicalArmShield-BP02-IT-MSR-UE.png BP02-IT186  ( MSR ) Magical Arm Shield Scudo da Braccio Magico ShatteredAxe-BP02-IT-MSR-UE.png BP02-IT187  ( MSR ) Shattered Axe Ascia Frantumata StrongholdtheMovingFortress-BP02-IT-MSR-UE.png BP02-IT188  ( MSR ) Stronghold the Moving Fortress Roccaforte della Fortezza Movente StrikeSlash-BP02-IT-MSR-UE.png BP02-IT189  ( MSR ) Strike Slash Colpo di Taglio NoEntry-BP02-IT-MSR-UE.png BP02-IT190  ( MSR ) No Entry!! Ingresso Vietato! Cloning-BP02-IT-MSR-UE.png BP02-IT191  ( MSR ) Cloning Clonazione SinisterSeeds-BP02-IT-MSR-UE.png BP02-IT192  ( MSR ) Sinister Seeds Semi del Male MetalReflectSlime-BP02-IT-MSR-UE.png BP02-IT193  ( MSR ) Metal Reflect Slime Poltiglia Rifletti-Metalli ZomatheSpirit-BP02-IT-MSR-UE.png BP02-IT194  ( MSR ) Zoma the Spirit Teschio di Zoma Miniaturize-BP02-IT-MSR-UE.png BP02-IT195  ( MSR ) Miniaturize Miniaturizzatore Spacegate-BP02-IT-MSR-UE.png BP02-IT196  ( MSR ) Spacegate Portale Spaziale Overworked-BP02-IT-MSR-UE.png BP02-IT197  ( MSR ) Overworked Eccesso di Lavoro KunaiwithChain-BP02-IT-MSR-UE.png BP02-IT198  ( MSR ) Kunai with Chain Kunai con Catena PridefulRoar-BP02-IT-MSR-UE.png BP02-IT199  ( MSR ) Prideful Roar Ruggito Orgoglioso TimeMachine-BP02-IT-MSR-UE.png BP02-IT200  ( MSR ) Time Machine Macchina del Tempo HalforNothing-BP02-IT-MSR-UE.png BP02-IT201  ( MSR ) Half or Nothing Metà o Niente MiracleLocus-BP02-IT-MSR-UE.png BP02-IT202  ( MSR ) Miracle Locus Collocazione Miracolosa SkillSuccessor-BP02-IT-MSR-UE.png BP02-IT203  ( MSR ) Skill Successor Successore di Abilità PowerFrame-BP02-IT-MSR-UE.png BP02-IT204  ( MSR ) Power Frame Struttura del Potere DamageGate-BP02-IT-MSR-UE.png BP02-IT205  ( MSR ) Damage Gate Cancello del Danno MiraclesWake-BP02-IT-MSR-UE.png BP02-IT206  ( MSR ) Miracle's Wake Risveglio del Miracolo HalfCounter-BP02-IT-MSR-UE.png BP02-IT207  ( MSR ) Half Counter Mezzo Contrasto TheGoldenApples-BP02-IT-MSR-UE.png BP02-IT208  ( MSR ) The Golden Apples Le Mele d'Oro TikiCurse-BP02-IT-MSR-UE.png BP02-IT209  ( MSR ) Tiki Curse Maledizione del Tiki TikiSoul-BP02-IT-MSR-UE.png BP02-IT210  ( MSR ) Tiki Soul Anima del Tiki ImpenetrableAttack-BP02-IT-MSR-UE.png BP02-IT211  ( MSR ) Impenetrable Attack Attacco Impenetrabile MemoryofanAdversary-BP02-IT-MSR-UE.png BP02-IT212  ( MSR ) Memory of an Adversary Ricordo di un Nemico DimensionGate-BP02-IT-MSR-UE.png BP02-IT213  ( MSR ) Dimension Gate Cancello Dimensionale SpikeshieldwithChain-BP02-IT-MSR-UE.png BP02-IT214  ( MSR ) Spikeshield with Chain Scudopunta con Catena BreakthroughSkill-BP02-IT-MSR-UE.png BP02-IT215  ( MSR ) Breakthrough Skill Abilità Risolutiva 
 
 
 
 
 
Categories: Italian Set Card Galleries, Unlimited Edition Set Card Galleries