Link: https://yugioh.fandom.com/wiki/Set_Card_Galleries:Return_of_the_Duelist_(TCG-SP-UE)


 
 TCG Galleries  -  OCG Galleries  -  DDM Galleries  -  Bandai Galleries 
 
 
 
 Boosters  -  Decks  -  Packs  -  Promotions 
 
 
 Return of the Duelist El Regreso del Duelista Spanish - Unlimited Edition 
 
 
 
 NobleKnightGawayn-REDU-SP-SR-UE.png REDU-SP000  ( SR ) Noble Knight Gawayn Noble Caballero Gawayn TrancetheMagicSwordsman-REDU-SP-C-UE.png REDU-SP001  ( C ) Trance the Magic Swordsman Trance el Espadachín Mágico DamageMage-REDU-SP-C-UE.png REDU-SP002  ( C ) Damage Mage Maga del Daño ZWPhoenixBow-REDU-SP-R-UE.png REDU-SP003  ( R ) ZW - Phoenix Bow ZW - Arco Fénix PhotonCaesar-REDU-SP-C-UE.png REDU-SP004  ( C ) Photon Caesar César Fotónico HeroicChallengerSpartan-REDU-SP-C-UE.png REDU-SP005  ( C ) Heroic Challenger - Spartan Contendiente Heroico - Espartano HeroicChallengerWarHammer-REDU-SP-C-UE.png REDU-SP006  ( C ) Heroic Challenger - War Hammer Contendiente Heroico - Martillo de Guerra HeroicChallengerSwordshield-REDU-SP-C-UE.png REDU-SP007  ( C ) Heroic Challenger - Swordshield Contendiente Heroico - Espadaescudo HeroicChallengerDoubleLance-REDU-SP-R-UE.png REDU-SP008  ( R ) Heroic Challenger - Double Lance Contendiente Heroico - Lanza Doble ChronomalyMayanMachine-REDU-SP-C-UE.png REDU-SP009  ( C ) Chronomaly Mayan Machine Máquina Maya Cronómala ChronomalyColossalHead-REDU-SP-R-UE.png REDU-SP010  ( R ) Chronomaly Colossal Head Cabeza Colosal Cronómala REDU-SP011  ( C ) Chronomaly Golden Jet Avión Dorado Cronómalo ChronomalyCrystalBones-REDU-SP-R-UE.png REDU-SP012  ( R ) Chronomaly Crystal Bones Esqueleto de Cristal Cronómalo ChronomalyCrystalSkull-REDU-SP-R-UE.png REDU-SP013  ( R ) Chronomaly Crystal Skull Cráneo de Cristal Cronómalo ChronomalyMoai-REDU-SP-C-UE.png REDU-SP014  ( C ) Chronomaly Moai Moai Cronómalo SpellbookMagicianofProphecy-REDU-SP-UR-UE.png REDU-SP015  ( UR ) Spellbook Magician of Prophecy El Mago del Libro de Magia de la Profecía AmoresofProphecy-REDU-SP-C-UE.png REDU-SP016  ( C ) Amores of Prophecy El Enamorado de la Profecía REDU-SP017  ( SR ) Temperance of Prophecy La Templanza de la Profecía StrengthofProphecy-REDU-SP-C-UE.png REDU-SP018  ( C ) Strength of Prophecy La Fuerza de la Profecía CharioteerofProphecy-REDU-SP-C-UE.png REDU-SP019  ( C ) Charioteer of Prophecy El Auriga de la Profecía HighPriestessofProphecy-REDU-SP-ScR-UE.png REDU-SP020  ( ScR ) High Priestess of Prophecy La Alta Sacerdotisa de la Profecía MadolcheMewfeuille-REDU-SP-C-UE.png REDU-SP021  ( C ) Madolche Mewfeuille Mewfeuille Magidulce REDU-SP022  ( C ) Madolche Baaple Baaple Magidulce MadolcheChouxvalier-REDU-SP-R-UE.png REDU-SP023  ( R ) Madolche Chouxvalier Chouxvalier Magidulce REDU-SP024  ( SR ) Madolche Magileine Magileine Magidulce MadolcheButlerusk-REDU-SP-C-UE.png REDU-SP025  ( C ) Madolche Butlerusk Butlerusk Magidulce MadolchePuddingcess-REDU-SP-UR-UE.png REDU-SP026  ( UR ) Madolche Puddingcess Pudingcess Magidulce GeargianoMkII-REDU-SP-R-UE.png REDU-SP027  ( R ) Geargiano Mk-II Engranajiano Mk-II Geargiaccelerator-REDU-SP-C-UE.png REDU-SP028  ( C ) Geargiaccelerator Engranajiacelerador Geargiarsenal-REDU-SP-R-UE.png REDU-SP029  ( R ) Geargiarsenal Engranajiarsenal Geargiarmor-REDU-SP-SR-UE.png REDU-SP030  ( SR ) Geargiarmor Engranajiarmadura UnifloraMysticalBeastoftheForest-REDU-SP-C-UE.png REDU-SP031  ( C ) Uniflora, Mystical Beast of the Forest Uniflora, Bestia Mística del Bosque LittleTrooper-REDU-SP-C-UE.png REDU-SP032  ( C ) Little Trooper Tropa Pequeña SilverSentinel-REDU-SP-UR-UE.png REDU-SP033  ( UR ) Silver Sentinel Centinela Plateado DustKnight-REDU-SP-R-UE.png REDU-SP034  ( R ) Dust Knight Caballero del Polvo BlockGolem-REDU-SP-C-UE.png REDU-SP035  ( C ) Block Golem Gólem de Bloques AtlanteanAttackSquad-REDU-SP-C-UE.png REDU-SP036  ( C ) Atlantean Attack Squad Escuadrón de Ataque Atlantis IllusorySnatcher-REDU-SP-SR-UE.png REDU-SP037  ( SR ) Illusory Snatcher Carterista Ilusorio GrandsoiltheElementalLord-REDU-SP-ScR-UE.png REDU-SP038  ( ScR ) Grandsoil the Elemental Lord Gransuelo el Señor Elemental ThreeThousandNeedles-REDU-SP-SP-UE.png REDU-SP039  ( SP ) Three Thousand Needles Tres Mil Agujas GoblinMaraudingSquad-REDU-SP-SP-UE.png REDU-SP040  ( SP ) Goblin Marauding Squad Escuadrón Merodeador Goblin HeroicChampionExcalibur-REDU-SP-UR-UE.png REDU-SP041  ( UR ) Heroic Champion - Excalibur Campeón Heroico - Excalibur ChronomalyCrystalChrononaut-REDU-SP-SR-UE.png REDU-SP042  ( SR ) Chronomaly Crystal Chrononaut Crononauta de Cristal Cronómalo Number33ChronomalyMachuMech-REDU-SP-UR-UE.png REDU-SP043  ( UR ) Number 33: Chronomaly Machu Mech Número 33: Machu Mecha Cronómalo SuperdimensionalRobotGalaxyDestroyer-REDU-SP-UR-UE.png REDU-SP044  ( UR ) Superdimensional Robot Galaxy Destroyer Robot Superdimensional Destructor de Galaxias HierophantofProphecy-REDU-SP-UR-UE.png REDU-SP045  ( UR ) Hierophant of Prophecy El Hierofante de la Profecía GearGigantX-REDU-SP-ScR-UE.png REDU-SP046  ( ScR ) Gear Gigant X Engranaje X Gigante AlchemicMagician-REDU-SP-SR-UE.png REDU-SP047  ( SR ) Alchemic Magician Maga Alquímica SoulofSilvermountain-REDU-SP-SR-UE.png REDU-SP048  ( SR ) Soul of Silvermountain Alma de la Montañaplateada FairyKingAlbverdich-REDU-SP-R-UE.png REDU-SP049  ( R ) Fairy King Albverdich Albverdich Rey de Hadas SwordBreaker-REDU-SP-SR-UE.png REDU-SP050  ( SR ) Sword Breaker Rompe Espadas Gagagarevenge-REDU-SP-SR-UE.png REDU-SP051  ( SR ) Gagagarevenge Gagagavenganza OverlayRegen-REDU-SP-C-UE.png REDU-SP052  ( C ) Overlay Regen Regen Revestido HeroicChance-REDU-SP-C-UE.png REDU-SP053  ( C ) Heroic Chance Oportunidad Heroica ChronomalyTechnology-REDU-SP-C-UE.png REDU-SP054  ( C ) Chronomaly Technology Tecnología Cronómala ChronomalyPyramidEyeTablet-REDU-SP-C-UE.png REDU-SP055  ( C ) Chronomaly Pyramid Eye Tablet Tableta del Ojo de la Pirámide Cronómala GalaxyQueensLight-REDU-SP-C-UE.png REDU-SP056  ( C ) Galaxy Queen's Light Luz de la Reina de la Galaxia SpellbookofSecrets-REDU-SP-UR-UE.png REDU-SP057  ( UR ) Spellbook of Secrets Libro de Magia de los Secretos REDU-SP058  ( C ) Spellbook of Power Libro de Magia del Poder SpellbookofLife-REDU-SP-SR-UE.png REDU-SP059  ( SR ) Spellbook of Life Libro de Magia de la Vida SpellbookofWisdom-REDU-SP-R-UE.png REDU-SP060  ( R ) Spellbook of Wisdom Libro de Magia de la Sabiduría MadolcheChateau-REDU-SP-C-UE.png REDU-SP061  ( C ) Madolche Chateau Château Magidulce REDU-SP062  ( C ) Where Arf Thou? ¿Dónde Está Usted? GenerationForce-REDU-SP-C-UE.png REDU-SP063  ( C ) Generation Force Fuerza Generación CatapultZone-REDU-SP-C-UE.png REDU-SP064  ( C ) Catapult Zone Zona de Catapulta ColdFeet-REDU-SP-SP-UE.png REDU-SP065  ( SP ) Cold Feet Pies Fríos REDU-SP066  ( C ) Impenetrable Attack Ataque Impenetrable Gagagarush-REDU-SP-C-UE.png REDU-SP067  ( C ) Gagagarush Gagagapuro HeroicRetributionSword-REDU-SP-C-UE.png REDU-SP068  ( C ) Heroic Retribution Sword Espada del Castigo Heroico StonehengeMethods-REDU-SP-C-UE.png REDU-SP069  ( C ) Stonehenge Methods Métodos de Stonehenge REDU-SP070  ( C ) Madolche Lesson Lección Magidulce REDU-SP071  ( C ) Madolche Waltz Vals Magidulce MadolcheTeaBreak-REDU-SP-R-UE.png REDU-SP072  ( R ) Madolche Tea Break Fiesta de Té Magidulce XyzSoul-REDU-SP-C-UE.png REDU-SP073  ( C ) Xyz Soul Alma Xyz CompulsoryEscapeDevice-REDU-SP-C-UE.png REDU-SP074  ( C ) Compulsory Escape Device Artilugio de Escape Compulsivo Turnabout-REDU-SP-C-UE.png REDU-SP075  ( C ) Turnabout ¡Media Vuelta! VoidTrapHole-REDU-SP-SR-UE.png REDU-SP076  ( SR ) Void Trap Hole Agujero Trampa de Vacío ThreeofaKind-REDU-SP-C-UE.png REDU-SP077  ( C ) Three of a Kind Trío SoulDrain-REDU-SP-R-UE.png REDU-SP078  ( R ) Soul Drain Drenaje del Alma Rebound-REDU-SP-SR-UE.png REDU-SP079  ( SR ) Rebound Rebote LuckyPunch-REDU-SP-SP-UE.png REDU-SP080  ( SP ) Lucky Punch Puñetazo Afortunado ProphecyDestroyer-REDU-SP-UR-UE.png REDU-SP081  ( UR ) Prophecy Destroyer El Destructor de la Profecía LightrayMadoor-REDU-SP-C-UE.png REDU-SP082  ( C ) Lightray Madoor Madoor Rayoluz BlueDragonNinja-REDU-SP-SR-UE.png REDU-SP083  ( SR ) Blue Dragon Ninja Ninja del Dragón Azul Imairuka-REDU-SP-R-UE.png REDU-SP084  ( R ) Imairuka Imairuka RevivalGolem-REDU-SP-R-UE.png REDU-SP085  ( R ) Revival Golem Gólem de la Reanimación REDU-SP086  ( C ) Noble Arms - Gallatin Armas Nobles - Gallatin SpellbookLibraryoftheCrescent-REDU-SP-R-UE.png REDU-SP087  ( R ) Spellbook Library of the Crescent Biblioteca del Libro de Magia del Creciente AdvanceZone-REDU-SP-ScR-UE.png REDU-SP088  ( ScR ) Advance Zone Zona Avanzada NinjitsuArtofShadowSealing-REDU-SP-C-UE.png REDU-SP089  ( C ) Ninjitsu Art of Shadow Sealing Ninjutsu Arte del Sellado de Sombras Chewbone-REDU-SP-C-UE.png REDU-SP090  ( C ) Chewbone Mascahueso EcoMysticalSpiritoftheForest-REDU-SP-R-UE.png REDU-SP091  ( R ) Eco, Mystical Spirit of the Forest Eco, Espíritu Místico del Bosque Number6ChronomalyAtlandis-REDU-SP-ScR-UE.png REDU-SP092  ( ScR ) Number 6: Chronomaly Atlandis Número 6: Atlandis Cronómala MiracleContact-REDU-SP-ScR-UE.png REDU-SP093  ( ScR ) Miracle Contact Contacto Milagroso AdvancedDark-REDU-SP-ScR-UE.png REDU-SP094  ( ScR ) Advanced Dark Oscuridad Avanzada Pahunder-REDU-SP-R-UE.png REDU-SP095  ( R ) Pahunder Padretrueno Mahunder-REDU-SP-R-UE.png REDU-SP096  ( R ) Mahunder Madretrueno Sishunder-REDU-SP-R-UE.png REDU-SP097  ( R ) Sishunder Hermanatrueno Number91ThunderSparkDragon-REDU-SP-UR-UE.png REDU-SP098  ( UR ) Number 91: Thunder Spark Dragon Número 91: Dragón de la Chispa del Trueno SpiritConverter-REDU-SP-ScR-UE.png REDU-SP099  ( ScR ) Spirit Converter Convertidor de Espíritus 
 
 
 Ultimate Rares
 
 
 
 REDU-SP015  ( UtR ) Spellbook Magician of Prophecy El Mago del Libro de Magia de la Profecía MadolchePuddingcess-REDU-SP-UtR-UE.png REDU-SP026  ( UtR ) Madolche Puddingcess Pudingcess Magidulce SilverSentinel-REDU-SP-UtR-UE.png REDU-SP033  ( UtR ) Silver Sentinel Centinela Plateado HeroicChampionExcalibur-REDU-SP-UtR-UE.png REDU-SP041  ( UtR ) Heroic Champion - Excalibur Campeón Heroico - Excalibur Number33ChronomalyMachuMech-REDU-SP-UtR-UE.png REDU-SP043  ( UtR ) Number 33: Chronomaly Machu Mech Número 33: Machu Mecha Cronómalo SuperdimensionalRobotGalaxyDestroyer-REDU-SP-UtR-UE.png REDU-SP044  ( UtR ) Superdimensional Robot Galaxy Destroyer Robot Superdimensional Destructor de Galaxias HierophantofProphecy-REDU-SP-UtR-UE.png REDU-SP045  ( UtR ) Hierophant of Prophecy El Hierofante de la Profecía SpellbookofSecrets-REDU-SP-UtR-UE.png REDU-SP057  ( UtR ) Spellbook of Secrets Libro de Magia de los Secretos ProphecyDestroyer-REDU-SP-UtR-UE.png REDU-SP081  ( UtR ) Prophecy Destroyer El Destructor de la Profecía Number91ThunderSparkDragon-REDU-SP-UtR-UE.png REDU-SP098  ( UtR ) Number 91: Thunder Spark Dragon Número 91: Dragón de la Chispa del Trueno 
 
 
 Ghost Rare
 
 
 
 HeroicChampionExcalibur-REDU-SP-GR-UE.png REDU-SP041  ( GR ) Heroic Champion - Excalibur Campeón Heroico - Excalibur 
 
 
 
 
 
Images: ['https://static.wikia.nocookie.net/yugioh/images/a/ad/ChronomalyGoldenJet-REDU-SP-C-UE.png/revision/latest/scale-to-width-down/120?cb=20220327025353', 'data:image/gif;base64,R0lGODlhAQABAIABAAAAAP///yH5BAEAAAEALAAAAAABAAEAQAICTAEAOw%3D%3D', 'https://static.wikia.nocookie.net/yugioh/images/9/94/TemperanceofProphecy-REDU-SP-SR-UE.png/revision/latest/scale-to-width-down/120?cb=20150421105747', 'data:image/gif;base64,R0lGODlhAQABAIABAAAAAP///yH5BAEAAAEALAAAAAABAAEAQAICTAEAOw%3D%3D', 'https://static.wikia.nocookie.net/yugioh/images/6/62/MadolcheBaaple-REDU-SP-C-UE.png/revision/latest/scale-to-width-down/119?cb=20220327030910', 'data:image/gif;base64,R0lGODlhAQABAIABAAAAAP///yH5BAEAAAEALAAAAAABAAEAQAICTAEAOw%3D%3D', 'https://static.wikia.nocookie.net/yugioh/images/b/b2/MadolcheMagileine-REDU-SP-SR-UE.png/revision/latest/scale-to-width-down/121?cb=20160315092116', 'data:image/gif;base64,R0lGODlhAQABAIABAAAAAP///yH5BAEAAAEALAAAAAABAAEAQAICTAEAOw%3D%3D', 'https://static.wikia.nocookie.net/yugioh/images/8/81/SpellbookofPower-REDU-SP-C-UE.png/revision/latest/scale-to-width-down/119?cb=20191224031952', 'data:image/gif;base64,R0lGODlhAQABAIABAAAAAP///yH5BAEAAAEALAAAAAABAAEAQAICTAEAOw%3D%3D', 'https://static.wikia.nocookie.net/yugioh/images/3/3d/WhereArfThou-REDU-SP-C-UE.png/revision/latest/scale-to-width-down/119?cb=20171216052844', 'data:image/gif;base64,R0lGODlhAQABAIABAAAAAP///yH5BAEAAAEALAAAAAABAAEAQAICTAEAOw%3D%3D', 'https://static.wikia.nocookie.net/yugioh/images/2/29/ImpenetrableAttack-REDU-SP-C-UE.png/revision/latest/scale-to-width-down/120?cb=20180129233930', 'data:image/gif;base64,R0lGODlhAQABAIABAAAAAP///yH5BAEAAAEALAAAAAABAAEAQAICTAEAOw%3D%3D', 'https://static.wikia.nocookie.net/yugioh/images/c/cc/MadolcheLesson-REDU-SP-C-UE.png/revision/latest/scale-to-width-down/119?cb=20220331025650', 'data:image/gif;base64,R0lGODlhAQABAIABAAAAAP///yH5BAEAAAEALAAAAAABAAEAQAICTAEAOw%3D%3D', 'https://static.wikia.nocookie.net/yugioh/images/4/4f/MadolcheWaltz-REDU-SP-C-UE.png/revision/latest/scale-to-width-down/119?cb=20220313171113', 'data:image/gif;base64,R0lGODlhAQABAIABAAAAAP///yH5BAEAAAEALAAAAAABAAEAQAICTAEAOw%3D%3D', 'https://static.wikia.nocookie.net/yugioh/images/6/6e/NobleArmsGallatin-REDU-SP-C-UE.png/revision/latest/scale-to-width-down/121?cb=20150509181934', 'data:image/gif;base64,R0lGODlhAQABAIABAAAAAP///yH5BAEAAAEALAAAAAABAAEAQAICTAEAOw%3D%3D', 'https://static.wikia.nocookie.net/yugioh/images/a/ad/SpellbookMagicianofProphecy-REDU-SP-UtR-UE.png/revision/latest/scale-to-width-down/121?cb=20150108172823', 'data:image/gif;base64,R0lGODlhAQABAIABAAAAAP///yH5BAEAAAEALAAAAAABAAEAQAICTAEAOw%3D%3D']
Categories: Spanish Set Card Galleries, Unlimited Edition Set Card Galleries