Link: https://yugioh.fandom.com/wiki/Set_Card_Galleries:Duelist_League_15_participation_cards_(TCG-PT-UE)


 
 TCG Galleries  -  OCG Galleries  -  DDM Galleries  -  Bandai Galleries 
 
 
 
 Boosters  -  Decks  -  Packs  -  Promotions 
 
 
 Duelist League 15 participation cards Liga dos Duelistas 15 Portuguese - Unlimited Edition Blue 
 SkilledDarkMagician-DL15-PT-R-UE-Blue.png DL15-PT001  ( R ) " Skilled Dark Magician " "Mago Negro Habilidoso" EnragedBattleOx-DL15-PT-R-UE-Blue.png DL15-PT002  ( R ) " Enraged Battle Ox " "Touro Guerreiro Enfurecido" UltimateBaseballKid-DL15-PT-R-UE-Blue.png DL15-PT003  ( R ) " Ultimate Baseball Kid " "Rapaz de Baseball Derradeiro" GaiaSoultheCombustibleCollective-DL15-PT-R-UE-Blue.png DL15-PT004  ( R ) " Gaia Soul the Combustible Collective " "Alma de Gaia, o Coletivo de Combustível" FrostandFlameDragon-DL15-PT-R-UE-Blue.png DL15-PT005  ( R ) " Frost and Flame Dragon " "Dragão das Chamas e da Geada" CaiustheShadowMonarch-DL15-PT-R-UE-Blue.png DL15-PT006  ( R ) " Caius the Shadow Monarch " "Caius, o Monarca das Sombras" SuperNimbleMegaHamster-DL15-PT-R-UE-Blue.png DL15-PT007  ( R ) " Super-Nimble Mega Hamster " "Mega Hamster Super-Ágil" ZubabaKnight-DL15-PT-R-UE-Blue.png DL15-PT008  ( R ) " Zubaba Knight " "Cavaleiro Zubaba" GagagaMagician-DL15-PT-R-UE-Blue.png DL15-PT009  ( R ) " Gagaga Magician " "Mago Gagaga" GogogoGolem-DL15-PT-R-UE-Blue.png DL15-PT010  ( R ) " Gogogo Golem " "Golem Gogogo" Kurivolt-DL15-PT-R-UE-Blue.png DL15-PT011  ( R ) " Kurivolt " "Kurivolt" DL15-PT012  ( R ) " Number 17: Leviathan Dragon " "Número 17: Dragão Leviatã" Salamandra-DL15-PT-R-UE-Blue.png DL15-PT013  ( R ) " Salamandra " "Salamandra" FiresofDoomsday-DL15-PT-R-UE-Blue.png DL15-PT014  ( R ) " Fires of Doomsday " "Fogos do Juízo Final" BlackWhirlwind-DL15-PT-R-UE-Blue.png DL15-PT015  ( R ) " Black Whirlwind " "Redemoinho Negro" Solidarity-DL15-PT-R-UE-Blue.png DL15-PT016  ( R ) " Solidarity " "Solidariedade" WonderWand-DL15-PT-R-UE-Blue.png DL15-PT017  ( R ) " Wonder Wand " "Varinha das Maravilhas" MirrorForce-DL15-PT-R-UE-Blue.png DL15-PT018  ( R ) " Mirror Force " "Força do Espelho" DisturbanceStrategy-DL15-PT-R-UE-Blue.png DL15-PT019  ( R ) " Disturbance Strategy " "Estratégia de Disturbio" HornofthePhantomBeast-DL15-PT-R-UE-Blue.png DL15-PT020  ( R ) " Horn of the Phantom Beast " "Chifre da Besta Fantasma" 
 Green 
 SkilledDarkMagician-DL15-PT-R-UE-Green.png DL15-PT001  ( R ) " Skilled Dark Magician " "Mago Negro Habilidoso" EnragedBattleOx-DL15-PT-R-UE-Green.png DL15-PT002  ( R ) " Enraged Battle Ox " "Touro Guerreiro Enfurecido" UltimateBaseballKid-DL15-PT-R-UE-Green.png DL15-PT003  ( R ) " Ultimate Baseball Kid " "Rapaz de Baseball Derradeiro" GaiaSoultheCombustibleCollective-DL15-PT-R-UE-Green.png DL15-PT004  ( R ) " Gaia Soul the Combustible Collective " "Alma de Gaia, o Coletivo de Combustível" FrostandFlameDragon-DL15-PT-R-UE-Green.png DL15-PT005  ( R ) " Frost and Flame Dragon " "Dragão das Chamas e da Geada" CaiustheShadowMonarch-DL15-PT-R-UE-Green.png DL15-PT006  ( R ) " Caius the Shadow Monarch " "Caius, o Monarca das Sombras" SuperNimbleMegaHamster-DL15-PT-R-UE-Green.png DL15-PT007  ( R ) " Super-Nimble Mega Hamster " "Mega Hamster Super-Ágil" ZubabaKnight-DL15-PT-R-UE-Green.png DL15-PT008  ( R ) " Zubaba Knight " "Cavaleiro Zubaba" GagagaMagician-DL15-PT-R-UE-Green.png DL15-PT009  ( R ) " Gagaga Magician " "Mago Gagaga" GogogoGolem-DL15-PT-R-UE-Green.png DL15-PT010  ( R ) " Gogogo Golem " "Golem Gogogo" Kurivolt-DL15-PT-R-UE-Green.png DL15-PT011  ( R ) " Kurivolt " "Kurivolt" Number17LeviathanDragon-DL15-PT-R-UE-Green.png DL15-PT012  ( R ) " Number 17: Leviathan Dragon " "Número 17: Dragão Leviatã" Salamandra-DL15-PT-R-UE-Green.png DL15-PT013  ( R ) " Salamandra " "Salamandra" FiresofDoomsday-DL15-PT-R-UE-Green.png DL15-PT014  ( R ) " Fires of Doomsday " "Fogos do Juízo Final" BlackWhirlwind-DL15-PT-R-UE-Green.png DL15-PT015  ( R ) " Black Whirlwind " "Redemoinho Negro" Solidarity-DL15-PT-R-UE-Green.png DL15-PT016  ( R ) " Solidarity " "Solidariedade" WonderWand-DL15-PT-R-UE-Green.png DL15-PT017  ( R ) " Wonder Wand " "Varinha das Maravilhas" MirrorForce-DL15-PT-R-UE-Green.png DL15-PT018  ( R ) " Mirror Force " "Força do Espelho" DisturbanceStrategy-DL15-PT-R-UE-Green.png DL15-PT019  ( R ) " Disturbance Strategy " "Estratégia de Disturbio" HornofthePhantomBeast-DL15-PT-R-UE-Green.png DL15-PT020  ( R ) " Horn of the Phantom Beast " "Chifre da Besta Fantasma" 
 Purple 
 SkilledDarkMagician-DL15-PT-R-UE-Purple.png DL15-PT001  ( R ) " Skilled Dark Magician " "Mago Negro Habilidoso" EnragedBattleOx-DL15-PT-R-UE-Purple.png DL15-PT002  ( R ) " Enraged Battle Ox " "Touro Guerreiro Enfurecido" UltimateBaseballKid-DL15-PT-R-UE-Purple.png DL15-PT003  ( R ) " Ultimate Baseball Kid " "Rapaz de Baseball Derradeiro" GaiaSoultheCombustibleCollective-DL15-PT-R-UE-Purple.png DL15-PT004  ( R ) " Gaia Soul the Combustible Collective " "Alma de Gaia, o Coletivo de Combustível" FrostandFlameDragon-DL15-PT-R-UE-Purple.png DL15-PT005  ( R ) " Frost and Flame Dragon " "Dragão das Chamas e da Geada" CaiustheShadowMonarch-DL15-PT-R-UE-Purple.png DL15-PT006  ( R ) " Caius the Shadow Monarch " "Caius, o Monarca das Sombras" SuperNimbleMegaHamster-DL15-PT-R-UE-Purple.png DL15-PT007  ( R ) " Super-Nimble Mega Hamster " "Mega Hamster Super-Ágil" ZubabaKnight-DL15-PT-R-UE-Purple.png DL15-PT008  ( R ) " Zubaba Knight " "Cavaleiro Zubaba" GagagaMagician-DL15-PT-R-UE-Purple.png DL15-PT009  ( R ) " Gagaga Magician " "Mago Gagaga" GogogoGolem-DL15-PT-R-UE-Purple.png DL15-PT010  ( R ) " Gogogo Golem " "Golem Gogogo" Kurivolt-DL15-PT-R-UE-Purple.png DL15-PT011  ( R ) " Kurivolt " "Kurivolt" Number17LeviathanDragon-DL15-PT-R-UE-Purple.png DL15-PT012  ( R ) " Number 17: Leviathan Dragon " "Número 17: Dragão Leviatã" Salamandra-DL15-PT-R-UE-Purple.png DL15-PT013  ( R ) " Salamandra " "Salamandra" FiresofDoomsday-DL15-PT-R-UE-Purple.png DL15-PT014  ( R ) " Fires of Doomsday " "Fogos do Juízo Final" BlackWhirlwind-DL15-PT-R-UE-Purple.png DL15-PT015  ( R ) " Black Whirlwind " "Redemoinho Negro" Solidarity-DL15-PT-R-UE-Purple.png DL15-PT016  ( R ) " Solidarity " "Solidariedade" WonderWand-DL15-PT-R-UE-Purple.png DL15-PT017  ( R ) " Wonder Wand " "Varinha das Maravilhas" MirrorForce-DL15-PT-R-UE-Purple.png DL15-PT018  ( R ) " Mirror Force " "Força do Espelho" DisturbanceStrategy-DL15-PT-R-UE-Purple.png DL15-PT019  ( R ) " Disturbance Strategy " "Estratégia de Disturbio" HornofthePhantomBeast-DL15-PT-R-UE-Purple.png DL15-PT020  ( R ) " Horn of the Phantom Beast " "Chifre da Besta Fantasma" 
 Red 
 SkilledDarkMagician-DL15-PT-R-UE-Red.png DL15-PT001  ( R ) " Skilled Dark Magician " "Mago Negro Habilidoso" EnragedBattleOx-DL15-PT-R-UE-Red.png DL15-PT002  ( R ) " Enraged Battle Ox " "Touro Guerreiro Enfurecido" UltimateBaseballKid-DL15-PT-R-UE-Red.png DL15-PT003  ( R ) " Ultimate Baseball Kid " "Rapaz de Baseball Derradeiro" GaiaSoultheCombustibleCollective-DL15-PT-R-UE-Red.png DL15-PT004  ( R ) " Gaia Soul the Combustible Collective " "Alma de Gaia, o Coletivo de Combustível" FrostandFlameDragon-DL15-PT-R-UE-Red.png DL15-PT005  ( R ) " Frost and Flame Dragon " "Dragão das Chamas e da Geada" CaiustheShadowMonarch-DL15-PT-R-UE-Red.png DL15-PT006  ( R ) " Caius the Shadow Monarch " "Caius, o Monarca das Sombras" SuperNimbleMegaHamster-DL15-PT-R-UE-Red.png DL15-PT007  ( R ) " Super-Nimble Mega Hamster " "Mega Hamster Super-Ágil" ZubabaKnight-DL15-PT-R-UE-Red.png DL15-PT008  ( R ) " Zubaba Knight " "Cavaleiro Zubaba" GagagaMagician-DL15-PT-R-UE-Red.png DL15-PT009  ( R ) " Gagaga Magician " "Mago Gagaga" GogogoGolem-DL15-PT-R-UE-Red.png DL15-PT010  ( R ) " Gogogo Golem " "Golem Gogogo" Kurivolt-DL15-PT-R-UE-Red.png DL15-PT011  ( R ) " Kurivolt " "Kurivolt" Number17LeviathanDragon-DL15-PT-R-UE-Red.png DL15-PT012  ( R ) " Number 17: Leviathan Dragon " "Número 17: Dragão Leviatã" Salamandra-DL15-PT-R-UE-Red.png DL15-PT013  ( R ) " Salamandra " "Salamandra" FiresofDoomsday-DL15-PT-R-UE-Red.png DL15-PT014  ( R ) " Fires of Doomsday " "Fogos do Juízo Final" BlackWhirlwind-DL15-PT-R-UE-Red.png DL15-PT015  ( R ) " Black Whirlwind " "Redemoinho Negro" Solidarity-DL15-PT-R-UE-Red.png DL15-PT016  ( R ) " Solidarity " "Solidariedade" WonderWand-DL15-PT-R-UE-Red.png DL15-PT017  ( R ) " Wonder Wand " "Varinha das Maravilhas" MirrorForce-DL15-PT-R-UE-Red.png DL15-PT018  ( R ) " Mirror Force " "Força do Espelho" DisturbanceStrategy-DL15-PT-R-UE-Red.png DL15-PT019  ( R ) " Disturbance Strategy " "Estratégia de Disturbio" HornofthePhantomBeast-DL15-PT-R-UE-Red.png DL15-PT020  ( R ) " Horn of the Phantom Beast " "Chifre da Besta Fantasma" 
 
 
 
 
Images: ['https://static.wikia.nocookie.net/yugioh/images/f/f2/Number17LeviathanDragon-DL15-PT-R-UE-Blue.png/revision/latest/scale-to-width-down/120?cb=20160420121702', 'data:image/gif;base64,R0lGODlhAQABAIABAAAAAP///yH5BAEAAAEALAAAAAABAAEAQAICTAEAOw%3D%3D']
Categories: Portuguese Set Card Galleries, Unlimited Edition Set Card Galleries