Link: https://yugioh.fandom.com/wiki/Set_Card_Galleries:Battle_Pack:_Epic_Dawn_(TCG-SP-UE)


 
 TCG Galleries  -  OCG Galleries  -  DDM Galleries  -  Bandai Galleries 
 
 
 
 Boosters  -  Decks  -  Packs  -  Promotions 
 
 
 Battle Pack: Epic Dawn Battle Pack: Amanecer Épico Spanish - Unlimited Edition WitchoftheBlackForest-BP01-SP-R-UE.png BP01-SP001  ( R ) " Witch of the Black Forest " "Bruja del Bosque Negro" CyberJar-BP01-SP-R-UE.png BP01-SP002  ( R ) " Cyber Jar " "Ciber Jarra" Jinzo-BP01-SP-R-UE.png BP01-SP003  ( R ) " Jinzo " "Jinzo" InjectionFairyLily-BP01-SP-R-UE.png BP01-SP004  ( R ) " Injection Fairy Lily " "Hada de la Inyección Lily" DarkDustSpirit-BP01-SP-R-UE.png BP01-SP005  ( R ) " Dark Dust Spirit " "Espíritu de Polvo Oscuro" SkullArchfiendofLightning-BP01-SP-R-UE.png BP01-SP006  ( R ) " Skull Archfiend of Lightning " "Archidemonio Cráneo del Relámpago" DarkMagicianofChaos-BP01-SP-R-UE.png BP01-SP007  ( R ) " Dark Magician of Chaos " "Mago Oscuro del Caos" BlowbackDragon-BP01-SP-R-UE.png BP01-SP008  ( R ) " Blowback Dragon " "Dragón Escupefuego" MobiustheFrostMonarch-BP01-SP-R-UE.png BP01-SP009  ( R ) " Mobius the Frost Monarch " "Mobius, el Monarca de la Escarcha" FoxFire-BP01-SP-R-UE.png BP01-SP010  ( R ) " Fox Fire " "Zorro de Fuego" AncientGearGolem-BP01-SP-R-UE.png BP01-SP011  ( R ) " Ancient Gear Golem " "Golem de Mecanismo Antiguo" TreebornFrog-BP01-SP-R-UE.png BP01-SP012  ( R ) " Treeborn Frog " "RANA Arbórea" SuperConductorTyranno-BP01-SP-R-UE.png BP01-SP013  ( R ) " Super Conductor Tyranno " "Tyranno Superconductor" GorztheEmissaryofDarkness-BP01-SP-R-UE.png BP01-SP014  ( R ) " Gorz the Emissary of Darkness " "Gorz el Emisario de la Oscuridad" RaizatheStormMonarch-BP01-SP-R-UE.png BP01-SP015  ( R ) " Raiza the Storm Monarch " "Raiza el Monarca de las Tormentas" WhiteNightDragon-BP01-SP-R-UE.png BP01-SP016  ( R ) " White Night Dragon " "Dragón de la Noche Blanca" DeepDiver-BP01-SP-R-UE.png BP01-SP017  ( R ) " Deep Diver " "Buzo de las Profundidades" CaiustheShadowMonarch-BP01-SP-R-UE.png BP01-SP018  ( R ) " Caius the Shadow Monarch " "Caius el Monarca de las Sombras" Krebons-BP01-SP-R-UE.png BP01-SP019  ( R ) " Krebons " "Krebons" Tragoedia-BP01-SP-R-UE.png BP01-SP020  ( R ) " Tragoedia " "Tragoedia" ObelisktheTormentor-BP01-SP-R-UE.png BP01-SP021  ( R ) " Obelisk the Tormentor " "Obelisco el Atormentador" MachinaFortress-BP01-SP-R-UE.png BP01-SP022  ( R ) " Machina Fortress " "Maquinaria Fortaleza" TourGuideFromtheUnderworld-BP01-SP-R-UE.png BP01-SP023  ( R ) " Tour Guide From the Underworld " "Guía Turística del Inframundo" Number39Utopia-BP01-SP-R-UE.png BP01-SP024  ( R ) " Number 39: Utopia " "Número 39: Utopía" GachiGachiGantetsu-BP01-SP-R-UE.png BP01-SP025  ( R ) " Gachi Gachi Gantetsu " "Gachi Gachi Gantetsu" Grenosaurus-BP01-SP-R-UE.png BP01-SP026  ( R ) " Grenosaurus " "Grenosaurus" Number17LeviathanDragon-BP01-SP-R-UE.png BP01-SP027  ( R ) " Number 17: Leviathan Dragon " "Número 17: Dragón Leviatán" WindUpZenmaister-BP01-SP-R-UE.png BP01-SP028  ( R ) " Wind-Up Zenmaister " "Zenmaestro de Cuerda" TirasKeeperofGenesis-BP01-SP-R-UE.png BP01-SP029  ( R ) " Tiras, Keeper of Genesis " "Tiras, Cuidador de Génesis" AdreusKeeperofArmageddon-BP01-SP-R-UE.png BP01-SP030  ( R ) " Adreus, Keeper of Armageddon " "Adreus, Cuidador del Armagedón" GemKnightPearl-BP01-SP-R-UE.png BP01-SP031  ( R ) " Gem-Knight Pearl " "Caballero-Gema Perla" Raigeki-BP01-SP-R-UE.png BP01-SP032  ( R ) " Raigeki " "Raigeki" SwordsofRevealingLight-BP01-SP-R-UE.png BP01-SP033  ( R ) " Swords of Revealing Light " "Espadas de la Luz Reveladora" PotofGreed-BP01-SP-R-UE.png BP01-SP034  ( R ) " Pot of Greed " "Olla de la Codicia" HarpiesFeatherDuster-BP01-SP-R-UE.png BP01-SP035  ( R ) " Harpie's Feather Duster " "Polvo de Pluma de Arpía" GracefulCharity-BP01-SP-R-UE.png BP01-SP036  ( R ) " Graceful Charity " "Caridad Grácil" ChangeofHeart-BP01-SP-R-UE.png BP01-SP037  ( R ) " Change of Heart " "Cambio de Fidelidad" HeavyStorm-BP01-SP-R-UE.png BP01-SP038  ( R ) " Heavy Storm " "Tormenta Fuerte" SnatchSteal-BP01-SP-R-UE.png BP01-SP039  ( R ) " Snatch Steal " "Robo Oportunista" PrematureBurial-BP01-SP-R-UE.png BP01-SP040  ( R ) " Premature Burial " "Entierro Prematuro" SoulExchange-BP01-SP-R-UE.png BP01-SP041  ( R ) " Soul Exchange " "Intercambio de Almas" Scapegoat-BP01-SP-R-UE.png BP01-SP042  ( R ) " Scapegoat " "Scapegoat" UnitedWeStand-BP01-SP-R-UE.png BP01-SP043  ( R ) " United We Stand " "Estamos Juntos" CreatureSwap-BP01-SP-R-UE.png BP01-SP044  ( R ) " Creature Swap " "Intercambio de Criatura" BurdenoftheMighty-BP01-SP-R-UE.png BP01-SP045  ( R ) " Burden of the Mighty " "Carga del Poderoso" PotofDuality-BP01-SP-R-UE.png BP01-SP046  ( R ) " Pot of Duality " "Olla de la Dualidad" SolemnJudgment-BP01-SP-R-UE.png BP01-SP047  ( R ) " Solemn Judgment " "Juicio Solemne" MirrorForce-BP01-SP-R-UE.png BP01-SP048  ( R ) " Mirror Force " "Fuerza de Espejo" CalloftheHaunted-BP01-SP-R-UE.png BP01-SP049  ( R ) " Call of the Haunted " "Llamada de los Condenados" RingofDestruction-BP01-SP-R-UE.png BP01-SP050  ( R ) " Ring of Destruction " "Anillo Destructor" TorrentialTribute-BP01-SP-R-UE.png BP01-SP051  ( R ) " Torrential Tribute " "Tributo Torrencial" MetalReflectSlime-BP01-SP-R-UE.png BP01-SP052  ( R ) " Metal Reflect Slime " "Limo Reflectametal" SkillDrain-BP01-SP-R-UE.png BP01-SP053  ( R ) " Skill Drain " "Drenaje de Habilidad" DivineWrath-BP01-SP-R-UE.png BP01-SP054  ( R ) " Divine Wrath " "Ira Divina" DarkBribe-BP01-SP-R-UE.png BP01-SP055  ( R ) " Dark Bribe " "Soborno Oscuro" Greenkappa-BP01-SP-C-UE.png BP01-SP056  ( C ) " Greenkappa " "Kappa Verde" PenguinSoldier-BP01-SP-C-UE.png BP01-SP057  ( C ) " Penguin Soldier " "Soldado Pingüino" MysteriousGuard-BP01-SP-C-UE.png BP01-SP058  ( C ) " Mysterious Guard " "Guardia Misterioso" ExiledForce-BP01-SP-C-UE.png BP01-SP059  ( C ) " Exiled Force " "Fuerza Exiliada" OldVindictiveMagician-BP01-SP-C-UE.png BP01-SP060  ( C ) " Old Vindictive Magician " "Viejo Mago Vengativo" BreakertheMagicalWarrior-BP01-SP-C-UE.png BP01-SP061  ( C ) " Breaker the Magical Warrior " "Breaker el Guerrero Mágico" GraveSquirmer-BP01-SP-C-UE.png BP01-SP062  ( C ) " Grave Squirmer " "Serpenteador de la Tumba" RykoLightswornHunter-BP01-SP-C-UE.png BP01-SP063  ( C ) " Ryko, Lightsworn Hunter " "Ryko, Cazador Luminoso" SnowmanEater-BP01-SP-C-UE.png BP01-SP064  ( C ) " Snowman Eater " "Hombre de Nieve Comilón" Fissure-BP01-SP-C-UE.png BP01-SP065  ( C ) " Fissure " "Fisura" TributetoTheDoomed-BP01-SP-C-UE.png BP01-SP066  ( C ) " Tribute to The Doomed " "Sacrificio a los Condenados" AxeofDespair-BP01-SP-C-UE.png BP01-SP067  ( C ) " Axe of Despair " "Hacha del Desespero" MysticalSpaceTyphoon-BP01-SP-C-UE.png BP01-SP068  ( C ) " Mystical Space Typhoon " "Tifón del Espacio Místico" HornoftheUnicorn-BP01-SP-C-UE.png BP01-SP069  ( C ) " Horn of the Unicorn " "Cuerno del Unicornio" OfferingstotheDoomed-BP01-SP-C-UE.png BP01-SP070  ( C ) " Offerings to the Doomed " "Ofrendas a los Condenados" BaitDoll-BP01-SP-C-UE.png BP01-SP071  ( C ) " Bait Doll " "Muñeca Señuelo" BookofMoon-BP01-SP-C-UE.png BP01-SP072  ( C ) " Book of Moon " "Libro de la Luna" AutonomousActionUnit-BP01-SP-C-UE.png BP01-SP073  ( C ) " Autonomous Action Unit " "Unidad de Acción Autónoma" Ante-BP01-SP-C-UE.png BP01-SP074  ( C ) " Ante " "Apuesta" BigBangShot-BP01-SP-C-UE.png BP01-SP075  ( C ) " Big Bang Shot " "Rayo del Big Bang" FiendsSanctuary-BP01-SP-C-UE.png BP01-SP076  ( C ) " Fiend's Sanctuary " "Santuario del Demonio" DifferentDimensionGate-BP01-SP-C-UE.png BP01-SP077  ( C ) " Different Dimension Gate " "Puerta a Otra Dimensión" EnemyController-BP01-SP-C-UE.png BP01-SP078  ( C ) " Enemy Controller " "Controlador de Enemigos" MonsterGate-BP01-SP-C-UE.png BP01-SP079  ( C ) " Monster Gate " "Puerta de Monstruo" ShieldCrush-BP01-SP-C-UE.png BP01-SP080  ( C ) " Shield Crush " "Pulverizar el Escudo" FightingSpirit-BP01-SP-C-UE.png BP01-SP081  ( C ) " Fighting Spirit " "Espíritu de Pelea" ForbiddenChalice-BP01-SP-C-UE.png BP01-SP082  ( C ) " Forbidden Chalice " "Cáliz Prohibido" DarkworldShackles-BP01-SP-C-UE.png BP01-SP083  ( C ) " Darkworld Shackles " "Grilletes del Oscuro" ForbiddenLance-BP01-SP-C-UE.png BP01-SP084  ( C ) " Forbidden Lance " "Lanza Prohibida" InfectedMail-BP01-SP-C-UE.png BP01-SP085  ( C ) " Infected Mail " "Correo Infectado" EgoBoost-BP01-SP-C-UE.png BP01-SP086  ( C ) " Ego Boost " "Mejora del Ego" KunaiwithChain-BP01-SP-C-UE.png BP01-SP087  ( C ) " Kunai with Chain " "Kunai con Cadena" DustTornado-BP01-SP-C-UE.png BP01-SP088  ( C ) " Dust Tornado " "Tornado de Polvo" WindstormofEtaqua-BP01-SP-C-UE.png BP01-SP089  ( C ) " Windstorm of Etaqua " "Torbellino de Etaqua" MagicDrain-BP01-SP-C-UE.png BP01-SP090  ( C ) " Magic Drain " "Drenaje Mágico" MagicCylinder-BP01-SP-C-UE.png BP01-SP091  ( C ) " Magic Cylinder " "Cilindro Mágico" ShadowSpell-BP01-SP-C-UE.png BP01-SP092  ( C ) " Shadow Spell " "Hechizo de Sombra" BlastwithChain-BP01-SP-C-UE.png BP01-SP093  ( C ) " Blast with Chain " "Estallido en Cadena" NeedleCeiling-BP01-SP-C-UE.png BP01-SP094  ( C ) " Needle Ceiling " "Techo de Agujas" RecklessGreed-BP01-SP-C-UE.png BP01-SP095  ( C ) " Reckless Greed " "Codicia Imprudente" NightmareWheel-BP01-SP-C-UE.png BP01-SP096  ( C ) " Nightmare Wheel " "Rueda de la Pesadilla" SpellShieldType8-BP01-SP-C-UE.png BP01-SP097  ( C ) " Spell Shield Type-8 " "Escudo de Hechizos Tipo 8" InterdimensionalMatterTransporter-BP01-SP-C-UE.png BP01-SP098  ( C ) " Interdimensional Matter Transporter " "Transportador de Materia Interdimensional" CompulsoryEvacuationDevice-BP01-SP-C-UE.png BP01-SP099  ( C ) " Compulsory Evacuation Device " "Artilugio de Evacuación Compulsiva" PridefulRoar-BP01-SP-C-UE.png BP01-SP100  ( C ) " Prideful Roar " "Rugido Orgulloso" HalforNothing-BP01-SP-C-UE.png BP01-SP101  ( C ) " Half or Nothing " "La Mitad o Nada" SkillSuccessor-BP01-SP-C-UE.png BP01-SP102  ( C ) " Skill Successor " "Sucesor en las Habilidades" PixieRing-BP01-SP-C-UE.png BP01-SP103  ( C ) " Pixie Ring " "Anillo de Duendecillas" ChangingDestiny-BP01-SP-C-UE.png BP01-SP104  ( C ) " Changing Destiny " "Destino Cambiante" FiendishChain-BP01-SP-C-UE.png BP01-SP105  ( C ) " Fiendish Chain " "Cadena Demoníaca" InverseUniverse-BP01-SP-C-UE.png BP01-SP106  ( C ) " Inverse Universe " "Universo Inverso" MiraclesWake-BP01-SP-C-UE.png BP01-SP107  ( C ) " Miracle's Wake " "Consecuencia del Milagro" PowerFrame-BP01-SP-C-UE.png BP01-SP108  ( C ) " Power Frame " "Armazón de Poder" DamageGate-BP01-SP-C-UE.png BP01-SP109  ( C ) " Damage Gate " "Portal del Daño" LibertyatLast-BP01-SP-C-UE.png BP01-SP110  ( C ) " Liberty at Last! " "¡Libertad al fin!" LusterDragon-BP01-SP-C-UE.png BP01-SP111  ( C ) " Luster Dragon " "Dragón del Brillo" ArchfiendSoldier-BP01-SP-C-UE.png BP01-SP112  ( C ) " Archfiend Soldier " "Archidemonio Soldado" MadDogofDarkness-BP01-SP-C-UE.png BP01-SP113  ( C ) " Mad Dog of Darkness " "Perro Loco de la Oscuridad" CharcoalInpachi-BP01-SP-C-UE.png BP01-SP114  ( C ) " Charcoal Inpachi " "Inpachi de Carbón" InsectKnight-BP01-SP-C-UE.png BP01-SP115  ( C ) " Insect Knight " "Caballero Insecto" GeneWarpedWarwolf-BP01-SP-C-UE.png BP01-SP116  ( C ) " Gene-Warped Warwolf " "Lobo de Guerra de Genes Cambiados" BusterBlader-BP01-SP-C-UE.png BP01-SP117  ( C ) " Buster Blader " "Buster Blader" GoblinAttackForce-BP01-SP-C-UE.png BP01-SP118  ( C ) " Goblin Attack Force " "Fuerza de Ataque Goblin" BazootheSoulEater-BP01-SP-C-UE.png BP01-SP119  ( C ) " Bazoo the Soul-Eater " "Bazoo el Come Almas" ZombyratheDark-BP01-SP-C-UE.png BP01-SP120  ( C ) " Zombyra the Dark " "Zombyra el Oscuro" SlateWarrior-BP01-SP-C-UE.png BP01-SP121  ( C ) " Slate Warrior " "Guerrero de Pizarra" DarkRulerHaDes-BP01-SP-C-UE.png BP01-SP122  ( C ) " Dark Ruler Ha Des " "Gobernante Oscuro Ha Des" FreedtheMatchlessGeneral-BP01-SP-C-UE.png BP01-SP123  ( C ) " Freed the Matchless General " "Freed el General Sin Igual" AirknightParshath-BP01-SP-C-UE.png BP01-SP124  ( C ) " Airknight Parshath " "Caballero del Aire Parsath" AsuraPriest-BP01-SP-C-UE.png BP01-SP125  ( C ) " Asura Priest " "Sacerdote de Asura" ExarionUniverse-BP01-SP-C-UE.png BP01-SP126  ( C ) " Exarion Universe " "Universo Exarion" VampireLord-BP01-SP-C-UE.png BP01-SP127  ( C ) " Vampire Lord " "Señor de los Vampiros" ToonGeminiElf-BP01-SP-C-UE.png BP01-SP128  ( C ) " Toon Gemini Elf " "Elfo Géminis Toon" KingTigerWanghu-BP01-SP-C-UE.png BP01-SP129  ( C ) " King Tiger Wanghu " "Rey Tigre Wanghu" GuardianSphinx-BP01-SP-C-UE.png BP01-SP130  ( C ) " Guardian Sphinx " "Esfinge Guardiana" SkilledWhiteMagician-BP01-SP-C-UE.png BP01-SP131  ( C ) " Skilled White Magician " "Mago Blanco Hábil" ZaborgtheThunderMonarch-BP01-SP-C-UE.png BP01-SP132  ( C ) " Zaborg the Thunder Monarch " "Zaborg el Monarca del Trueno" DDAssailant-BP01-SP-C-UE.png BP01-SP133  ( C ) " D.D. Assailant " "Asaltante D.D." ThebanNightmare-BP01-SP-C-UE.png BP01-SP134  ( C ) " Theban Nightmare " "Pesadilla de Tebas" TheTricky-BP01-SP-C-UE.png BP01-SP135  ( C ) " The Tricky " "El Difícil" RagingFlameSprite-BP01-SP-C-UE.png BP01-SP136  ( C ) " Raging Flame Sprite " "Duendecilla de la Llama Enfurecida" ChirontheMage-BP01-SP-C-UE.png BP01-SP137  ( C ) " Chiron the Mage " "Chiron el Mago" CyberDragon-BP01-SP-C-UE.png BP01-SP138  ( C ) " Cyber Dragon " "Ciber Dragón" CyberneticMagician-BP01-SP-C-UE.png BP01-SP139  ( C ) " Cybernetic Magician " "Mago Cibernético" GoblinEliteAttackForce-BP01-SP-C-UE.png BP01-SP140  ( C ) " Goblin Elite Attack Force " "Fuerza de Ataque de Élite Goblin" DoomcaliberKnight-BP01-SP-C-UE.png BP01-SP141  ( C ) " Doomcaliber Knight " "Caballero Descubrimiento Calavera" ChainsawInsect-BP01-SP-C-UE.png BP01-SP142  ( C ) " Chainsaw Insect " "Insecto Motosierra" BP01-SP143  ( C ) " Card Trooper " "Soldado de la Carta" VolticKong-BP01-SP-C-UE.png BP01-SP144  ( C ) " Voltic Kong " "Kong de Voltaje" BotanicalLion-BP01-SP-C-UE.png BP01-SP145  ( C ) " Botanical Lion " "León Botánico" AncientGearKnight-BP01-SP-C-UE.png BP01-SP146  ( C ) " Ancient Gear Knight " "Caballero de Mecanismo Antiguo" BlizzardDragon-BP01-SP-C-UE.png BP01-SP147  ( C ) " Blizzard Dragon " "Dragón de la Tormenta de Nieve" BeastKingBarbaros-BP01-SP-C-UE.png BP01-SP148  ( C ) " Beast King Barbaros " "Rey Bestia Barbaros" TheCalculator-BP01-SP-C-UE.png BP01-SP149  ( C ) " The Calculator " "El Calculador" GaaptheDivineSoldier-BP01-SP-C-UE.png BP01-SP150  ( C ) " Gaap the Divine Soldier " "Gaap, el Soldado Divino" ArcanaForceXIVTemperance-BP01-SP-C-UE.png BP01-SP151  ( C ) " Arcana Force XIV - Temperance " "Fuerza Arcana XIV - Templanza" DarkValkyria-BP01-SP-C-UE.png BP01-SP152  ( C ) " Dark Valkyria " "Valkiria Oscura" AlectorSovereignofBirds-BP01-SP-C-UE.png BP01-SP153  ( C ) " Alector, Sovereign of Birds " "Alector, Soberano de Pájaros" TwinBarrelDragon-BP01-SP-C-UE.png BP01-SP154  ( C ) " Twin-Barrel Dragon " "Dragón de Barriles Gemelos" AbyssalKingshark-BP01-SP-C-UE.png BP01-SP155  ( C ) " Abyssal Kingshark " "Rey Tiburón del Abismo" JurracProtops-BP01-SP-C-UE.png BP01-SP156  ( C ) " Jurrac Protops " "Jurrac Protops" HedgeGuard-BP01-SP-C-UE.png BP01-SP157  ( C ) " Hedge Guard " "Vigilante del Seto" FabledAshenveil-BP01-SP-C-UE.png BP01-SP158  ( C ) " Fabled Ashenveil " "Fabuloso Ashenvil" BackupWarrior-BP01-SP-C-UE.png BP01-SP159  ( C ) " Backup Warrior " "Guerrero de Apoyo" AmbitiousGofer-BP01-SP-C-UE.png BP01-SP160  ( C ) " Ambitious Gofer " "Recadero Ambicioso" PowerGiant-BP01-SP-C-UE.png BP01-SP161  ( C ) " Power Giant " "Gigante del Poder" CardGuard-BP01-SP-C-UE.png BP01-SP162  ( C ) " Card Guard " "Vigilante de las Cartas" Yaksha-BP01-SP-C-UE.png BP01-SP163  ( C ) " Yaksha " "Yaksha" GogogoGolem-BP01-SP-C-UE.png BP01-SP164  ( C ) " Gogogo Golem " "Gólem Gogogo" BigJaws-BP01-SP-C-UE.png BP01-SP165  ( C ) " Big Jaws " "Mandíbulas Grandes" WindUpSoldier-BP01-SP-C-UE.png BP01-SP166  ( C ) " Wind-Up Soldier " "Soldado de Cuerda" WindUpDog-BP01-SP-C-UE.png BP01-SP167  ( C ) " Wind-Up Dog " "Perro de Cuerda" MillatheTemporalMagician-BP01-SP-C-UE.png BP01-SP168  ( C ) " Milla the Temporal Magician " "Milla la Maga Temporal" ApeFighter-BP01-SP-C-UE.png BP01-SP169  ( C ) " Ape Fighter " "Simio Luchador" WindUpWarrior-BP01-SP-C-UE.png BP01-SP170  ( C ) " Wind-Up Warrior " "Guerrero de Cuerda" GiantSoldierofStone-BP01-SP-C-UE.png BP01-SP171  ( C ) " Giant Soldier of Stone " "Soldado Gigante de Piedra" MaskofDarkness-BP01-SP-C-UE.png BP01-SP172  ( C ) " Mask of Darkness " "Máscara de la Oscuridad" MorphingJar-BP01-SP-C-UE.png BP01-SP173  ( C ) " Morphing Jar " "Jarra de la Metamorfosis" MukaMuka-BP01-SP-C-UE.png BP01-SP174  ( C ) " Muka Muka " "Muka Muka" BlastSphere-BP01-SP-C-UE.png BP01-SP175  ( C ) " Blast Sphere " "Esfera Explosiva" BigShieldGardna-BP01-SP-C-UE.png BP01-SP176  ( C ) " Big Shield Gardna " "Gran Escudo Gardna" Gilasaurus-BP01-SP-C-UE.png BP01-SP177  ( C ) " Gilasaurus " "Gilasaurus" PossessedDarkSoul-BP01-SP-C-UE.png BP01-SP178  ( C ) " Possessed Dark Soul " "Alma Oscura Poseída" TwinHeadedBehemoth-BP01-SP-C-UE.png BP01-SP179  ( C ) " Twin-Headed Behemoth " "Behemoth de Dos Cabezas" MakyuratheDestructor-BP01-SP-C-UE.png BP01-SP180  ( C ) " Makyura the Destructor " "Makyura the Destructor" HelpingRoboforCombat-BP01-SP-C-UE.png BP01-SP181  ( C ) " Helping Robo for Combat " "Robot de Ayuda para el Combate" Zolga-BP01-SP-C-UE.png BP01-SP182  ( C ) " Zolga " "Zolga" ChaosNecromancer-BP01-SP-C-UE.png BP01-SP183  ( C ) " Chaos Necromancer " "Nigromante del Caos" StealthBird-BP01-SP-C-UE.png BP01-SP184  ( C ) " Stealth Bird " "Pájaro Sigiloso" HyperHammerhead-BP01-SP-C-UE.png BP01-SP185  ( C ) " Hyper Hammerhead " "Híper Cabeza de Martillo" GraveProtector-BP01-SP-C-UE.png BP01-SP186  ( C ) " Grave Protector " "Guardia del Cementerio" NightAssailant-BP01-SP-C-UE.png BP01-SP187  ( C ) " Night Assailant " "Asaltante Nocturno" PitchBlackWarwolf-BP01-SP-C-UE.png BP01-SP188  ( C ) " Pitch-Black Warwolf " "Lobo de Guerra Negro Absoluto" DekoichitheBattlechantedLocomotive-BP01-SP-C-UE.png BP01-SP189  ( C ) " Dekoichi the Battlechanted Locomotive " "Dekoichi la Locomotora Encantada" Gyroid-BP01-SP-C-UE.png BP01-SP190  ( C ) " Gyroid " "Gyroid" Drillroid-BP01-SP-C-UE.png BP01-SP191  ( C ) " Drillroid " "Drillroid" GraviticOrb-BP01-SP-C-UE.png BP01-SP192  ( C ) " Gravitic Orb " "Orbe Gravitacional" CloudianPoisonCloud-BP01-SP-C-UE.png BP01-SP193  ( C ) " Cloudian - Poison Cloud " "Cloudian - Nube Tóxica" DesMosquito-BP01-SP-C-UE.png BP01-SP194  ( C ) " Des Mosquito " "Des Mosquito" MadReloader-BP01-SP-C-UE.png BP01-SP195  ( C ) " Mad Reloader " "Recargador Loco" PhantomofChaos-BP01-SP-C-UE.png BP01-SP196  ( C ) " Phantom of Chaos " "Fantasma del Caos" CyberValley-BP01-SP-C-UE.png BP01-SP197  ( C ) " Cyber Valley " "Ciber Valle" BlueThunderT45-BP01-SP-C-UE.png BP01-SP198  ( C ) " Blue Thunder T-45 " "Trueno Azul T-45" VortexTrooper-BP01-SP-C-UE.png BP01-SP199  ( C ) " Vortex Trooper " "Soldado del Vórtice" DUCKERMobileCannon-BP01-SP-C-UE.png BP01-SP200  ( C ) " DUCKER Mobile Cannon " "Cañón Móvil DUCKER" WormBarses-BP01-SP-C-UE.png BP01-SP201  ( C ) " Worm Barses " "Gusano Barses" ShieldWarrior-BP01-SP-C-UE.png BP01-SP202  ( C ) " Shield Warrior " "Guerrero del Escudo" DarkResonator-BP01-SP-C-UE.png BP01-SP203  ( C ) " Dark Resonator " "Resonador Oscuro" NoisyGnat-BP01-SP-C-UE.png BP01-SP204  ( C ) " Noisy Gnat " "Mosquito Ruidoso" FabledRaven-BP01-SP-C-UE.png BP01-SP205  ( C ) " Fabled Raven " "Cuervo Fabuloso" FortressWarrior-BP01-SP-C-UE.png BP01-SP206  ( C ) " Fortress Warrior " "Guerrero de la Fortaleza" TwinSwordMarauder-BP01-SP-C-UE.png BP01-SP207  ( C ) " Twin-Sword Marauder " "Merodeador de Espadas Gemelas" LevelWarrior-BP01-SP-C-UE.png BP01-SP208  ( C ) " Level Warrior " "Guerrero del Nivel" LevelEater-BP01-SP-C-UE.png BP01-SP209  ( C ) " Level Eater " "Devorador de Niveles" NaturiaStrawberry-BP01-SP-C-UE.png BP01-SP210  ( C ) " Naturia Strawberry " "Fresa Naturia" BattleFader-BP01-SP-C-UE.png BP01-SP211  ( C ) " Battle Fader " "Atenuador de Batalla" AmazonessSage-BP01-SP-C-UE.png BP01-SP212  ( C ) " Amazoness Sage " "Sabia Amazoness" AmazonessTrainee-BP01-SP-C-UE.png BP01-SP213  ( C ) " Amazoness Trainee " "Aprendiza Amazoness" HardenedArmedDragon-BP01-SP-C-UE.png BP01-SP214  ( C ) " Hardened Armed Dragon " "Dragón Armado Endurecido" BlackwingZephyrostheElite-BP01-SP-C-UE.png BP01-SP215  ( C ) " Blackwing - Zephyros the Elite " "Alanegra - Zephyros la Élite" TanngrisniroftheNordicBeasts-BP01-SP-C-UE.png BP01-SP216  ( C ) " Tanngrisnir of the Nordic Beasts " "Tanngrisnir de las Bestias Nórdicas" ShineKnight-BP01-SP-C-UE.png BP01-SP217  ( C ) " Shine Knight " "Caballero Brillante" GagagaMagician-BP01-SP-C-UE.png BP01-SP218  ( C ) " Gagaga Magician " "Mago Gagaga" Goblindbergh-BP01-SP-C-UE.png BP01-SP219  ( C ) " Goblindbergh " "Goblindbergh" PsiBlocker-BP01-SP-C-UE.png BP01-SP220  ( C ) " Psi-Blocker " "Bloqueador Psi" 
 Starfoil Rares 
 WitchoftheBlackForest-BP01-SP-SFR-UE.png BP01-SP001  ( SFR ) " Witch of the Black Forest " "Bruja del Bosque Negro" CyberJar-BP01-SP-SFR-UE.png BP01-SP002  ( SFR ) " Cyber Jar " "Ciber Jarra" Jinzo-BP01-SP-SFR-UE.png BP01-SP003  ( SFR ) " Jinzo " "Jinzo" InjectionFairyLily-BP01-SP-SFR-UE.png BP01-SP004  ( SFR ) " Injection Fairy Lily " "Hada de la Inyección Lily" DarkDustSpirit-BP01-SP-SFR-UE.png BP01-SP005  ( SFR ) " Dark Dust Spirit " "Espíritu de Polvo Oscuro" SkullArchfiendofLightning-BP01-SP-SFR-UE.png BP01-SP006  ( SFR ) " Skull Archfiend of Lightning " "Archidemonio Cráneo del Relámpago" DarkMagicianofChaos-BP01-SP-SFR-UE.png BP01-SP007  ( SFR ) " Dark Magician of Chaos " "Mago Oscuro del Caos" BlowbackDragon-BP01-SP-SFR-UE.png BP01-SP008  ( SFR ) " Blowback Dragon " "Dragón Escupefuego" MobiustheFrostMonarch-BP01-SP-SFR-UE.png BP01-SP009  ( SFR ) " Mobius the Frost Monarch " "Mobius, el Monarca de la Escarcha" FoxFire-BP01-SP-SFR-UE.png BP01-SP010  ( SFR ) " Fox Fire " "Zorro de Fuego" AncientGearGolem-BP01-SP-SFR-UE.png BP01-SP011  ( SFR ) " Ancient Gear Golem " "Golem de Mecanismo Antiguo" TreebornFrog-BP01-SP-SFR-UE.png BP01-SP012  ( SFR ) " Treeborn Frog " "RANA Arbórea" SuperConductorTyranno-BP01-SP-SFR-UE.png BP01-SP013  ( SFR ) " Super Conductor Tyranno " "Tyranno Superconductor" GorztheEmissaryofDarkness-BP01-SP-SFR-UE.png BP01-SP014  ( SFR ) " Gorz the Emissary of Darkness " "Gorz el Emisario de la Oscuridad" RaizatheStormMonarch-BP01-SP-SFR-UE.png BP01-SP015  ( SFR ) " Raiza the Storm Monarch " "Raiza el Monarca de las Tormentas" WhiteNightDragon-BP01-SP-SFR-UE.png BP01-SP016  ( SFR ) " White Night Dragon " "Dragón de la Noche Blanca" DeepDiver-BP01-SP-SFR-UE.png BP01-SP017  ( SFR ) " Deep Diver " "Buzo de las Profundidades" CaiustheShadowMonarch-BP01-SP-SFR-UE.png BP01-SP018  ( SFR ) " Caius the Shadow Monarch " "Caius el Monarca de las Sombras" Krebons-BP01-SP-SFR-UE.png BP01-SP019  ( SFR ) " Krebons " "Krebons" Tragoedia-BP01-SP-SFR-UE.png BP01-SP020  ( SFR ) " Tragoedia " "Tragoedia" ObelisktheTormentor-BP01-SP-SFR-UE.png BP01-SP021  ( SFR ) " Obelisk the Tormentor " "Obelisco el Atormentador" MachinaFortress-BP01-SP-SFR-UE.png BP01-SP022  ( SFR ) " Machina Fortress " "Maquinaria Fortaleza" TourGuideFromtheUnderworld-BP01-SP-SFR-UE.png BP01-SP023  ( SFR ) " Tour Guide From the Underworld " "Guía Turística del Inframundo" Number39Utopia-BP01-SP-SFR-UE.png BP01-SP024  ( SFR ) " Number 39: Utopia " "Número 39: Utopía" GachiGachiGantetsu-BP01-SP-SFR-UE.png BP01-SP025  ( SFR ) " Gachi Gachi Gantetsu " "Gachi Gachi Gantetsu" Grenosaurus-BP01-SP-SFR-UE.png BP01-SP026  ( SFR ) " Grenosaurus " "Grenosaurus" Number17LeviathanDragon-BP01-SP-SFR-UE.png BP01-SP027  ( SFR ) " Number 17: Leviathan Dragon " "Número 17: Dragón Leviatán" WindUpZenmaister-BP01-SP-SFR-UE.png BP01-SP028  ( SFR ) " Wind-Up Zenmaister " "Zenmaestro de Cuerda" TirasKeeperofGenesis-BP01-SP-SFR-UE.png BP01-SP029  ( SFR ) " Tiras, Keeper of Genesis " "Tiras, Cuidador de Génesis" AdreusKeeperofArmageddon-BP01-SP-SFR-UE.png BP01-SP030  ( SFR ) " Adreus, Keeper of Armageddon " "Adreus, Cuidador del Armagedón" GemKnightPearl-BP01-SP-SFR-UE.png BP01-SP031  ( SFR ) " Gem-Knight Pearl " "Caballero-Gema Perla" Raigeki-BP01-SP-SFR-UE.png BP01-SP032  ( SFR ) " Raigeki " "Raigeki" SwordsofRevealingLight-BP01-SP-SFR-UE.png BP01-SP033  ( SFR ) " Swords of Revealing Light " "Espadas de la Luz Reveladora" PotofGreed-BP01-SP-SFR-UE.png BP01-SP034  ( SFR ) " Pot of Greed " "Olla de la Codicia" HarpiesFeatherDuster-BP01-SP-SFR-UE.png BP01-SP035  ( SFR ) " Harpie's Feather Duster " "Polvo de Pluma de Arpía" GracefulCharity-BP01-SP-SFR-UE.png BP01-SP036  ( SFR ) " Graceful Charity " "Caridad Grácil" ChangeofHeart-BP01-SP-SFR-UE.png BP01-SP037  ( SFR ) " Change of Heart " "Cambio de Fidelidad" HeavyStorm-BP01-SP-SFR-UE.png BP01-SP038  ( SFR ) " Heavy Storm " "Tormenta Fuerte" SnatchSteal-BP01-SP-SFR-UE.png BP01-SP039  ( SFR ) " Snatch Steal " "Robo Oportunista" PrematureBurial-BP01-SP-SFR-UE.png BP01-SP040  ( SFR ) " Premature Burial " "Entierro Prematuro" SoulExchange-BP01-SP-SFR-UE.png BP01-SP041  ( SFR ) " Soul Exchange " "Intercambio de Almas" Scapegoat-BP01-SP-SFR-UE.png BP01-SP042  ( SFR ) " Scapegoat " "Scapegoat" UnitedWeStand-BP01-SP-SFR-UE.png BP01-SP043  ( SFR ) " United We Stand " "Estamos Juntos" CreatureSwap-BP01-SP-SFR-UE.png BP01-SP044  ( SFR ) " Creature Swap " "Intercambio de Criatura" BurdenoftheMighty-BP01-SP-SFR-UE.png BP01-SP045  ( SFR ) " Burden of the Mighty " "Carga del Poderoso" PotofDuality-BP01-SP-SFR-UE.png BP01-SP046  ( SFR ) " Pot of Duality " "Olla de la Dualidad" SolemnJudgment-BP01-SP-SFR-UE.png BP01-SP047  ( SFR ) " Solemn Judgment " "Juicio Solemne" MirrorForce-BP01-SP-SFR-UE.png BP01-SP048  ( SFR ) " Mirror Force " "Fuerza de Espejo" CalloftheHaunted-BP01-SP-SFR-UE.png BP01-SP049  ( SFR ) " Call of the Haunted " "Llamada de los Condenados" RingofDestruction-BP01-SP-SFR-UE.png BP01-SP050  ( SFR ) " Ring of Destruction " "Anillo Destructor" TorrentialTribute-BP01-SP-SFR-UE.png BP01-SP051  ( SFR ) " Torrential Tribute " "Tributo Torrencial" MetalReflectSlime-BP01-SP-SFR-UE.png BP01-SP052  ( SFR ) " Metal Reflect Slime " "Limo Reflectametal" SkillDrain-BP01-SP-SFR-UE.png BP01-SP053  ( SFR ) " Skill Drain " "Drenaje de Habilidad" DivineWrath-BP01-SP-SFR-UE.png BP01-SP054  ( SFR ) " Divine Wrath " "Ira Divina" DarkBribe-BP01-SP-SFR-UE.png BP01-SP055  ( SFR ) " Dark Bribe " "Soborno Oscuro" Greenkappa-BP01-SP-SFR-UE.png BP01-SP056  ( SFR ) " Greenkappa " "Kappa Verde" PenguinSoldier-BP01-SP-SFR-UE.png BP01-SP057  ( SFR ) " Penguin Soldier " "Soldado Pingüino" MysteriousGuard-BP01-SP-SFR-UE.png BP01-SP058  ( SFR ) " Mysterious Guard " "Guardia Misterioso" ExiledForce-BP01-SP-SFR-UE.png BP01-SP059  ( SFR ) " Exiled Force " "Fuerza Exiliada" OldVindictiveMagician-BP01-SP-SFR-UE.png BP01-SP060  ( SFR ) " Old Vindictive Magician " "Viejo Mago Vengativo" BreakertheMagicalWarrior-BP01-SP-SFR-UE.png BP01-SP061  ( SFR ) " Breaker the Magical Warrior " "Breaker el Guerrero Mágico" GraveSquirmer-BP01-SP-SFR-UE.png BP01-SP062  ( SFR ) " Grave Squirmer " "Serpenteador de la Tumba" RykoLightswornHunter-BP01-SP-SFR-UE.png BP01-SP063  ( SFR ) " Ryko, Lightsworn Hunter " "Ryko, Cazador Luminoso" SnowmanEater-BP01-SP-SFR-UE.png BP01-SP064  ( SFR ) " Snowman Eater " "Hombre de Nieve Comilón" Fissure-BP01-SP-SFR-UE.png BP01-SP065  ( SFR ) " Fissure " "Fisura" TributetoTheDoomed-BP01-SP-SFR-UE.png BP01-SP066  ( SFR ) " Tribute to The Doomed " "Sacrificio a los Condenados" AxeofDespair-BP01-SP-SFR-UE.png BP01-SP067  ( SFR ) " Axe of Despair " "Hacha del Desespero" MysticalSpaceTyphoon-BP01-SP-SFR-UE.png BP01-SP068  ( SFR ) " Mystical Space Typhoon " "Tifón del Espacio Místico" HornoftheUnicorn-BP01-SP-SFR-UE.png BP01-SP069  ( SFR ) " Horn of the Unicorn " "Cuerno del Unicornio" OfferingstotheDoomed-BP01-SP-SFR-UE.png BP01-SP070  ( SFR ) " Offerings to the Doomed " "Ofrendas a los Condenados" BaitDoll-BP01-SP-SFR-UE.png BP01-SP071  ( SFR ) " Bait Doll " "Muñeca Señuelo" BookofMoon-BP01-SP-SFR-UE.png BP01-SP072  ( SFR ) " Book of Moon " "Libro de la Luna" AutonomousActionUnit-BP01-SP-SFR-UE.png BP01-SP073  ( SFR ) " Autonomous Action Unit " "Unidad de Acción Autónoma" Ante-BP01-SP-SFR-UE.png BP01-SP074  ( SFR ) " Ante " "Apuesta" BigBangShot-BP01-SP-SFR-UE.png BP01-SP075  ( SFR ) " Big Bang Shot " "Rayo del Big Bang" FiendsSanctuary-BP01-SP-SFR-UE.png BP01-SP076  ( SFR ) " Fiend's Sanctuary " "Santuario del Demonio" DifferentDimensionGate-BP01-SP-SFR-UE.png BP01-SP077  ( SFR ) " Different Dimension Gate " "Puerta a Otra Dimensión" EnemyController-BP01-SP-SFR-UE.png BP01-SP078  ( SFR ) " Enemy Controller " "Controlador de Enemigos" MonsterGate-BP01-SP-SFR-UE.png BP01-SP079  ( SFR ) " Monster Gate " "Puerta de Monstruo" ShieldCrush-BP01-SP-SFR-UE.png BP01-SP080  ( SFR ) " Shield Crush " "Pulverizar el Escudo" FightingSpirit-BP01-SP-SFR-UE.png BP01-SP081  ( SFR ) " Fighting Spirit " "Espíritu de Pelea" ForbiddenChalice-BP01-SP-SFR-UE.png BP01-SP082  ( SFR ) " Forbidden Chalice " "Cáliz Prohibido" DarkworldShackles-BP01-SP-SFR-UE.png BP01-SP083  ( SFR ) " Darkworld Shackles " "Grilletes del Oscuro" ForbiddenLance-BP01-SP-SFR-UE.png BP01-SP084  ( SFR ) " Forbidden Lance " "Lanza Prohibida" InfectedMail-BP01-SP-SFR-UE.png BP01-SP085  ( SFR ) " Infected Mail " "Correo Infectado" EgoBoost-BP01-SP-SFR-UE.png BP01-SP086  ( SFR ) " Ego Boost " "Mejora del Ego" KunaiwithChain-BP01-SP-SFR-UE.png BP01-SP087  ( SFR ) " Kunai with Chain " "Kunai con Cadena" DustTornado-BP01-SP-SFR-UE.png BP01-SP088  ( SFR ) " Dust Tornado " "Tornado de Polvo" WindstormofEtaqua-BP01-SP-SFR-UE.png BP01-SP089  ( SFR ) " Windstorm of Etaqua " "Torbellino de Etaqua" MagicDrain-BP01-SP-SFR-UE.png BP01-SP090  ( SFR ) " Magic Drain " "Drenaje Mágico" MagicCylinder-BP01-SP-SFR-UE.png BP01-SP091  ( SFR ) " Magic Cylinder " "Cilindro Mágico" ShadowSpell-BP01-SP-SFR-UE.png BP01-SP092  ( SFR ) " Shadow Spell " "Hechizo de Sombra" BlastwithChain-BP01-SP-SFR-UE.png BP01-SP093  ( SFR ) " Blast with Chain " "Estallido en Cadena" NeedleCeiling-BP01-SP-SFR-UE.png BP01-SP094  ( SFR ) " Needle Ceiling " "Techo de Agujas" RecklessGreed-BP01-SP-SFR-UE.png BP01-SP095  ( SFR ) " Reckless Greed " "Codicia Imprudente" NightmareWheel-BP01-SP-SFR-UE.png BP01-SP096  ( SFR ) " Nightmare Wheel " "Rueda de la Pesadilla" SpellShieldType8-BP01-SP-SFR-UE.png BP01-SP097  ( SFR ) " Spell Shield Type-8 " "Escudo de Hechizos Tipo 8" InterdimensionalMatterTransporter-BP01-SP-SFR-UE.png BP01-SP098  ( SFR ) " Interdimensional Matter Transporter " "Transportador de Materia Interdimensional" CompulsoryEvacuationDevice-BP01-SP-SFR-UE.png BP01-SP099  ( SFR ) " Compulsory Evacuation Device " "Artilugio de Evacuación Compulsiva" PridefulRoar-BP01-SP-SFR-UE.png BP01-SP100  ( SFR ) " Prideful Roar " "Rugido Orgulloso" HalforNothing-BP01-SP-SFR-UE.png BP01-SP101  ( SFR ) " Half or Nothing " "La Mitad o Nada" SkillSuccessor-BP01-SP-SFR-UE.png BP01-SP102  ( SFR ) " Skill Successor " "Sucesor en las Habilidades" PixieRing-BP01-SP-SFR-UE.png BP01-SP103  ( SFR ) " Pixie Ring " "Anillo de Duendecillas" ChangingDestiny-BP01-SP-SFR-UE.png BP01-SP104  ( SFR ) " Changing Destiny " "Destino Cambiante" FiendishChain-BP01-SP-SFR-UE.png BP01-SP105  ( SFR ) " Fiendish Chain " "Cadena Demoníaca" InverseUniverse-BP01-SP-SFR-UE.png BP01-SP106  ( SFR ) " Inverse Universe " "Universo Inverso" MiraclesWake-BP01-SP-SFR-UE.png BP01-SP107  ( SFR ) " Miracle's Wake " "Consecuencia del Milagro" PowerFrame-BP01-SP-SFR-UE.png BP01-SP108  ( SFR ) " Power Frame " "Armazón de Poder" DamageGate-BP01-SP-SFR-UE.png BP01-SP109  ( SFR ) " Damage Gate " "Portal del Daño" LibertyatLast-BP01-SP-SFR-UE.png BP01-SP110  ( SFR ) " Liberty at Last! " "¡Libertad al fin!" LusterDragon-BP01-SP-SFR-UE.png BP01-SP111  ( SFR ) " Luster Dragon " "Dragón del Brillo" ArchfiendSoldier-BP01-SP-SFR-UE.png BP01-SP112  ( SFR ) " Archfiend Soldier " "Archidemonio Soldado" MadDogofDarkness-BP01-SP-SFR-UE.png BP01-SP113  ( SFR ) " Mad Dog of Darkness " "Perro Loco de la Oscuridad" CharcoalInpachi-BP01-SP-SFR-UE.png BP01-SP114  ( SFR ) " Charcoal Inpachi " "Inpachi de Carbón" InsectKnight-BP01-SP-SFR-UE.png BP01-SP115  ( SFR ) " Insect Knight " "Caballero Insecto" GeneWarpedWarwolf-BP01-SP-SFR-UE.png BP01-SP116  ( SFR ) " Gene-Warped Warwolf " "Lobo de Guerra de Genes Cambiados" BusterBlader-BP01-SP-SFR-UE.png BP01-SP117  ( SFR ) " Buster Blader " "Buster Blader" GoblinAttackForce-BP01-SP-SFR-UE.png BP01-SP118  ( SFR ) " Goblin Attack Force " "Fuerza de Ataque Goblin" BazootheSoulEater-BP01-SP-SFR-UE.png BP01-SP119  ( SFR ) " Bazoo the Soul-Eater " "Bazoo el Come Almas" ZombyratheDark-BP01-SP-SFR-UE.png BP01-SP120  ( SFR ) " Zombyra the Dark " "Zombyra el Oscuro" SlateWarrior-BP01-SP-SFR-UE.png BP01-SP121  ( SFR ) " Slate Warrior " "Guerrero de Pizarra" DarkRulerHaDes-BP01-SP-SFR-UE.png BP01-SP122  ( SFR ) " Dark Ruler Ha Des " "Gobernante Oscuro Ha Des" FreedtheMatchlessGeneral-BP01-SP-SFR-UE.png BP01-SP123  ( SFR ) " Freed the Matchless General " "Freed el General Sin Igual" AirknightParshath-BP01-SP-SFR-UE.png BP01-SP124  ( SFR ) " Airknight Parshath " "Caballero del Aire Parsath" AsuraPriest-BP01-SP-SFR-UE.png BP01-SP125  ( SFR ) " Asura Priest " "Sacerdote de Asura" ExarionUniverse-BP01-SP-SFR-UE.png BP01-SP126  ( SFR ) " Exarion Universe " "Universo Exarion" VampireLord-BP01-SP-SFR-UE.png BP01-SP127  ( SFR ) " Vampire Lord " "Señor de los Vampiros" ToonGeminiElf-BP01-SP-SFR-UE.png BP01-SP128  ( SFR ) " Toon Gemini Elf " "Elfo Géminis Toon" KingTigerWanghu-BP01-SP-SFR-UE.png BP01-SP129  ( SFR ) " King Tiger Wanghu " "Rey Tigre Wanghu" GuardianSphinx-BP01-SP-SFR-UE.png BP01-SP130  ( SFR ) " Guardian Sphinx " "Esfinge Guardiana" SkilledWhiteMagician-BP01-SP-SFR-UE.png BP01-SP131  ( SFR ) " Skilled White Magician " "Mago Blanco Hábil" ZaborgtheThunderMonarch-BP01-SP-SFR-UE.png BP01-SP132  ( SFR ) " Zaborg the Thunder Monarch " "Zaborg el Monarca del Trueno" DDAssailant-BP01-SP-SFR-UE.png BP01-SP133  ( SFR ) " D.D. Assailant " "Asaltante D.D." ThebanNightmare-BP01-SP-SFR-UE.png BP01-SP134  ( SFR ) " Theban Nightmare " "Pesadilla de Tebas" TheTricky-BP01-SP-SFR-UE.png BP01-SP135  ( SFR ) " The Tricky " "El Difícil" RagingFlameSprite-BP01-SP-SFR-UE.png BP01-SP136  ( SFR ) " Raging Flame Sprite " "Duendecilla de la Llama Enfurecida" ChirontheMage-BP01-SP-SFR-UE.png BP01-SP137  ( SFR ) " Chiron the Mage " "Chiron el Mago" CyberDragon-BP01-SP-SFR-UE.png BP01-SP138  ( SFR ) " Cyber Dragon " "Ciber Dragón" CyberneticMagician-BP01-SP-SFR-UE.png BP01-SP139  ( SFR ) " Cybernetic Magician " "Mago Cibernético" GoblinEliteAttackForce-BP01-SP-SFR-UE.png BP01-SP140  ( SFR ) " Goblin Elite Attack Force " "Fuerza de Ataque de Élite Goblin" DoomcaliberKnight-BP01-SP-SFR-UE.png BP01-SP141  ( SFR ) " Doomcaliber Knight " "Caballero Descubrimiento Calavera" ChainsawInsect-BP01-SP-SFR-UE.png BP01-SP142  ( SFR ) " Chainsaw Insect " "Insecto Motosierra" CardTrooper-BP01-SP-SFR-UE.png BP01-SP143  ( SFR ) " Card Trooper " "Soldado de la Carta" VolticKong-BP01-SP-SFR-UE.png BP01-SP144  ( SFR ) " Voltic Kong " "Kong de Voltaje" BotanicalLion-BP01-SP-SFR-UE.png BP01-SP145  ( SFR ) " Botanical Lion " "León Botánico" AncientGearKnight-BP01-SP-SFR-UE.png BP01-SP146  ( SFR ) " Ancient Gear Knight " "Caballero de Mecanismo Antiguo" BlizzardDragon-BP01-SP-SFR-UE.png BP01-SP147  ( SFR ) " Blizzard Dragon " "Dragón de la Tormenta de Nieve" BeastKingBarbaros-BP01-SP-SFR-UE.png BP01-SP148  ( SFR ) " Beast King Barbaros " "Rey Bestia Barbaros" TheCalculator-BP01-SP-SFR-UE.png BP01-SP149  ( SFR ) " The Calculator " "El Calculador" GaaptheDivineSoldier-BP01-SP-SFR-UE.png BP01-SP150  ( SFR ) " Gaap the Divine Soldier " "Gaap, el Soldado Divino" ArcanaForceXIVTemperance-BP01-SP-SFR-UE.png BP01-SP151  ( SFR ) " Arcana Force XIV - Temperance " "Fuerza Arcana XIV - Templanza" DarkValkyria-BP01-SP-SFR-UE.png BP01-SP152  ( SFR ) " Dark Valkyria " "Valkiria Oscura" AlectorSovereignofBirds-BP01-SP-SFR-UE.png BP01-SP153  ( SFR ) " Alector, Sovereign of Birds " "Alector, Soberano de Pájaros" TwinBarrelDragon-BP01-SP-SFR-UE.png BP01-SP154  ( SFR ) " Twin-Barrel Dragon " "Dragón de Barriles Gemelos" AbyssalKingshark-BP01-SP-SFR-UE.png BP01-SP155  ( SFR ) " Abyssal Kingshark " "Rey Tiburón del Abismo" JurracProtops-BP01-SP-SFR-UE.png BP01-SP156  ( SFR ) " Jurrac Protops " "Jurrac Protops" HedgeGuard-BP01-SP-SFR-UE.png BP01-SP157  ( SFR ) " Hedge Guard " "Vigilante del Seto" FabledAshenveil-BP01-SP-SFR-UE.png BP01-SP158  ( SFR ) " Fabled Ashenveil " "Fabuloso Ashenvil" BackupWarrior-BP01-SP-SFR-UE.png BP01-SP159  ( SFR ) " Backup Warrior " "Guerrero de Apoyo" AmbitiousGofer-BP01-SP-SFR-UE.png BP01-SP160  ( SFR ) " Ambitious Gofer " "Recadero Ambicioso" PowerGiant-BP01-SP-SFR-UE.png BP01-SP161  ( SFR ) " Power Giant " "Gigante del Poder" CardGuard-BP01-SP-SFR-UE.png BP01-SP162  ( SFR ) " Card Guard " "Vigilante de las Cartas" Yaksha-BP01-SP-SFR-UE.png BP01-SP163  ( SFR ) " Yaksha " "Yaksha" GogogoGolem-BP01-SP-SFR-UE.png BP01-SP164  ( SFR ) " Gogogo Golem " "Gólem Gogogo" BigJaws-BP01-SP-SFR-UE.png BP01-SP165  ( SFR ) " Big Jaws " "Mandíbulas Grandes" WindUpSoldier-BP01-SP-SFR-UE.png BP01-SP166  ( SFR ) " Wind-Up Soldier " "Soldado de Cuerda" WindUpDog-BP01-SP-SFR-UE.png BP01-SP167  ( SFR ) " Wind-Up Dog " "Perro de Cuerda" MillatheTemporalMagician-BP01-SP-SFR-UE.png BP01-SP168  ( SFR ) " Milla the Temporal Magician " "Milla la Maga Temporal" ApeFighter-BP01-SP-SFR-UE.png BP01-SP169  ( SFR ) " Ape Fighter " "Simio Luchador" WindUpWarrior-BP01-SP-SFR-UE.png BP01-SP170  ( SFR ) " Wind-Up Warrior " "Guerrero de Cuerda" GiantSoldierofStone-BP01-SP-SFR-UE.png BP01-SP171  ( SFR ) " Giant Soldier of Stone " "Soldado Gigante de Piedra" MaskofDarkness-BP01-SP-SFR-UE.png BP01-SP172  ( SFR ) " Mask of Darkness " "Máscara de la Oscuridad" MorphingJar-BP01-SP-SFR-UE.png BP01-SP173  ( SFR ) " Morphing Jar " "Jarra de la Metamorfosis" MukaMuka-BP01-SP-SFR-UE.png BP01-SP174  ( SFR ) " Muka Muka " "Muka Muka" BlastSphere-BP01-SP-SFR-UE.png BP01-SP175  ( SFR ) " Blast Sphere " "Esfera Explosiva" BigShieldGardna-BP01-SP-SFR-UE.png BP01-SP176  ( SFR ) " Big Shield Gardna " "Gran Escudo Gardna" Gilasaurus-BP01-SP-SFR-UE.png BP01-SP177  ( SFR ) " Gilasaurus " "Gilasaurus" PossessedDarkSoul-BP01-SP-SFR-UE.png BP01-SP178  ( SFR ) " Possessed Dark Soul " "Alma Oscura Poseída" TwinHeadedBehemoth-BP01-SP-SFR-UE.png BP01-SP179  ( SFR ) " Twin-Headed Behemoth " "Behemoth de Dos Cabezas" MakyuratheDestructor-BP01-SP-SFR-UE.png BP01-SP180  ( SFR ) " Makyura the Destructor " "Makyura the Destructor" HelpingRoboforCombat-BP01-SP-SFR-UE.png BP01-SP181  ( SFR ) " Helping Robo for Combat " "Robot de Ayuda para el Combate" Zolga-BP01-SP-SFR-UE.png BP01-SP182  ( SFR ) " Zolga " "Zolga" ChaosNecromancer-BP01-SP-SFR-UE.png BP01-SP183  ( SFR ) " Chaos Necromancer " "Nigromante del Caos" StealthBird-BP01-SP-SFR-UE.png BP01-SP184  ( SFR ) " Stealth Bird " "Pájaro Sigiloso" HyperHammerhead-BP01-SP-SFR-UE.png BP01-SP185  ( SFR ) " Hyper Hammerhead " "Híper Cabeza de Martillo" GraveProtector-BP01-SP-SFR-UE.png BP01-SP186  ( SFR ) " Grave Protector " "Guardia del Cementerio" NightAssailant-BP01-SP-SFR-UE.png BP01-SP187  ( SFR ) " Night Assailant " "Asaltante Nocturno" PitchBlackWarwolf-BP01-SP-SFR-UE.png BP01-SP188  ( SFR ) " Pitch-Black Warwolf " "Lobo de Guerra Negro Absoluto" DekoichitheBattlechantedLocomotive-BP01-SP-SFR-UE.png BP01-SP189  ( SFR ) " Dekoichi the Battlechanted Locomotive " "Dekoichi la Locomotora Encantada" Gyroid-BP01-SP-SFR-UE.png BP01-SP190  ( SFR ) " Gyroid " "Gyroid" Drillroid-BP01-SP-SFR-UE.png BP01-SP191  ( SFR ) " Drillroid " "Drillroid" GraviticOrb-BP01-SP-SFR-UE.png BP01-SP192  ( SFR ) " Gravitic Orb " "Orbe Gravitacional" CloudianPoisonCloud-BP01-SP-SFR-UE.png BP01-SP193  ( SFR ) " Cloudian - Poison Cloud " "Cloudian - Nube Tóxica" DesMosquito-BP01-SP-SFR-UE.png BP01-SP194  ( SFR ) " Des Mosquito " "Des Mosquito" MadReloader-BP01-SP-SFR-UE.png BP01-SP195  ( SFR ) " Mad Reloader " "Recargador Loco" PhantomofChaos-BP01-SP-SFR-UE.png BP01-SP196  ( SFR ) " Phantom of Chaos " "Fantasma del Caos" CyberValley-BP01-SP-SFR-UE.png BP01-SP197  ( SFR ) " Cyber Valley " "Ciber Valle" BlueThunderT45-BP01-SP-SFR-UE.png BP01-SP198  ( SFR ) " Blue Thunder T-45 " "Trueno Azul T-45" VortexTrooper-BP01-SP-SFR-UE.png BP01-SP199  ( SFR ) " Vortex Trooper " "Soldado del Vórtice" DUCKERMobileCannon-BP01-SP-SFR-UE.png BP01-SP200  ( SFR ) " DUCKER Mobile Cannon " "Cañón Móvil DUCKER" WormBarses-BP01-SP-SFR-UE.png BP01-SP201  ( SFR ) " Worm Barses " "Gusano Barses" ShieldWarrior-BP01-SP-SFR-UE.png BP01-SP202  ( SFR ) " Shield Warrior " "Guerrero del Escudo" DarkResonator-BP01-SP-SFR-UE.png BP01-SP203  ( SFR ) " Dark Resonator " "Resonador Oscuro" NoisyGnat-BP01-SP-SFR-UE.png BP01-SP204  ( SFR ) " Noisy Gnat " "Mosquito Ruidoso" FabledRaven-BP01-SP-SFR-UE.png BP01-SP205  ( SFR ) " Fabled Raven " "Cuervo Fabuloso" FortressWarrior-BP01-SP-SFR-UE.png BP01-SP206  ( SFR ) " Fortress Warrior " "Guerrero de la Fortaleza" TwinSwordMarauder-BP01-SP-SFR-UE.png BP01-SP207  ( SFR ) " Twin-Sword Marauder " "Merodeador de Espadas Gemelas" LevelWarrior-BP01-SP-SFR-UE.png BP01-SP208  ( SFR ) " Level Warrior " "Guerrero del Nivel" LevelEater-BP01-SP-SFR-UE.png BP01-SP209  ( SFR ) " Level Eater " "Devorador de Niveles" NaturiaStrawberry-BP01-SP-SFR-UE.png BP01-SP210  ( SFR ) " Naturia Strawberry " "Fresa Naturia" BattleFader-BP01-SP-SFR-UE.png BP01-SP211  ( SFR ) " Battle Fader " "Atenuador de Batalla" AmazonessSage-BP01-SP-SFR-UE.png BP01-SP212  ( SFR ) " Amazoness Sage " "Sabia Amazoness" AmazonessTrainee-BP01-SP-SFR-UE.png BP01-SP213  ( SFR ) " Amazoness Trainee " "Aprendiza Amazoness" HardenedArmedDragon-BP01-SP-SFR-UE.png BP01-SP214  ( SFR ) " Hardened Armed Dragon " "Dragón Armado Endurecido" BlackwingZephyrostheElite-BP01-SP-SFR-UE.png BP01-SP215  ( SFR ) " Blackwing - Zephyros the Elite " "Alanegra - Zephyros la Élite" TanngrisniroftheNordicBeasts-BP01-SP-SFR-UE.png BP01-SP216  ( SFR ) " Tanngrisnir of the Nordic Beasts " "Tanngrisnir de las Bestias Nórdicas" ShineKnight-BP01-SP-SFR-UE.png BP01-SP217  ( SFR ) " Shine Knight " "Caballero Brillante" GagagaMagician-BP01-SP-SFR-UE.png BP01-SP218  ( SFR ) " Gagaga Magician " "Mago Gagaga" Goblindbergh-BP01-SP-SFR-UE.png BP01-SP219  ( SFR ) " Goblindbergh " "Goblindbergh" PsiBlocker-BP01-SP-SFR-UE.png BP01-SP220  ( SFR ) " Psi-Blocker " "Bloqueador Psi" 
 
 
 
 
Images: ['https://static.wikia.nocookie.net/yugioh/images/9/97/CardTrooper-BP01-SP-C-UE.png/revision/latest/scale-to-width-down/119?cb=20151207074611', 'data:image/gif;base64,R0lGODlhAQABAIABAAAAAP///yH5BAEAAAEALAAAAAABAAEAQAICTAEAOw%3D%3D']
Categories: Spanish Set Card Galleries, Unlimited Edition Set Card Galleries