Link: https://yugioh.fandom.com/wiki/Set_Card_Galleries:Dimension_of_Chaos_(TCG-FR-UE)


 
 TCG Galleries  -  OCG Galleries  -  DDM Galleries  -  Bandai Galleries 
 
 
 
 Boosters  -  Decks  -  Packs  -  Promotions 
 
 
 Dimension of Chaos La Dimension du Chaos French - Unlimited Edition 
 
 
 
 SamuraiCavalryofReptier-DOCS-FR-R-UE.png DOCS-FR000  ( R ) Samurai Cavalry of Reptier Cavalerie Samouraï de Reptier PerformapalSecondonkey-DOCS-FR-R-UE.png DOCS-FR001  ( R ) Performapal Secondonkey Secondâne Potartiste PerformapalSplashmammoth-DOCS-FR-R-UE.png DOCS-FR002  ( R ) Performapal Splashmammoth Splashmammouth Potartiste PerformapalHelpprincess-DOCS-FR-R-UE.png DOCS-FR003  ( R ) Performapal Helpprincess Aideprincesse Potartiste SuperheavySamuraiThief-DOCS-FR-C-UE.png DOCS-FR004  ( C ) Superheavy Samurai Thief Voleur Samouraï Supralourd SuperheavySamuraiTransporter-DOCS-FR-C-UE.png DOCS-FR005  ( C ) Superheavy Samurai Transporter Transporteur Samouraï Supralourd SuperheavySamuraiDrum-DOCS-FR-C-UE.png DOCS-FR006  ( C ) Superheavy Samurai Drum Tambour Samouraï Supralourd SuperheavySamuraiSoulhorns-DOCS-FR-C-UE.png DOCS-FR007  ( C ) Superheavy Samurai Soulhorns Cornâme Samouraï Supralourd SuperheavySamuraiSoulclaw-DOCS-FR-C-UE.png DOCS-FR008  ( C ) Superheavy Samurai Soulclaw Serrâme Samouraï Supralourd FluffalWings-DOCS-FR-C-UE.png DOCS-FR009  ( C ) Fluffal Wings Ailes Peluchimal DDBerfomet-DOCS-FR-R-UE.png DOCS-FR010  ( R ) D/D Berfomet D/D Berfomet DDSwirlSlime-DOCS-FR-C-UE.png DOCS-FR011  ( C ) D/D Swirl Slime D/D Tourbillon Slime DDNecroSlime-DOCS-FR-C-UE.png DOCS-FR012  ( C ) D/D Necro Slime D/D Nécro Slime RaidraptorWildVulture-DOCS-FR-C-UE.png DOCS-FR013  ( C ) Raidraptor - Wild Vulture Raidraptor - Vautour Sauvage RaidraptorSkullEagle-DOCS-FR-C-UE.png DOCS-FR014  ( C ) Raidraptor - Skull Eagle Raidraptor - Crâne d'Aigle PerformageMirrorConductor-DOCS-FR-C-UE.png DOCS-FR015  ( C ) Performage Mirror Conductor Miroir Conducteur Mageartiste PerformagePlushfire-DOCS-FR-C-UE.png DOCS-FR016  ( C ) Performage Plushfire Peluchefeu Mageartiste TheLegendaryFishermanIII-DOCS-FR-SR-UE.png DOCS-FR017  ( SR ) The Legendary Fisherman III Le Pêcheur Légendaire III AssaultBlackwingKunaitheDrizzle-DOCS-FR-R-UE.png DOCS-FR018  ( R ) Assault Blackwing - Kunai the Drizzle Assaut Aile Noire - Kunai la Bruine ChargingGaiatheFierceKnight-DOCS-FR-UR-UE.png DOCS-FR019  ( UR ) Charging Gaia the Fierce Knight Gaïa le Chevalier Implacable Attaquant SphereKuriboh-DOCS-FR-R-UE.png DOCS-FR020  ( R ) Sphere Kuriboh Sphère Kuriboh SuperSoldierSoul-DOCS-FR-C-UE.png DOCS-FR021  ( C ) Super Soldier Soul Âme du Super Soldat BeginningKnight-DOCS-FR-SR-UE.png DOCS-FR022  ( SR ) Beginning Knight Chevalier du Commencement EveningTwilightKnight-DOCS-FR-SR-UE.png DOCS-FR023  ( SR ) Evening Twilight Knight Chevalier du Crépuscule VectorPendulumtheDracoverlord-DOCS-FR-SR-UE.png DOCS-FR024  ( SR ) Vector Pendulum, the Dracoverlord Vector Pendule, le Dracosseigneur MajespecterCatNekomata-DOCS-FR-SR-UE.png DOCS-FR025  ( SR ) Majespecter Cat - Nekomata Chat Majesspectre - Nekomata MajespecterRaccoonBunbuku-DOCS-FR-UR-UE.png DOCS-FR026  ( UR ) Majespecter Raccoon - Bunbuku Raton Laveur Majesspectre - Bunbuku MajespecterCrowYata-DOCS-FR-C-UE.png DOCS-FR027  ( C ) Majespecter Crow - Yata Corbeau Majesspectre - Yata MajespecterFoxKyubi-DOCS-FR-C-UE.png DOCS-FR028  ( C ) Majespecter Fox - Kyubi Renard Majesspectre - Kyubi MajespecterUnicornKirin-DOCS-FR-R-UE.png DOCS-FR029  ( R ) Majespecter Unicorn - Kirin Licorne Majesspectre - Kirin IgknightCavalier-DOCS-FR-C-UE.png DOCS-FR030  ( C ) Igknight Cavalier Cavalière Chevaliardent IgknightVeteran-DOCS-FR-C-UE.png DOCS-FR031  ( C ) Igknight Veteran Vétéran Chevaliardent GraydleSlime-DOCS-FR-R-UE.png DOCS-FR032  ( R ) Graydle Slime Slime Berceau-Gris GraydleAlligator-DOCS-FR-C-UE.png DOCS-FR033  ( C ) Graydle Alligator Alligator Berceau-Gris GraydleCobra-DOCS-FR-C-UE.png DOCS-FR034  ( C ) Graydle Cobra Cobra Berceau-Gris GraydleEagle-DOCS-FR-C-UE.png DOCS-FR035  ( C ) Graydle Eagle Aigle Berceau-Gris SkilledRedMagician-DOCS-FR-R-UE.png DOCS-FR036  ( R ) Skilled Red Magician Magicien Rouge Expérimenté GiantPairfish-DOCS-FR-R-UE.png DOCS-FR037  ( R ) Giant Pairfish Couplepoisson Géant ToonBarrelDragon-DOCS-FR-R-UE.png DOCS-FR038  ( R ) Toon Barrel Dragon Revolver Dragon Toon Deskbot006-DOCS-FR-C-UE.png DOCS-FR039  ( C ) Deskbot 006 Robobureau 006 PotofTheForbidden-DOCS-FR-SP-UE.png DOCS-FR040  ( SP ) Pot of The Forbidden Pot de La Restriction DrFrankenderp-DOCS-FR-SP-UE.png DOCS-FR041  ( SP ) Dr. Frankenderp Dr Frankenpierre BlackLusterSoldierSuperSoldier-DOCS-FR-UR-UE.png DOCS-FR042  ( UR ) Black Luster Soldier - Super Soldier Soldat du Lustre Noir - Super Soldat FrightfurSabreTooth-DOCS-FR-UR-UE.png DOCS-FR043  ( UR ) Frightfur Sabre-Tooth Dent-Lame Frourreur DDDWaveOblivionKingCaesarRagnarok-DOCS-FR-SR-UE.png DOCS-FR044  ( SR ) D/D/D Wave Oblivion King Caesar Ragnarok D/D/D César Ragnarok, Roi des Vagues de l'Oubli OddEyesVortexDragon-DOCS-FR-ScR-UE.png DOCS-FR045  ( ScR ) Odd-Eyes Vortex Dragon Dragon du Vortex aux Yeux Impairs ScarlightRedDragonArchfiend-DOCS-FR-ScR-UE.png DOCS-FR046  ( ScR ) Scarlight Red Dragon Archfiend Lumicatrice Dragon Rouge Archdémon AssaultBlackwingRaikiritheRainShower-DOCS-FR-UR-UE.png DOCS-FR047  ( UR ) Assault Blackwing - Raikiri the Rain Shower Assaut Aile Noire - Raikiri du Déluge GraydleDragon-DOCS-FR-SR-UE.png DOCS-FR048  ( SR ) Graydle Dragon Dragon Berceau-Gris DeskbotJet-DOCS-FR-C-UE.png DOCS-FR049  ( C ) Deskbot Jet Jet Robobureau DDDDuoDawnKingKaliYuga-DOCS-FR-SR-UE.png DOCS-FR050  ( SR ) D/D/D Duo-Dawn King Kali Yuga D/D/D Kali Yuga, Roi de la Double Aurore RaidraptorFiendEagle-DOCS-FR-R-UE.png DOCS-FR051  ( R ) Raidraptor - Fiend Eagle Raidraptor - Aigle Démon MajesterPaladintheAscendingDracoslayer-DOCS-FR-UR-UE.png DOCS-FR052  ( UR ) Majester Paladin, the Ascending Dracoslayer Majester Paladin, le Dracossassin Ascendant ShuffleReborn-DOCS-FR-C-UE.png DOCS-FR053  ( C ) Shuffle Reborn Renaissance du Mélange RankUpMagicRaidForce-DOCS-FR-R-UE.png DOCS-FR054  ( R ) Rank-Up-Magic Raid Force Force du Raid Magie-Rang-Plus RaptorsUltimateMace-DOCS-FR-C-UE.png DOCS-FR055  ( C ) Raptor's Ultimate Mace Massue Raptor Plus SuperSoldierRitual-DOCS-FR-R-UE.png DOCS-FR056  ( R ) Super Soldier Ritual Rituel du Super Soldat GatewaytoChaos-DOCS-FR-SR-UE.png DOCS-FR057  ( SR ) Gateway to Chaos Porte du Chaos MajestysPegasus-DOCS-FR-SR-UE.png DOCS-FR058  ( SR ) Majesty's Pegasus Pégase de Majesté MajespecterStorm-DOCS-FR-C-UE.png DOCS-FR059  ( C ) Majespecter Storm Tempête Majesspectre MajespecterCyclone-DOCS-FR-SR-UE.png DOCS-FR060  ( SR ) Majespecter Cyclone Cyclone Majesspectre IgknightReload-DOCS-FR-UR-UE.png DOCS-FR061  ( UR ) Igknight Reload Recharge Chevaliardent GraydleImpact-DOCS-FR-C-UE.png DOCS-FR062  ( C ) Graydle Impact Impact Berceau-Gris OddEyesFusion-DOCS-FR-ScR-UE.png DOCS-FR063  ( ScR ) Odd-Eyes Fusion Fusion aux Yeux Impairs PsychicBlade-DOCS-FR-C-UE.png DOCS-FR064  ( C ) Psychic Blade Lame Psychique PainfulDecision-DOCS-FR-ScR-UE.png DOCS-FR065  ( ScR ) Painful Decision Décision Douloureuse SuperRushHeadlong-DOCS-FR-SP-UE.png DOCS-FR066  ( SP ) Super Rush Headlong Charge Intrépide Tête Baissée FrightfurMarch-DOCS-FR-C-UE.png DOCS-FR067  ( C ) Frightfur March Marche Frourreur DDDContractChange-DOCS-FR-C-UE.png DOCS-FR068  ( C ) D/D/D Contract Change D/D/D Changement de Contrat DarkContractwithErrors-DOCS-FR-C-UE.png DOCS-FR069  ( C ) Dark Contract with Errors Contrat des Ténèbres avec des Erreurs SuperSoldierRebirth-DOCS-FR-C-UE.png DOCS-FR070  ( C ) Super Soldier Rebirth Renaissance du Super Soldat SuperSoldierShield-DOCS-FR-UR-UE.png DOCS-FR071  ( UR ) Super Soldier Shield Bouclier du Super Soldat MajespecterTornado-DOCS-FR-UR-UE.png DOCS-FR072  ( UR ) Majespecter Tornado Tornade Majesspectre MajespecterTempest-DOCS-FR-C-UE.png DOCS-FR073  ( C ) Majespecter Tempest Ouragan Majesspectre GraydleParasite-DOCS-FR-SR-UE.png DOCS-FR074  ( SR ) Graydle Parasite Parasite Berceau-Gris GraydleSplit-DOCS-FR-C-UE.png DOCS-FR075  ( C ) Graydle Split Division Berceau-Gris BlazingMirrorForce-DOCS-FR-ScR-UE.png DOCS-FR076  ( ScR ) Blazing Mirror Force Force de Miroir Éclatante PendulumArea-DOCS-FR-R-UE.png DOCS-FR077  ( R ) Pendulum Area Espace Pendule UrgentRitualArt-DOCS-FR-ScR-UE.png DOCS-FR078  ( ScR ) Urgent Ritual Art Art du Rituel Urgent GrandHornofHeaven-DOCS-FR-C-UE.png DOCS-FR079  ( C ) Grand Horn of Heaven Grande Corne du Paradis FirstAidSquad-DOCS-FR-SP-UE.png DOCS-FR080  ( SP ) First-Aid Squad Unité de Premiers Secours PainfulEscape-DOCS-FR-ScR-UE.png DOCS-FR081  ( ScR ) Painful Escape Évasion Douloureuse KozmoStrawman-DOCS-FR-UR-UE.png DOCS-FR082  ( UR ) Kozmo Strawman Épouvantail Kozmo KozmollWickedwitch-DOCS-FR-C-UE.png DOCS-FR083  ( C ) Kozmoll Wickedwitch Méchante Sorcière Kozmoll KozmoDOGFighter-DOCS-FR-SR-UE.png DOCS-FR084  ( SR ) Kozmo DOG Fighter DOG Fighter Kozmo KozmoDarkDestroyer-DOCS-FR-ScR-UE.png DOCS-FR085  ( ScR ) Kozmo Dark Destroyer Destructeur des Ténèbres Kozmo KozmoLightsword-DOCS-FR-C-UE.png DOCS-FR086  ( C ) Kozmo Lightsword Épée Laser Kozmo RadiantheMultidimensionalKaiju-DOCS-FR-R-UE.png DOCS-FR087  ( R ) Radian, the Multidimensional Kaiju Radian, Kaiju Multidimensionnel DOCS-FR088  ( R ) Gameciel, the Sea Turtle Kaiju Gameciel, Tortue Marine Kaiju KaijuCaptureMission-DOCS-FR-C-UE.png DOCS-FR089  ( C ) Kaiju Capture Mission Mission de Capture Kaiju DDDWaveKingCaesar-DOCS-FR-R-UE.png DOCS-FR090  ( R ) D/D/D Wave King Caesar D/D/D César, Roi des Vagues DDSavantGalilei-DOCS-FR-C-UE.png DOCS-FR091  ( C ) D/D Savant Galilei D/D Savant Galilée DDSavantKepler-DOCS-FR-C-UE.png DOCS-FR092  ( C ) D/D Savant Kepler D/D Savant Keplerée DarkContractwiththeGate-DOCS-FR-C-UE.png DOCS-FR093  ( C ) Dark Contract with the Gate Contrat des Ténèbres avec la Porte DarkContractwiththeSwampKing-DOCS-FR-C-UE.png DOCS-FR094  ( C ) Dark Contract with the Swamp King Contrat des Ténèbres avec le Roi Marais DarkContractwiththeWitch-DOCS-FR-C-UE.png DOCS-FR095  ( C ) Dark Contract with the Witch Contrat des Ténèbres avec la Sorcière ContractLaundering-DOCS-FR-C-UE.png DOCS-FR096  ( C ) Contract Laundering Blanchissement de Contrat DDDHumanResources-DOCS-FR-C-UE.png DOCS-FR097  ( C ) D/D/D Human Resources D/D/D Ressources Humaines DDDRebelKingLeonidas-DOCS-FR-SR-UE.png DOCS-FR098  ( SR ) D/D/D Rebel King Leonidas D/D/D Léonidas, Roi Rebelle DDDOblivionKingAbyssRagnarok-DOCS-FR-R-UE.png DOCS-FR099  ( R ) D/D/D Oblivion King Abyss Ragnarok D/D/D Abysses Ragnarok, Roi de l'Oubli 
 
 
 Ultimate Rares
 
 
 
 BlackLusterSoldierSuperSoldier-DOCS-FR-UtR-UE.png DOCS-FR042  ( UtR ) Black Luster Soldier - Super Soldier Soldat du Lustre Noir - Super Soldat OddEyesVortexDragon-DOCS-FR-UtR-UE.png DOCS-FR045  ( UtR ) Odd-Eyes Vortex Dragon Dragon du Vortex aux Yeux Impairs ScarlightRedDragonArchfiend-DOCS-FR-UtR-UE.png DOCS-FR046  ( UtR ) Scarlight Red Dragon Archfiend Lumicatrice Dragon Rouge Archdémon AssaultBlackwingRaikiritheRainShower-DOCS-FR-UtR-UE.png DOCS-FR047  ( UtR ) Assault Blackwing - Raikiri the Rain Shower Assaut Aile Noire - Raikiri du Déluge MajesterPaladintheAscendingDracoslayer-DOCS-FR-UtR-UE.png DOCS-FR052  ( UtR ) Majester Paladin, the Ascending Dracoslayer Majester Paladin, le Dracossassin Ascendant 
 
 
 Ghost Rare
 
 
 
 ScarlightRedDragonArchfiend-DOCS-FR-GR-UE.png DOCS-FR046  ( GR ) Scarlight Red Dragon Archfiend Lumicatrice Dragon Rouge Archdémon 
 
 
 
 
 
Images: ['https://static.wikia.nocookie.net/yugioh/images/f/f7/GamecieltheSeaTurtleKaiju-DOCS-FR-R-UE.png/revision/latest/scale-to-width-down/121?cb=20160615160029', 'data:image/gif;base64,R0lGODlhAQABAIABAAAAAP///yH5BAEAAAEALAAAAAABAAEAQAICTAEAOw%3D%3D']
Categories: French Set Card Galleries, Unlimited Edition Set Card Galleries