Link: https://yugioh.fandom.com/wiki/Set_Card_Galleries:Dimension_of_Chaos_(TCG-IT-UE)


 
 TCG Galleries  -  OCG Galleries  -  DDM Galleries  -  Bandai Galleries 
 
 
 
 Boosters  -  Decks  -  Packs  -  Promotions 
 
 
 Dimension of Chaos Dimensione del Chaos Italian - Unlimited Edition 
 
 
 
 SamuraiCavalryofReptier-DOCS-IT-R-UE.png DOCS-IT000  ( R ) Samurai Cavalry of Reptier Cavalleria Samurai di Reptier PerformapalSecondonkey-DOCS-IT-R-UE.png DOCS-IT001  ( R ) Performapal Secondonkey Artistamico Secondasino PerformapalSplashmammoth-DOCS-IT-R-UE.png DOCS-IT002  ( R ) Performapal Splashmammoth Artistamico Spruzzomammut PerformapalHelpprincess-DOCS-IT-R-UE.png DOCS-IT003  ( R ) Performapal Helpprincess Artistamico Aiutoprincipessa SuperheavySamuraiThief-DOCS-IT-C-UE.png DOCS-IT004  ( C ) Superheavy Samurai Thief Samurai Superpesante Ladro SuperheavySamuraiTransporter-DOCS-IT-C-UE.png DOCS-IT005  ( C ) Superheavy Samurai Transporter Samurai Superpesante Trasportatore SuperheavySamuraiDrum-DOCS-IT-C-UE.png DOCS-IT006  ( C ) Superheavy Samurai Drum Samurai Superpesante Tamburo SuperheavySamuraiSoulhorns-DOCS-IT-C-UE.png DOCS-IT007  ( C ) Superheavy Samurai Soulhorns Samurai Superpesante Animacorna SuperheavySamuraiSoulclaw-DOCS-IT-C-UE.png DOCS-IT008  ( C ) Superheavy Samurai Soulclaw Samurai Superpesante Animartiglio FluffalWings-DOCS-IT-C-UE.png DOCS-IT009  ( C ) Fluffal Wings Ali Fluffal DDBerfomet-DOCS-IT-R-UE.png DOCS-IT010  ( R ) D/D Berfomet D/D Berfomet DDSwirlSlime-DOCS-IT-C-UE.png DOCS-IT011  ( C ) D/D Swirl Slime D/D Melma Mulinello DDNecroSlime-DOCS-IT-C-UE.png DOCS-IT012  ( C ) D/D Necro Slime D/D Melma Necro RaidraptorWildVulture-DOCS-IT-C-UE.png DOCS-IT013  ( C ) Raidraptor - Wild Vulture Raidraptor - Avvoltoio Selvaggio RaidraptorSkullEagle-DOCS-IT-C-UE.png DOCS-IT014  ( C ) Raidraptor - Skull Eagle Raidraptor - Aquila Teschio PerformageMirrorConductor-DOCS-IT-C-UE.png DOCS-IT015  ( C ) Performage Mirror Conductor Artistamagus Direttore Specchio PerformagePlushfire-DOCS-IT-C-UE.png DOCS-IT016  ( C ) Performage Plushfire Artistamagus Fuocopeluche TheLegendaryFishermanIII-DOCS-IT-SR-UE.png DOCS-IT017  ( SR ) The Legendary Fisherman III Pescatore Leggendario III AssaultBlackwingKunaitheDrizzle-DOCS-IT-R-UE.png DOCS-IT018  ( R ) Assault Blackwing - Kunai the Drizzle Alanera d'Assalto - Kunai la Pioggerella ChargingGaiatheFierceKnight-DOCS-IT-UR-UE.png DOCS-IT019  ( UR ) Charging Gaia the Fierce Knight Gaia il Cavaliere in Carica SphereKuriboh-DOCS-IT-R-UE.png DOCS-IT020  ( R ) Sphere Kuriboh Kuriboh Sfera SuperSoldierSoul-DOCS-IT-C-UE.png DOCS-IT021  ( C ) Super Soldier Soul Anima del Super Soldato BeginningKnight-DOCS-IT-SR-UE.png DOCS-IT022  ( SR ) Beginning Knight Cavaliere Iniziato EveningTwilightKnight-DOCS-IT-SR-UE.png DOCS-IT023  ( SR ) Evening Twilight Knight Cavaliere del Crepuscolo della Sera VectorPendulumtheDracoverlord-DOCS-IT-SR-UE.png DOCS-IT024  ( SR ) Vector Pendulum, the Dracoverlord Vector Pendulum, il Dracosovrano MajespecterCatNekomata-DOCS-IT-SR-UE.png DOCS-IT025  ( SR ) Majespecter Cat - Nekomata Maestospettro Gatto - Nekomata MajespecterRaccoonBunbuku-DOCS-IT-UR-UE.png DOCS-IT026  ( UR ) Majespecter Raccoon - Bunbuku Maestospettro Procione - Bunbuku MajespecterCrowYata-DOCS-IT-C-UE.png DOCS-IT027  ( C ) Majespecter Crow - Yata Maestospettro Corvo - Yata MajespecterFoxKyubi-DOCS-IT-C-UE.png DOCS-IT028  ( C ) Majespecter Fox - Kyubi Maestospettro Volpe - Kyubi MajespecterUnicornKirin-DOCS-IT-R-UE.png DOCS-IT029  ( R ) Majespecter Unicorn - Kirin Maestospettro Unicorno - Kirin IgknightCavalier-DOCS-IT-C-UE.png DOCS-IT030  ( C ) Igknight Cavalier Fuocavaliere Sprezzante IgknightVeteran-DOCS-IT-C-UE.png DOCS-IT031  ( C ) Igknight Veteran Fuocavaliere Veterano GraydleSlime-DOCS-IT-R-UE.png DOCS-IT032  ( R ) Graydle Slime Reticulliano Melma GraydleAlligator-DOCS-IT-C-UE.png DOCS-IT033  ( C ) Graydle Alligator Reticulliano Alligatore GraydleCobra-DOCS-IT-C-UE.png DOCS-IT034  ( C ) Graydle Cobra Reticulliano Cobra GraydleEagle-DOCS-IT-C-UE.png DOCS-IT035  ( C ) Graydle Eagle Reticulliano Aquila SkilledRedMagician-DOCS-IT-R-UE.png DOCS-IT036  ( R ) Skilled Red Magician Abile Mago Rosso GiantPairfish-DOCS-IT-R-UE.png DOCS-IT037  ( R ) Giant Pairfish Pescicoppia Giganti ToonBarrelDragon-DOCS-IT-R-UE.png DOCS-IT038  ( R ) Toon Barrel Dragon Drago Revolver Toon Deskbot006-DOCS-IT-C-UE.png DOCS-IT039  ( C ) Deskbot 006 Deskbot 006 PotofTheForbidden-DOCS-IT-SP-UE.png DOCS-IT040  ( SP ) Pot of The Forbidden Giara Proibita DrFrankenderp-DOCS-IT-SP-UE.png DOCS-IT041  ( SP ) Dr. Frankenderp Dr. Frankenderp BlackLusterSoldierSuperSoldier-DOCS-IT-UR-UE.png DOCS-IT042  ( UR ) Black Luster Soldier - Super Soldier Glorioso Soldato Nero - Super Soldato FrightfurSabreTooth-DOCS-IT-UR-UE.png DOCS-IT043  ( UR ) Frightfur Sabre-Tooth Denti-a-Scimitarra Pellicciaspavento DDDWaveOblivionKingCaesarRagnarok-DOCS-IT-SR-UE.png DOCS-IT044  ( SR ) D/D/D Wave Oblivion King Caesar Ragnarok D/D/D Caesar Ragnarok Re delle Onde dell'Oblio OddEyesVortexDragon-DOCS-IT-ScR-UE.png DOCS-IT045  ( ScR ) Odd-Eyes Vortex Dragon Drago Vortice Occhi Diversi ScarlightRedDragonArchfiend-DOCS-IT-ScR-UE.png DOCS-IT046  ( ScR ) Scarlight Red Dragon Archfiend Arcidemone Drago Rosso Lucesfregio AssaultBlackwingRaikiritheRainShower-DOCS-IT-UR-UE.png DOCS-IT047  ( UR ) Assault Blackwing - Raikiri the Rain Shower Alanera d'Assalto - Raikiri il Rovescio di Pioggia GraydleDragon-DOCS-IT-SR-UE.png DOCS-IT048  ( SR ) Graydle Dragon Drago Reticulliano DeskbotJet-DOCS-IT-C-UE.png DOCS-IT049  ( C ) Deskbot Jet Deskbot Jet DDDDuoDawnKingKaliYuga-DOCS-IT-SR-UE.png DOCS-IT050  ( SR ) D/D/D Duo-Dawn King Kali Yuga D/D/D Re Kali Yuga Doppia Alba RaidraptorFiendEagle-DOCS-IT-R-UE.png DOCS-IT051  ( R ) Raidraptor - Fiend Eagle Raidraptor - Aquila Demone MajesterPaladintheAscendingDracoslayer-DOCS-IT-UR-UE.png DOCS-IT052  ( UR ) Majester Paladin, the Ascending Dracoslayer Maestogistro Paladino, il Dracoassassino Ascendente ShuffleReborn-DOCS-IT-C-UE.png DOCS-IT053  ( C ) Shuffle Reborn Mischiata Resuscitata RankUpMagicRaidForce-DOCS-IT-R-UE.png DOCS-IT054  ( R ) Rank-Up-Magic Raid Force Alza-Rango-Magico Forza del Raid RaptorsUltimateMace-DOCS-IT-C-UE.png DOCS-IT055  ( C ) Raptor's Ultimate Mace Arma Raptor Massima SuperSoldierRitual-DOCS-IT-R-UE.png DOCS-IT056  ( R ) Super Soldier Ritual Rituale del Super Soldato GatewaytoChaos-DOCS-IT-SR-UE.png DOCS-IT057  ( SR ) Gateway to Chaos Portale del Chaos MajestysPegasus-DOCS-IT-SR-UE.png DOCS-IT058  ( SR ) Majesty's Pegasus Pegaso della Maestosità MajespecterStorm-DOCS-IT-C-UE.png DOCS-IT059  ( C ) Majespecter Storm Temporale Maestospettro MajespecterCyclone-DOCS-IT-SR-UE.png DOCS-IT060  ( SR ) Majespecter Cyclone Ciclone Maestospettro IgknightReload-DOCS-IT-UR-UE.png DOCS-IT061  ( UR ) Igknight Reload Ricarica Fuocavaliere GraydleImpact-DOCS-IT-C-UE.png DOCS-IT062  ( C ) Graydle Impact Impatto Reticulliano OddEyesFusion-DOCS-IT-ScR-UE.png DOCS-IT063  ( ScR ) Odd-Eyes Fusion Fusione Occhi Diversi PsychicBlade-DOCS-IT-C-UE.png DOCS-IT064  ( C ) Psychic Blade Lama Psichica PainfulDecision-DOCS-IT-ScR-UE.png DOCS-IT065  ( ScR ) Painful Decision Decisione Dolorosa SuperRushHeadlong-DOCS-IT-SP-UE.png DOCS-IT066  ( SP ) Super Rush Headlong Super Corsa a Testa Bassa FrightfurMarch-DOCS-IT-C-UE.png DOCS-IT067  ( C ) Frightfur March Marcia Pellicciaspavento DDDContractChange-DOCS-IT-C-UE.png DOCS-IT068  ( C ) D/D/D Contract Change D/D/D Cambio di Contratto DarkContractwithErrors-DOCS-IT-C-UE.png DOCS-IT069  ( C ) Dark Contract with Errors Contratto Oscuro con Errori SuperSoldierRebirth-DOCS-IT-C-UE.png DOCS-IT070  ( C ) Super Soldier Rebirth Rinascita del Super Soldato SuperSoldierShield-DOCS-IT-UR-UE.png DOCS-IT071  ( UR ) Super Soldier Shield Scudo del Super Soldato MajespecterTornado-DOCS-IT-UR-UE.png DOCS-IT072  ( UR ) Majespecter Tornado Tornado Maestospettro MajespecterTempest-DOCS-IT-C-UE.png DOCS-IT073  ( C ) Majespecter Tempest Tempesta Maestospettro GraydleParasite-DOCS-IT-SR-UE.png DOCS-IT074  ( SR ) Graydle Parasite Parassita Reticulliano GraydleSplit-DOCS-IT-C-UE.png DOCS-IT075  ( C ) Graydle Split Divisione Reticulliana BlazingMirrorForce-DOCS-IT-ScR-UE.png DOCS-IT076  ( ScR ) Blazing Mirror Force Forza Riflessa Fiammeggiante PendulumArea-DOCS-IT-R-UE.png DOCS-IT077  ( R ) Pendulum Area Area Pendulum UrgentRitualArt-DOCS-IT-ScR-UE.png DOCS-IT078  ( ScR ) Urgent Ritual Art Arte Rituale Urgente GrandHornofHeaven-DOCS-IT-C-UE.png DOCS-IT079  ( C ) Grand Horn of Heaven Grande Corno del Paradiso FirstAidSquad-DOCS-IT-SP-UE.png DOCS-IT080  ( SP ) First-Aid Squad Squadra di Pronto Soccorso PainfulEscape-DOCS-IT-ScR-UE.png DOCS-IT081  ( ScR ) Painful Escape Fuga Dolorosa KozmoStrawman-DOCS-IT-UR-UE.png DOCS-IT082  ( UR ) Kozmo Strawman Kozmo Fantoccio KozmollWickedwitch-DOCS-IT-C-UE.png DOCS-IT083  ( C ) Kozmoll Wickedwitch Kozmoll Malvagistrega KozmoDOGFighter-DOCS-IT-SR-UE.png DOCS-IT084  ( SR ) Kozmo DOG Fighter Kozmo Caccia CANE KozmoDarkDestroyer-DOCS-IT-ScR-UE.png DOCS-IT085  ( ScR ) Kozmo Dark Destroyer Kozmo Distruttore Oscuro KozmoLightsword-DOCS-IT-C-UE.png DOCS-IT086  ( C ) Kozmo Lightsword Kozmo Spada Laser RadiantheMultidimensionalKaiju-DOCS-IT-R-UE.png DOCS-IT087  ( R ) Radian, the Multidimensional Kaiju Radian, il Kaiju Multidimensionale GamecieltheSeaTurtleKaiju-DOCS-IT-R-UE.png DOCS-IT088  ( R ) Gameciel, the Sea Turtle Kaiju Gameciel, il Kaiju Tartaruga Marina KaijuCaptureMission-DOCS-IT-C-UE.png DOCS-IT089  ( C ) Kaiju Capture Mission Missione di Cattura Kaiju DDDWaveKingCaesar-DOCS-IT-R-UE.png DOCS-IT090  ( R ) D/D/D Wave King Caesar D/D/D Caesar Re delle Onde DDSavantGalilei-DOCS-IT-C-UE.png DOCS-IT091  ( C ) D/D Savant Galilei D/D Sapiente Galileo DDSavantKepler-DOCS-IT-C-UE.png DOCS-IT092  ( C ) D/D Savant Kepler D/D Sapiente Keplero DarkContractwiththeGate-DOCS-IT-C-UE.png DOCS-IT093  ( C ) Dark Contract with the Gate Contratto Oscuro con il Portale DarkContractwiththeSwampKing-DOCS-IT-C-UE.png DOCS-IT094  ( C ) Dark Contract with the Swamp King Contratto Oscuro con il Re delle Paludi DarkContractwiththeWitch-DOCS-IT-C-UE.png DOCS-IT095  ( C ) Dark Contract with the Witch Contratto Oscuro con la Strega ContractLaundering-DOCS-IT-C-UE.png DOCS-IT096  ( C ) Contract Laundering Riciclaggio di Contratto DDDHumanResources-DOCS-IT-C-UE.png DOCS-IT097  ( C ) D/D/D Human Resources D/D/D Risorse Umane DDDRebelKingLeonidas-DOCS-IT-SR-UE.png DOCS-IT098  ( SR ) D/D/D Rebel King Leonidas D/D/D Re Ribelle Leonidas DDDOblivionKingAbyssRagnarok-DOCS-IT-R-UE.png DOCS-IT099  ( R ) D/D/D Oblivion King Abyss Ragnarok D/D/D Ragnarok Re Abisso dell'Oblio 
 
 
 Ultimate Rares
 
 
 
 BlackLusterSoldierSuperSoldier-DOCS-IT-UtR-UE.png DOCS-IT042  ( UtR ) Black Luster Soldier - Super Soldier Glorioso Soldato Nero - Super Soldato OddEyesVortexDragon-DOCS-IT-UtR-UE.png DOCS-IT045  ( UtR ) Odd-Eyes Vortex Dragon Drago Vortice Occhi Diversi ScarlightRedDragonArchfiend-DOCS-IT-UtR-UE.png DOCS-IT046  ( UtR ) Scarlight Red Dragon Archfiend Arcidemone Drago Rosso Lucesfregio AssaultBlackwingRaikiritheRainShower-DOCS-IT-UtR-UE.png DOCS-IT047  ( UtR ) Assault Blackwing - Raikiri the Rain Shower Alanera d'Assalto - Raikiri il Rovescio di Pioggia MajesterPaladintheAscendingDracoslayer-DOCS-IT-UtR-UE.png DOCS-IT052  ( UtR ) Majester Paladin, the Ascending Dracoslayer Maestogistro Paladino, il Dracoassassino Ascendente 
 
 
 Ghost Rare
 
 
 
 ScarlightRedDragonArchfiend-DOCS-IT-GR-UE.png DOCS-IT046  ( GR ) Scarlight Red Dragon Archfiend Arcidemone Drago Rosso Lucesfregio 
 
 
 
 
 
Categories: Italian Set Card Galleries, Unlimited Edition Set Card Galleries