Link: https://yugioh.fandom.com/wiki/Set_Card_Galleries:Maximum_Crisis_(TCG-PT-1E)


 
 TCG Galleries  -  OCG Galleries  -  DDM Galleries  -  Bandai Galleries 
 
 
 
 Boosters  -  Decks  -  Packs  -  Promotions 
 
 
 Maximum Crisis Crise Máxima Portuguese - 1st Edition PendulumSwitch-MACR-PT-R-1E.png MACR-PT000  ( R ) " Pendulum Switch " "Troca de Pêndulo" PerformapalSkyMagician-MACR-PT-R-1E.png MACR-PT001  ( R ) " Performapal Sky Magician " "Camarartista Mago do Céu" PerformapalSkyPupil-MACR-PT-R-1E.png MACR-PT002  ( R ) " Performapal Sky Pupil " "Camarartista Pupilo do Céu" PerformapalRevueDancer-MACR-PT-C-1E.png MACR-PT003  ( C ) " Performapal Revue Dancer " "Camarartista Dançarina Revue" PerformapalUGoGolem-MACR-PT-R-1E.png MACR-PT004  ( R ) " Performapal U Go Golem " "Camarartista U Go Golem" PerformapalCoinDragon-MACR-PT-R-1E.png MACR-PT005  ( R ) " Performapal Coin Dragon " "Camarartista Dragão Moeda" SpeedroidSkullMarbles-MACR-PT-C-1E.png MACR-PT006  ( C ) " Speedroid Skull Marbles " "Velocidaroide Mármore Caveira" SpeedroidMaliciousmagnet-MACR-PT-C-1E.png MACR-PT007  ( C ) " Speedroid Maliciousmagnet " "Velocidaroide Imãmalicioso" SpeedroidRubberbandPlane-MACR-PT-R-1E.png MACR-PT008  ( R ) " Speedroid Rubberband Plane " "Velocidaroide Avião Elástico" PredaplantOphrysScorpio-MACR-PT-R-1E.png MACR-PT009  ( R ) " Predaplant Ophrys Scorpio " "Predaplanta Escorpião Ophrys" PredaplantDarlingtoniaCobra-MACR-PT-C-1E.png MACR-PT010  ( C ) " Predaplant Darlingtonia Cobra " "Predaplanta Cobra Darlingtoinia" PredaplantCordyceps-MACR-PT-C-1E.png MACR-PT011  ( C ) " Predaplant Cordyceps " "Predaplanta Cordyceps" LyriluscCobaltSparrow-MACR-PT-C-1E.png MACR-PT012  ( C ) " Lyrilusc - Cobalt Sparrow " "Lirilusc - Pardal de Cobalto" LyriluscSapphireSwallow-MACR-PT-C-1E.png MACR-PT013  ( C ) " Lyrilusc - Sapphire Swallow " "Lirilusc - Andorinha de Safira" LyriluscTurquoiseWarbler-MACR-PT-C-1E.png MACR-PT014  ( C ) " Lyrilusc - Turquoise Warbler " "Lirilusc - Toutinegra de Turquesa" DDGhost-MACR-PT-C-1E.png MACR-PT015  ( C ) " D/D Ghost " "D/D Fantasma" DoubleResonator-MACR-PT-C-1E.png MACR-PT016  ( C ) " Double Resonator " "Ressonador Duplo" SupremeKingGateZero-MACR-PT-SR-1E.png MACR-PT017  ( SR ) " Supreme King Gate Zero " "Rei Supremo Portal Zero" SupremeKingGateInfinity-MACR-PT-SR-1E.png MACR-PT018  ( SR ) " Supreme King Gate Infinity " "Rei Supremo Portal Infinito" SupremeKingDragonDarkwurm-MACR-PT-C-1E.png MACR-PT019  ( C ) " Supreme King Dragon Darkwurm " "Rei Supremo Dragão Wurmescuro" MajestyMaidentheTrueDracocaster-MACR-PT-UR-1E.png MACR-PT020  ( UR ) " Majesty Maiden, the True Dracocaster " "Moça Majestade, a Verdadeira Dracoconjuradora" IgnisHeattheTrueDracowarrior-MACR-PT-UR-1E.png MACR-PT021  ( UR ) " Ignis Heat, the True Dracowarrior " "Ignis Hiperardor, o Verdadeiro Dracoguerreiro" DinomightKnighttheTrueDracofighter-MACR-PT-UR-1E.png MACR-PT022  ( UR ) " Dinomight Knight, the True Dracofighter " "Kavaleiro Dinopoder, o Verdadeiro Dracolutador" DreiathIIItheTrueDracocavalryGeneral-MACR-PT-UR-1E.png MACR-PT023  ( UR ) " Dreiath III, the True Dracocavalry General " "Dreias III, o Verdadeiro Dracogeneral da Cavalaria" MasterPeacetheTrueDracoslayingKing-MACR-PT-ScR-1E.png MACR-PT024  ( ScR ) " Master Peace, the True Dracoslaying King " "Master da Paz, o Verdadeiro Dracoassassino Rei" MetaltronXIItheTrueDracombatant-MACR-PT-SR-1E.png MACR-PT025  ( SR ) " Metaltron XII, the True Dracombatant " "Metaltron XII, o Verdadeiro Dracombatente" MariamnetheTrueDracophoenix-MACR-PT-UR-1E.png MACR-PT026  ( UR ) " Mariamne, the True Dracophoenix " "Mariamne, a Verdadeira Dracofênix" ZoodiacKataroost-MACR-PT-C-1E.png MACR-PT027  ( C ) " Zoodiac Kataroost " "Katargalo Zoodíaco" PhantasmSpiralDragon-MACR-PT-R-1E.png MACR-PT028  ( R ) " Phantasm Spiral Dragon " "Dragão Fantasma Espiral" DigitalBugLEDybug-MACR-PT-C-1E.png MACR-PT029  ( C ) " Digital Bug LEDybug " "Inseto Digital LEDizinha" Zefraath-MACR-PT-SR-1E.png MACR-PT030  ( SR ) " Zefraath " "Zefraath" ArielPriestessoftheNekroz-MACR-PT-R-1E.png MACR-PT031  ( R ) " Ariel, Priestess of the Nekroz " "Ariel, a Sacerdotisa de Necroz" BESBigCoreMK3-MACR-PT-R-1E.png MACR-PT032  ( R ) " B.E.S. Big Core MK-3 " "B.E.S. Núcleo Grande MK-3" Pendulumucho-MACR-PT-SR-1E.png MACR-PT033  ( SR ) " Pendulumucho " "Pêndulomucho" Baobaboon-MACR-PT-C-1E.png MACR-PT034  ( C ) " Baobaboon " "Baobabuíno" FireCracker-MACR-PT-SP-1E.png MACR-PT035  ( SP ) " Fire Cracker " "Fogos de Artifício" AshBlossomJoyousSpring-MACR-PT-ScR-1E.png MACR-PT036  ( ScR ) " Ash Blossom & Joyous Spring " "Florescer de Cinzas & Primavera Feliz" FamiliarPossessedLyna-MACR-PT-SP-1E.png MACR-PT037  ( SP ) " Familiar-Possessed - Lyna " "Espírito-Possuído - Lyna" FairyTailLuna-MACR-PT-SR-1E.png MACR-PT038  ( SR ) " Fairy Tail - Luna " "Cauda de Fadas - Luna" SupremeKingZARC-MACR-PT-ScR-1E.png MACR-PT039  ( ScR ) " Supreme King Z-ARC " "Rei Supremo Z-ARC" PerformapalGatlinghoul-MACR-PT-UR-1E.png MACR-PT040  ( UR ) " Performapal Gatlinghoul " "Camarartista Metracarniçal" LyriluscIndependentNightingale-MACR-PT-SR-1E.png MACR-PT041  ( SR ) " Lyrilusc - Independent Nightingale " "Lirilusc - Rouxinol Independente" ThePhantomKnightsofCursedJavelin-MACR-PT-SR-1E.png MACR-PT042  ( SR ) " The Phantom Knights of Cursed Javelin " "Os Cavaleiros Fantasmas da Lança Amaldiçoada" LyriluscAssembledNightingale-MACR-PT-SR-1E.png MACR-PT043  ( SR ) " Lyrilusc - Assembled Nightingale " "Lirilusc - Rouxinol Construído" RaidraptorStrangerFalcon-MACR-PT-R-1E.png MACR-PT044  ( R ) " Raidraptor - Stranger Falcon " "Ataqueraptor - Falcão Estranho" DDDStoneKingDarius-MACR-PT-R-1E.png MACR-PT045  ( R ) " D/D/D Stone King Darius " "D/D/D Darius, o Rei de Pedra" TrueKingofAllCalamities-MACR-PT-SR-1E.png MACR-PT046  ( SR ) " True King of All Calamities " "Verdadeiro Rei de Todas as Calamidades" ZoodiacHammerkong-MACR-PT-C-1E.png MACR-PT047  ( C ) " Zoodiac Hammerkong " "Martelokong Zoodíaco" ZoodiacChakanine-MACR-PT-UR-1E.png MACR-PT048  ( UR ) " Zoodiac Chakanine " "Chakanino Zoodíaco" MagiciansRightHand-MACR-PT-C-1E.png MACR-PT049  ( C ) " Magician's Right Hand " "Mão Direita do Mago" MagiciansLeftHand-MACR-PT-C-1E.png MACR-PT050  ( C ) " Magician's Left Hand " "Mão Esquerda do Mago" MagiciansRestage-MACR-PT-R-1E.png MACR-PT051  ( R ) " Magician's Restage " "Reencenação do Mago" UltraPolymerization-MACR-PT-ScR-1E.png MACR-PT052  ( ScR ) " Ultra Polymerization " "Ultra Polimerização" DragonicDiagram-MACR-PT-ScR-1E.png MACR-PT053  ( ScR ) " Dragonic Diagram " "Diagrama Dragônico" TrueDracoHeritage-MACR-PT-UR-1E.png MACR-PT054  ( UR ) " True Draco Heritage " "Herança do Verdadeiro Draco" DisciplesoftheTrueDracophoenix-MACR-PT-C-1E.png MACR-PT055  ( C ) " Disciples of the True Dracophoenix " "Discípulos da Verdadeira Dracofênix" PacifisthePhantasmCity-MACR-PT-R-1E.png MACR-PT056  ( R ) " Pacifis, the Phantasm City " "Pacifis, a Cidade Fantasma" PhantasmSpiralCrash-MACR-PT-C-1E.png MACR-PT057  ( C ) " Phantasm Spiral Crash " "Colisão Fantasma Espiral" PhantasmSpiralGrip-MACR-PT-C-1E.png MACR-PT058  ( C ) " Phantasm Spiral Grip " "Aperto Fantasma Espiral" PhantasmSpiralWave-MACR-PT-C-1E.png MACR-PT059  ( C ) " Phantasm Spiral Wave " "Onda Fantasma Espiral" BugSignal-MACR-PT-C-1E.png MACR-PT060  ( C ) " Bug Signal " "Sinal do Inseto" ZefraProvidence-MACR-PT-R-1E.png MACR-PT061  ( R ) " Zefra Providence " "Providência Zefra" BEFZelos-MACR-PT-C-1E.png MACR-PT062  ( C ) " B.E.F. Zelos " "B.E.F. Zelos" DuelistAlliance-MACR-PT-ScR-1E.png MACR-PT063  ( ScR ) " Duelist Alliance " "Aliança dos Duelistas" SetRotation-MACR-PT-SP-1E.png MACR-PT064  ( SP ) " Set Rotation " "Rotação de Cenário" BreakAway-MACR-PT-C-1E.png MACR-PT065  ( C ) " Break Away " "Libertar-se" ThePhantomKnightsofLostVambrace-MACR-PT-C-1E.png MACR-PT066  ( C ) " The Phantom Knights of Lost Vambrace " "Os Cavaleiros Fantasmas da Manopla Perdida" ThePhantomKnightsofWrongMagnetring-MACR-PT-C-1E.png MACR-PT067  ( C ) " The Phantom Knights of Wrong Magnetring " "Os Cavaleiros Fantasmas do Imãnel Errôneo" DarkContractwiththeEternalDarkness-MACR-PT-R-1E.png MACR-PT068  ( R ) " Dark Contract with the Eternal Darkness " "Pacto Obscuro com a Escuridão Eterna" TrueKingsReturn-MACR-PT-UR-1E.png MACR-PT069  ( UR ) " True King's Return " "O Retorno do Verdadeiro Rei" TrueDracoApocalypse-MACR-PT-C-1E.png MACR-PT070  ( C ) " True Draco Apocalypse " "Verdadeiro Draco Apocalipse" ZoodiacGathering-MACR-PT-C-1E.png MACR-PT071  ( C ) " Zoodiac Gathering " "Reunião Zoodíaca" PhantasmSpiralBattle-MACR-PT-R-1E.png MACR-PT072  ( R ) " Phantasm Spiral Battle " "Batalha Fantasma Espiral" PhantasmSpiralPower-MACR-PT-C-1E.png MACR-PT073  ( C ) " Phantasm Spiral Power " "Poder Fantasma Espiral" PhantasmSpiralAssault-MACR-PT-C-1E.png MACR-PT074  ( C ) " Phantasm Spiral Assault " "Ataque Fantasma Espiral" PrologueoftheDestructionSwordsman-MACR-PT-C-1E.png MACR-PT075  ( C ) " Prologue of the Destruction Swordsman " "Prólogo do Soldado da Espada da Destruição" DinomistsHowling-MACR-PT-C-1E.png MACR-PT076  ( C ) " Dinomists Howling " "Uivo Dinonévoa" ZefraWar-MACR-PT-C-1E.png MACR-PT077  ( C ) " Zefra War " "Guerra Zefra" WaterfallofDragonSouls-MACR-PT-SR-1E.png MACR-PT078  ( SR ) " Waterfall of Dragon Souls " "Cachoeira de Almas de Dragão" UnendingNightmare-MACR-PT-ScR-1E.png MACR-PT079  ( ScR ) " Unending Nightmare " "Pesadelo Interminável" DiamondDuston-MACR-PT-SP-1E.png MACR-PT080  ( SP ) " Diamond Duston " "Poerio de Diamante" TornadoDragon-MACR-PT-ScR-1E.png MACR-PT081  ( ScR ) " Tornado Dragon " "Dragão Tornado" SubterrorFiendess-MACR-PT-SR-1E.png MACR-PT082  ( SR ) " Subterror Fiendess " "Rapariga Demônio Subterror" SubterrorBehemothPhospheroglacier-MACR-PT-C-1E.png MACR-PT083  ( C ) " Subterror Behemoth Phospheroglacier " "Fosfogeleira, o Behemoth Subterror" SubterrorBehemothSpeleogeist-MACR-PT-C-1E.png MACR-PT084  ( C ) " Subterror Behemoth Speleogeist " "Speleogeist, o Behemoth Subterror" SubterrorFinalBattle-MACR-PT-R-1E.png MACR-PT085  ( R ) " Subterror Final Battle " "Batalha Final Subterror" SPYRALSleeper-MACR-PT-SR-1E.png MACR-PT086  ( SR ) " SPYRAL Sleeper " "ESPIRÃO Dormente" SPYRALGEARLastResort-MACR-PT-R-1E.png MACR-PT087  ( R ) " SPYRAL GEAR - Last Resort " "APARATO ESPIRÃO - Ultimo Resort" SPYRALGEARFullyArmed-MACR-PT-UR-1E.png MACR-PT088  ( UR ) " SPYRAL GEAR - Fully Armed " "APARATO ESPIRÃO - Totalmente Armado" SPYRALMISSIONRescue-MACR-PT-C-1E.png MACR-PT089  ( C ) " SPYRAL MISSION - Rescue " "MISSÃO ESPIRÃO - Resgate" GiftExchange-MACR-PT-C-1E.png MACR-PT090  ( C ) " Gift Exchange " "Troca de Presentes" KaiserSeaSnake-MACR-PT-C-1E.png MACR-PT091  ( C ) " Kaiser Sea Snake " "Serpente-marinha de Kaiser" BujinHiruko-MACR-PT-R-1E.png MACR-PT092  ( R ) " Bujin Hiruko " "Bujin Hiruko" SylvanPrincessprite-MACR-PT-SR-1E.png MACR-PT093  ( SR ) " Sylvan Princessprite " "Princesaduende Silvestre" ArtifactVajra-MACR-PT-C-1E.png MACR-PT094  ( C ) " Artifact Vajra " "Artefato Vajra" MildTurkey-MACR-PT-C-1E.png MACR-PT095  ( C ) " Mild Turkey " "Peru Tenro" GhostBeef-MACR-PT-C-1E.png MACR-PT096  ( C ) " Ghost Beef " "Carne Fantasma" VennuBrightBirdofDivinity-MACR-PT-C-1E.png MACR-PT097  ( C ) " Vennu, Bright Bird of Divinity " "Vennu, o Pássaro Brilhante da Divindade" PrimalCry-MACR-PT-C-1E.png MACR-PT098  ( C ) " Primal Cry " "Grito Primário" Onikuji-MACR-PT-C-1E.png MACR-PT099  ( C ) " Onikuji " "Onikuji" 
 
 
 
 
Categories: Portuguese Set Card Galleries, 1st Edition Set Card Galleries