Link: https://yugioh.fandom.com/wiki/Set_Card_Galleries:Duelist_League_15_participation_cards_(TCG-FR-UE)


 
 TCG Galleries  -  OCG Galleries  -  DDM Galleries  -  Bandai Galleries 
 
 
 
 Boosters  -  Decks  -  Packs  -  Promotions 
 
 
 Duelist League 15 participation cards Ligue du Duelliste 15 French - Unlimited Edition Blue 
 SkilledDarkMagician-DL15-FR-R-UE-Blue.png DL15-FR001  ( R ) " Skilled Dark Magician " "Magicien Sombre Expérimenté" EnragedBattleOx-DL15-FR-R-UE-Blue.png DL15-FR002  ( R ) " Enraged Battle Ox " "Bœuf de Combat Enragé" UltimateBaseballKid-DL15-FR-R-UE-Blue.png DL15-FR003  ( R ) " Ultimate Baseball Kid " "Gosse Suprême du Base-ball" GaiaSoultheCombustibleCollective-DL15-FR-R-UE-Blue.png DL15-FR004  ( R ) " Gaia Soul the Combustible Collective " "Âme de Gaia, le Combustible Collectif" FrostandFlameDragon-DL15-FR-R-UE-Blue.png DL15-FR005  ( R ) " Frost and Flame Dragon " "Dragon de Feu et de Glace" CaiustheShadowMonarch-DL15-FR-R-UE-Blue.png DL15-FR006  ( R ) " Caius the Shadow Monarch " "Caius, le Monarque des Ombres" SuperNimbleMegaHamster-DL15-FR-R-UE-Blue.png DL15-FR007  ( R ) " Super-Nimble Mega Hamster " "Super Méga Agile Hamster" ZubabaKnight-DL15-FR-R-UE-Blue.png DL15-FR008  ( R ) " Zubaba Knight " "Chevalier Zubaba" GagagaMagician-DL15-FR-R-UE-Blue.png DL15-FR009  ( R ) " Gagaga Magician " "Magicien Gagaga" GogogoGolem-DL15-FR-R-UE-Blue.png DL15-FR010  ( R ) " Gogogo Golem " "Golem Gogogo" Kurivolt-DL15-FR-R-UE-Blue.png DL15-FR011  ( R ) " Kurivolt " "Kurivolt" Number17LeviathanDragon-DL15-FR-R-UE-Blue.png DL15-FR012  ( R ) " Number 17: Leviathan Dragon " "Numéro 17 : Dragon Léviathan" Salamandra-DL15-FR-R-UE-Blue.png DL15-FR013  ( R ) " Salamandra " "Salamandra" FiresofDoomsday-DL15-FR-R-UE-Blue.png DL15-FR014  ( R ) " Fires of Doomsday " "Flammes du Jugement Dernier" BlackWhirlwind-DL15-FR-R-UE-Blue.png DL15-FR015  ( R ) " Black Whirlwind " "Tourbillon Noir" Solidarity-DL15-FR-R-UE-Blue.png DL15-FR016  ( R ) " Solidarity " "Solidarité" WonderWand-DL15-FR-R-UE-Blue.png DL15-FR017  ( R ) " Wonder Wand " "Baguette Magique" MirrorForce-DL15-FR-R-UE-Blue.png DL15-FR018  ( R ) " Mirror Force " "Force de Miroir" DisturbanceStrategy-DL15-FR-R-UE-Blue.png DL15-FR019  ( R ) " Disturbance Strategy " "Stratégie de Confusion" HornofthePhantomBeast-DL15-FR-R-UE-Blue.png DL15-FR020  ( R ) " Horn of the Phantom Beast " "Corne de la Bête Fantôme" 
 Green 
 SkilledDarkMagician-DL15-FR-R-UE-Green.png DL15-FR001  ( R ) " Skilled Dark Magician " "Magicien Sombre Expérimenté" EnragedBattleOx-DL15-FR-R-UE-Green.png DL15-FR002  ( R ) " Enraged Battle Ox " "Bœuf de Combat Enragé" UltimateBaseballKid-DL15-FR-R-UE-Green.png DL15-FR003  ( R ) " Ultimate Baseball Kid " "Gosse Suprême du Base-ball" GaiaSoultheCombustibleCollective-DL15-FR-R-UE-Green.png DL15-FR004  ( R ) " Gaia Soul the Combustible Collective " "Âme de Gaia, le Combustible Collectif" FrostandFlameDragon-DL15-FR-R-UE-Green.png DL15-FR005  ( R ) " Frost and Flame Dragon " "Dragon de Feu et de Glace" CaiustheShadowMonarch-DL15-FR-R-UE-Green.png DL15-FR006  ( R ) " Caius the Shadow Monarch " "Caius, le Monarque des Ombres" SuperNimbleMegaHamster-DL15-FR-R-UE-Green.png DL15-FR007  ( R ) " Super-Nimble Mega Hamster " "Super Méga Agile Hamster" ZubabaKnight-DL15-FR-R-UE-Green.png DL15-FR008  ( R ) " Zubaba Knight " "Chevalier Zubaba" GagagaMagician-DL15-FR-R-UE-Green.png DL15-FR009  ( R ) " Gagaga Magician " "Magicien Gagaga" GogogoGolem-DL15-FR-R-UE-Green.png DL15-FR010  ( R ) " Gogogo Golem " "Golem Gogogo" Kurivolt-DL15-FR-R-UE-Green.png DL15-FR011  ( R ) " Kurivolt " "Kurivolt" DL15-FR012  ( R ) " Number 17: Leviathan Dragon " "Numéro 17 : Dragon Léviathan" Salamandra-DL15-FR-R-UE-Green.png DL15-FR013  ( R ) " Salamandra " "Salamandra" FiresofDoomsday-DL15-FR-R-UE-Green.png DL15-FR014  ( R ) " Fires of Doomsday " "Flammes du Jugement Dernier" BlackWhirlwind-DL15-FR-R-UE-Green.png DL15-FR015  ( R ) " Black Whirlwind " "Tourbillon Noir" Solidarity-DL15-FR-R-UE-Green.png DL15-FR016  ( R ) " Solidarity " "Solidarité" WonderWand-DL15-FR-R-UE-Green.png DL15-FR017  ( R ) " Wonder Wand " "Baguette Magique" MirrorForce-DL15-FR-R-UE-Green.png DL15-FR018  ( R ) " Mirror Force " "Force de Miroir" DisturbanceStrategy-DL15-FR-R-UE-Green.png DL15-FR019  ( R ) " Disturbance Strategy " "Stratégie de Confusion" HornofthePhantomBeast-DL15-FR-R-UE-Green.png DL15-FR020  ( R ) " Horn of the Phantom Beast " "Corne de la Bête Fantôme" 
 Purple 
 SkilledDarkMagician-DL15-FR-R-UE-Purple.png DL15-FR001  ( R ) " Skilled Dark Magician " "Magicien Sombre Expérimenté" EnragedBattleOx-DL15-FR-R-UE-Purple.png DL15-FR002  ( R ) " Enraged Battle Ox " "Bœuf de Combat Enragé" UltimateBaseballKid-DL15-FR-R-UE-Purple.png DL15-FR003  ( R ) " Ultimate Baseball Kid " "Gosse Suprême du Base-ball" GaiaSoultheCombustibleCollective-DL15-FR-R-UE-Purple.png DL15-FR004  ( R ) " Gaia Soul the Combustible Collective " "Âme de Gaia, le Combustible Collectif" FrostandFlameDragon-DL15-FR-R-UE-Purple.png DL15-FR005  ( R ) " Frost and Flame Dragon " "Dragon de Feu et de Glace" CaiustheShadowMonarch-DL15-FR-R-UE-Purple.png DL15-FR006  ( R ) " Caius the Shadow Monarch " "Caius, le Monarque des Ombres" SuperNimbleMegaHamster-DL15-FR-R-UE-Purple.png DL15-FR007  ( R ) " Super-Nimble Mega Hamster " "Super Méga Agile Hamster" ZubabaKnight-DL15-FR-R-UE-Purple.png DL15-FR008  ( R ) " Zubaba Knight " "Chevalier Zubaba" GagagaMagician-DL15-FR-R-UE-Purple.png DL15-FR009  ( R ) " Gagaga Magician " "Magicien Gagaga" GogogoGolem-DL15-FR-R-UE-Purple.png DL15-FR010  ( R ) " Gogogo Golem " "Golem Gogogo" Kurivolt-DL15-FR-R-UE-Purple.png DL15-FR011  ( R ) " Kurivolt " "Kurivolt" DL15-FR012  ( R ) " Number 17: Leviathan Dragon " "Numéro 17 : Dragon Léviathan" DL15-FR013  ( R ) " Salamandra " "Salamandra" FiresofDoomsday-DL15-FR-R-UE-Purple.png DL15-FR014  ( R ) " Fires of Doomsday " "Flammes du Jugement Dernier" BlackWhirlwind-DL15-FR-R-UE-Purple.png DL15-FR015  ( R ) " Black Whirlwind " "Tourbillon Noir" Solidarity-DL15-FR-R-UE-Purple.png DL15-FR016  ( R ) " Solidarity " "Solidarité" WonderWand-DL15-FR-R-UE-Purple.png DL15-FR017  ( R ) " Wonder Wand " "Baguette Magique" MirrorForce-DL15-FR-R-UE-Purple.png DL15-FR018  ( R ) " Mirror Force " "Force de Miroir" DisturbanceStrategy-DL15-FR-R-UE-Purple.png DL15-FR019  ( R ) " Disturbance Strategy " "Stratégie de Confusion" HornofthePhantomBeast-DL15-FR-R-UE-Purple.png DL15-FR020  ( R ) " Horn of the Phantom Beast " "Corne de la Bête Fantôme" 
 Red 
 SkilledDarkMagician-DL15-FR-R-UE-Red.png DL15-FR001  ( R ) " Skilled Dark Magician " "Magicien Sombre Expérimenté" EnragedBattleOx-DL15-FR-R-UE-Red.png DL15-FR002  ( R ) " Enraged Battle Ox " "Bœuf de Combat Enragé" UltimateBaseballKid-DL15-FR-R-UE-Red.png DL15-FR003  ( R ) " Ultimate Baseball Kid " "Gosse Suprême du Base-ball" GaiaSoultheCombustibleCollective-DL15-FR-R-UE-Red.png DL15-FR004  ( R ) " Gaia Soul the Combustible Collective " "Âme de Gaia, le Combustible Collectif" FrostandFlameDragon-DL15-FR-R-UE-Red.png DL15-FR005  ( R ) " Frost and Flame Dragon " "Dragon de Feu et de Glace" CaiustheShadowMonarch-DL15-FR-R-UE-Red.png DL15-FR006  ( R ) " Caius the Shadow Monarch " "Caius, le Monarque des Ombres" SuperNimbleMegaHamster-DL15-FR-R-UE-Red.png DL15-FR007  ( R ) " Super-Nimble Mega Hamster " "Super Méga Agile Hamster" ZubabaKnight-DL15-FR-R-UE-Red.png DL15-FR008  ( R ) " Zubaba Knight " "Chevalier Zubaba" GagagaMagician-DL15-FR-R-UE-Red.png DL15-FR009  ( R ) " Gagaga Magician " "Magicien Gagaga" GogogoGolem-DL15-FR-R-UE-Red.png DL15-FR010  ( R ) " Gogogo Golem " "Golem Gogogo" Kurivolt-DL15-FR-R-UE-Red.png DL15-FR011  ( R ) " Kurivolt " "Kurivolt" DL15-FR012  ( R ) " Number 17: Leviathan Dragon " "Numéro 17 : Dragon Léviathan" Salamandra-DL15-FR-R-UE-Red.png DL15-FR013  ( R ) " Salamandra " "Salamandra" FiresofDoomsday-DL15-FR-R-UE-Red.png DL15-FR014  ( R ) " Fires of Doomsday " "Flammes du Jugement Dernier" BlackWhirlwind-DL15-FR-R-UE-Red.png DL15-FR015  ( R ) " Black Whirlwind " "Tourbillon Noir" Solidarity-DL15-FR-R-UE-Red.png DL15-FR016  ( R ) " Solidarity " "Solidarité" WonderWand-DL15-FR-R-UE-Red.png DL15-FR017  ( R ) " Wonder Wand " "Baguette Magique" MirrorForce-DL15-FR-R-UE-Red.png DL15-FR018  ( R ) " Mirror Force " "Force de Miroir" DisturbanceStrategy-DL15-FR-R-UE-Red.png DL15-FR019  ( R ) " Disturbance Strategy " "Stratégie de Confusion" HornofthePhantomBeast-DL15-FR-R-UE-Red.png DL15-FR020  ( R ) " Horn of the Phantom Beast " "Corne de la Bête Fantôme" 
 
 
 
 
Images: ['https://static.wikia.nocookie.net/yugioh/images/0/00/Number17LeviathanDragon-DL15-FR-R-UE-Green.png/revision/latest/scale-to-width-down/120?cb=20130529015729', 'data:image/gif;base64,R0lGODlhAQABAIABAAAAAP///yH5BAEAAAEALAAAAAABAAEAQAICTAEAOw%3D%3D', 'https://static.wikia.nocookie.net/yugioh/images/e/e0/Number17LeviathanDragon-DL15-FR-R-UE-Purple.png/revision/latest/scale-to-width-down/120?cb=20130529015916', 'data:image/gif;base64,R0lGODlhAQABAIABAAAAAP///yH5BAEAAAEALAAAAAABAAEAQAICTAEAOw%3D%3D', 'https://static.wikia.nocookie.net/yugioh/images/2/28/Salamandra-DL15-FR-R-UE-Purple.png/revision/latest/scale-to-width-down/126?cb=20150701185349', 'data:image/gif;base64,R0lGODlhAQABAIABAAAAAP///yH5BAEAAAEALAAAAAABAAEAQAICTAEAOw%3D%3D', 'https://static.wikia.nocookie.net/yugioh/images/4/42/Number17LeviathanDragon-DL15-FR-R-UE-Red.png/revision/latest/scale-to-width-down/120?cb=20130529010117', 'data:image/gif;base64,R0lGODlhAQABAIABAAAAAP///yH5BAEAAAEALAAAAAABAAEAQAICTAEAOw%3D%3D']
Categories: French Set Card Galleries, Unlimited Edition Set Card Galleries