Link: https://yugioh.fandom.com/wiki/Set_Card_Galleries:Battle_Pack_2:_War_of_the_Giants_(TCG-SP-UE)


 
 TCG Galleries  -  OCG Galleries  -  DDM Galleries  -  Bandai Galleries 
 
 
 
 Boosters  -  Decks  -  Packs  -  Promotions 
 
 
 Battle Pack 2: War of the Giants Battle Pack 2: Guerra de los Gigantes Spanish - Unlimited Edition 
 
 
 
 LusterDragon-BP02-SP-C-UE.png BP02-SP001  ( C ) Luster Dragon Dragón del Brillo GeneWarpedWarwolf-BP02-SP-C-UE.png BP02-SP002  ( C ) Gene-Warped Warwolf Lobo de Guerra de Genes Cambiados Frostosaurus-BP02-SP-R-UE.png BP02-SP003  ( R ) Frostosaurus Frostosaurus AlexandriteDragon-BP02-SP-C-UE.png BP02-SP004  ( C ) Alexandrite Dragon Dragón de Alexandrita MagicianofFaith-BP02-SP-R-UE.png BP02-SP005  ( R ) Magician of Faith Mago de la Fe MahaVailo-BP02-SP-C-UE.png BP02-SP006  ( C ) Maha Vailo Maha Vailo CyberJar-BP02-SP-R-UE.png BP02-SP007  ( R ) Cyber Jar Ciber Jarra GoblinAttackForce-BP02-SP-C-UE.png BP02-SP008  ( C ) Goblin Attack Force Fuerza de Ataque Goblin TheFiendMegacyber-BP02-SP-R-UE.png BP02-SP009  ( R ) The Fiend Megacyber El Mega-ciber Demoníaco RevivalJam-BP02-SP-C-UE.png BP02-SP010  ( C ) Revival Jam Gelatina Reanimada KycootheGhostDestroyer-BP02-SP-C-UE.png BP02-SP011  ( C ) Kycoo the Ghost Destroyer Kycoo el Destructor de Fantasmas BazootheSoulEater-BP02-SP-C-UE.png BP02-SP012  ( C ) Bazoo the Soul-Eater Bazoo el Come Almas Gilasaurus-BP02-SP-C-UE.png BP02-SP013  ( C ) Gilasaurus Gilasaurus ZombyratheDark-BP02-SP-C-UE.png BP02-SP014  ( C ) Zombyra the Dark Zombyra el Oscuro SinisterSerpent-BP02-SP-C-UE.png BP02-SP015  ( C ) Sinister Serpent Serpiente Siniestra AirknightParshath-BP02-SP-R-UE.png BP02-SP016  ( R ) Airknight Parshath Caballero del Aire Parsath TwinHeadedBehemoth-BP02-SP-C-UE.png BP02-SP017  ( C ) Twin-Headed Behemoth Behemoth de Dos Cabezas InjectionFairyLily-BP02-SP-R-UE.png BP02-SP018  ( R ) Injection Fairy Lily Hada de la Inyección Lily HelpingRoboforCombat-BP02-SP-C-UE.png BP02-SP019  ( C ) Helping Robo for Combat Robot de Ayuda para el Combate LittleWinguard-BP02-SP-C-UE.png BP02-SP020  ( C ) Little-Winguard Pequeño Guardián Alado DDWarriorLady-BP02-SP-R-UE.png BP02-SP021  ( R ) D.D. Warrior Lady D.D. Dama Guerrera Zolga-BP02-SP-C-UE.png BP02-SP022  ( C ) Zolga Zolga DarkMagicianofChaos-BP02-SP-R-UE.png BP02-SP023  ( R ) Dark Magician of Chaos Mago Oscuro del Caos HyperHammerhead-BP02-SP-C-UE.png BP02-SP024  ( C ) Hyper Hammerhead Híper Cabeza de Martillo MatazatheZapper-BP02-SP-C-UE.png BP02-SP025  ( C ) Mataza the Zapper Mataza el Zapador GuardianAngelJoan-BP02-SP-R-UE.png BP02-SP026  ( R ) Guardian Angel Joan Angel Guardián Joan SlateWarrior-BP02-SP-R-UE.png BP02-SP027  ( R ) Slate Warrior Guerrero de Pizarra DDAssailant-BP02-SP-R-UE.png BP02-SP028  ( R ) D.D. Assailant Asaltante D.D. NinjaGrandmasterSasuke-BP02-SP-C-UE.png BP02-SP029  ( C ) Ninja Grandmaster Sasuke Ninja Maestro Sasuke PitchBlackWarwolf-BP02-SP-C-UE.png BP02-SP030  ( C ) Pitch-Black Warwolf Lobo de Guerra Negro Absoluto MirageDragon-BP02-SP-C-UE.png BP02-SP031  ( C ) Mirage Dragon Dragón del Espejismo BigShieldGardna-BP02-SP-C-UE.png BP02-SP032  ( C ) Big Shield Gardna Gran Escudo Gardna ToonGeminiElf-BP02-SP-C-UE.png BP02-SP033  ( C ) Toon Gemini Elf Elfo Géminis Toon ChirontheMage-BP02-SP-C-UE.png BP02-SP034  ( C ) Chiron the Mage Chiron el Mago AncientGearGolem-BP02-SP-R-UE.png BP02-SP035  ( R ) Ancient Gear Golem Golem de Mecanismo Antiguo Gyroid-BP02-SP-C-UE.png BP02-SP036  ( C ) Gyroid Gyroid Steamroid-BP02-SP-C-UE.png BP02-SP037  ( C ) Steamroid Steamroid Drillroid-BP02-SP-C-UE.png BP02-SP038  ( C ) Drillroid Drillroid CyberDragon-BP02-SP-C-UE.png BP02-SP039  ( C ) Cyber Dragon Ciber Dragón GoblinEliteAttackForce-BP02-SP-C-UE.png BP02-SP040  ( C ) Goblin Elite Attack Force Fuerza de Ataque de Élite Goblin ExarionUniverse-BP02-SP-C-UE.png BP02-SP041  ( C ) Exarion Universe Universo Exarion MythicalBeastCerberus-BP02-SP-C-UE.png BP02-SP042  ( C ) Mythical Beast Cerberus Bestia Mítica Cancerbero TreebornFrog-BP02-SP-C-UE.png BP02-SP043  ( C ) Treeborn Frog RANA Arbórea Submarineroid-BP02-SP-C-UE.png BP02-SP044  ( C ) Submarineroid Submarineroid UltimateTyranno-BP02-SP-R-UE.png BP02-SP045  ( R ) Ultimate Tyranno Ultimate Tyranno SuperConductorTyranno-BP02-SP-R-UE.png BP02-SP046  ( R ) Super Conductor Tyranno Tyranno Superconductor BrainCrusher-BP02-SP-R-UE.png BP02-SP047  ( R ) Brain Crusher Aplastacerebros CardTrooper-BP02-SP-C-UE.png BP02-SP048  ( C ) Card Trooper Soldado de la Carta Blockman-BP02-SP-C-UE.png BP02-SP049  ( C ) Blockman Bloqueador SpellStriker-BP02-SP-C-UE.png BP02-SP050  ( C ) Spell Striker Golpeador Mágico WingedRhynos-BP02-SP-C-UE.png BP02-SP051  ( C ) Winged Rhynos Rinoceronte Alado NecroGardna-BP02-SP-C-UE.png BP02-SP052  ( C ) Necro Gardna Necro Gardna HeraldofCreation-BP02-SP-C-UE.png BP02-SP053  ( C ) Herald of Creation Profeta de la Creación EvilHEROMaliciousEdge-BP02-SP-R-UE.png BP02-SP054  ( R ) Evil HERO Malicious Edge HÉROE Malvado Malicious Edge Truckroid-BP02-SP-R-UE.png BP02-SP055  ( R ) Truckroid Truckroid AncientGearKnight-BP02-SP-C-UE.png BP02-SP056  ( C ) Ancient Gear Knight Caballero de Mecanismo Antiguo DragonIce-BP02-SP-C-UE.png BP02-SP057  ( C ) Dragon Ice Dragón de Hielo Copycat-BP02-SP-C-UE.png BP02-SP058  ( C ) Copycat Imitador CyberValley-BP02-SP-R-UE.png BP02-SP059  ( R ) Cyber Valley Ciber Valle DarklordZerato-BP02-SP-R-UE.png BP02-SP060  ( R ) Darklord Zerato Señoroscuro Zerato BelialMarquisofDarkness-BP02-SP-R-UE.png BP02-SP061  ( R ) Belial - Marquis of Darkness Belial - Marqués de la Oscuridad DoomcaliberKnight-BP02-SP-C-UE.png BP02-SP062  ( C ) Doomcaliber Knight Caballero Descubrimiento Calavera ExodiustheUltimateForbiddenLord-BP02-SP-C-UE.png BP02-SP063  ( C ) Exodius the Ultimate Forbidden Lord Exodious el Señor Prohibido Definitivo DarkValkyria-BP02-SP-R-UE.png BP02-SP064  ( R ) Dark Valkyria Valkiria Oscura PhantomDragon-BP02-SP-R-UE.png BP02-SP065  ( R ) Phantom Dragon Dragón Fantasma ShieldWarrior-BP02-SP-C-UE.png BP02-SP066  ( C ) Shield Warrior Guerrero del Escudo DarkResonator-BP02-SP-C-UE.png BP02-SP067  ( C ) Dark Resonator Resonador Oscuro Krebons-BP02-SP-R-UE.png BP02-SP068  ( R ) Krebons Krebons TheTricky-BP02-SP-C-UE.png BP02-SP069  ( C ) The Tricky El Difícil SplendidVenus-BP02-SP-R-UE.png BP02-SP070  ( R ) Splendid Venus Venus Espléndida PlaguespreaderZombie-BP02-SP-C-UE.png BP02-SP071  ( C ) Plaguespreader Zombie Zombi Esparceplaga MachineLordÜr-BP02-SP-C-UE.png BP02-SP072  ( C ) Machine Lord Ür Señor de la Máquina Ür MosaicManticore-BP02-SP-R-UE.png BP02-SP073  ( R ) Mosaic Manticore Mantícora Mosaico BotanicalLion-BP02-SP-C-UE.png BP02-SP074  ( C ) Botanical Lion León Botánico BlizzardDragon-BP02-SP-C-UE.png BP02-SP075  ( C ) Blizzard Dragon Dragón de la Tormenta de Nieve DesMosquito-BP02-SP-C-UE.png BP02-SP076  ( C ) Des Mosquito Des Mosquito Dandylion-BP02-SP-C-UE.png BP02-SP077  ( C ) Dandylion Diente de León FortressWarrior-BP02-SP-C-UE.png BP02-SP078  ( C ) Fortress Warrior Guerrero de la Fortaleza TwinSwordMarauder-BP02-SP-C-UE.png BP02-SP079  ( C ) Twin-Sword Marauder Merodeador de Espadas Gemelas BeastKingBarbaros-BP02-SP-R-UE.png BP02-SP080  ( R ) Beast King Barbaros Rey Bestia Barbaros HedgeGuard-BP02-SP-C-UE.png BP02-SP081  ( C ) Hedge Guard Vigilante del Seto CardGuard-BP02-SP-C-UE.png BP02-SP082  ( C ) Card Guard Vigilante de las Cartas WhiteNightDragon-BP02-SP-R-UE.png BP02-SP083  ( R ) White Night Dragon Dragón de la Noche Blanca BeastMachineKingBarbarosÜr-BP02-SP-R-UE.png BP02-SP084  ( R ) Beast Machine King Barbaros Ür Barbaros Ür, Rey Bestia Máquina EvocatorChevalier-BP02-SP-C-UE.png BP02-SP085  ( C ) Evocator Chevalier Caballero Evocador BattleFader-BP02-SP-C-UE.png BP02-SP086  ( C ) Battle Fader Atenuador de Batalla OracleoftheSun-BP02-SP-C-UE.png BP02-SP087  ( C ) Oracle of the Sun Oráculo del Sol SamuraioftheIceBarrier-BP02-SP-C-UE.png BP02-SP088  ( C ) Samurai of the Ice Barrier Samurai de la Barrera de Hielo JurracTitano-BP02-SP-R-UE.png BP02-SP089  ( R ) Jurrac Titano Jurrac Titano DarklordDesire-BP02-SP-R-UE.png BP02-SP090  ( R ) Darklord Desire Señoroscuro Deseo PowerGiant-BP02-SP-C-UE.png BP02-SP091  ( C ) Power Giant Gigante del Poder AnarchistMonkRanshin-BP02-SP-C-UE.png BP02-SP092  ( C ) Anarchist Monk Ranshin Monje Anarquista Ranshin ApeFighter-BP02-SP-C-UE.png BP02-SP093  ( C ) Ape Fighter Simio Luchador TanngrisniroftheNordicBeasts-BP02-SP-C-UE.png BP02-SP094  ( C ) Tanngrisnir of the Nordic Beasts Tanngrisnir de las Bestias Nórdicas ChaosHunter-BP02-SP-R-UE.png BP02-SP095  ( R ) Chaos Hunter Cazadora del Caos AxeDragonute-BP02-SP-C-UE.png BP02-SP096  ( C ) Axe Dragonute Draconiano del Hacha VylonSoldier-BP02-SP-C-UE.png BP02-SP097  ( C ) Vylon Soldier Soldado Vylon BlackwingZephyrostheElite-BP02-SP-C-UE.png BP02-SP098  ( C ) Blackwing - Zephyros the Elite Alanegra - Zephyros la Élite ZubabaKnight-BP02-SP-C-UE.png BP02-SP099  ( C ) Zubaba Knight Caballero Zubaba GogogoGolem-BP02-SP-C-UE.png BP02-SP100  ( C ) Gogogo Golem Gólem Gogogo NeedleSunfish-BP02-SP-C-UE.png BP02-SP101  ( C ) Needle Sunfish Mola de Agujas Shocktopus-BP02-SP-C-UE.png BP02-SP102  ( C ) Shocktopus Shockpulpo PhotonThrasher-BP02-SP-C-UE.png BP02-SP103  ( C ) Photon Thrasher Apaleador Fotónico InterplanetarypurplythornyDragon-BP02-SP-C-UE.png BP02-SP104  ( C ) Interplanetarypurplythorny Dragon Dragón Interplanetariopurpuraespinoso TourBusFromtheUnderworld-BP02-SP-C-UE.png BP02-SP105  ( C ) Tour Bus From the Underworld Autobús de Recorrido Turístico del Inframundo VylonTetra-BP02-SP-C-UE.png BP02-SP106  ( C ) Vylon Tetra Tetra Vylon VylonStella-BP02-SP-C-UE.png BP02-SP107  ( C ) Vylon Stella Stella Vylon VylonPrism-BP02-SP-C-UE.png BP02-SP108  ( C ) Vylon Prism Prisma Vylon PhotonWyvern-BP02-SP-R-UE.png BP02-SP109  ( R ) Photon Wyvern Güiverno Fotónico TasukeKnight-BP02-SP-C-UE.png BP02-SP110  ( C ) Tasuke Knight Caballero Tasuke GagagaGardna-BP02-SP-C-UE.png BP02-SP111  ( C ) Gagaga Gardna Gagaga Gardna CardcarD-BP02-SP-R-UE.png BP02-SP112  ( R ) Cardcar D Autocard D FlameTiger-BP02-SP-C-UE.png BP02-SP113  ( C ) Flame Tiger Tigre de Llamas TardyOrc-BP02-SP-C-UE.png BP02-SP114  ( C ) Tardy Orc Orco Lento BullBlader-BP02-SP-R-UE.png BP02-SP115  ( R ) Bull Blader Toro Blader SolarWindJammer-BP02-SP-C-UE.png BP02-SP116  ( C ) Solar Wind Jammer Disruptor del Viento Solar MermailAbyssmegalo-BP02-SP-R-UE.png BP02-SP117  ( R ) Mermail Abyssmegalo Sirenarmado Abismegalo DododoBot-BP02-SP-C-UE.png BP02-SP118  ( C ) Dododo Bot Dododo Bot BaconSaver-BP02-SP-C-UE.png BP02-SP119  ( C ) Bacon Saver Ahorrador de Tocino Amarylease-BP02-SP-C-UE.png BP02-SP120  ( C ) Amarylease Tributo de Amarilis HyperAncientSharkMegalodon-BP02-SP-R-UE.png BP02-SP121  ( R ) Hyper-Ancient Shark Megalodon Tiburón Megalodón Híper-Antiguo PyrotechMechShiryu-BP02-SP-R-UE.png BP02-SP122  ( R ) Pyrotech Mech - Shiryu Mecha Pirotec - Shiryu AyeIron-BP02-SP-C-UE.png BP02-SP123  ( C ) Aye-Iron Aye-aye de Hierro MechaPhantomBeastHamstrat-BP02-SP-C-UE.png BP02-SP124  ( C ) Mecha Phantom Beast Hamstrat Mecha Bestia Fantasma Estratohámster MonsterReborn-BP02-SP-R-UE.png BP02-SP128  ( R ) Monster Reborn Monstruo Renacido PotofGreed-BP02-SP-R-UE.png BP02-SP129  ( R ) Pot of Greed Olla de la Codicia ShieldSword-BP02-SP-C-UE.png BP02-SP130  ( C ) Shield & Sword Escudo y Espada AxeofDespair-BP02-SP-C-UE.png BP02-SP131  ( C ) Axe of Despair Hacha del Desespero MalevolentNuzzler-BP02-SP-C-UE.png BP02-SP132  ( C ) Malevolent Nuzzler Nuzzler Malévolo RushRecklessly-BP02-SP-C-UE.png BP02-SP133  ( C ) Rush Recklessly Arremetida Imprudente HornoftheUnicorn-BP02-SP-C-UE.png BP02-SP134  ( C ) Horn of the Unicorn Cuerno del Unicornio PrematureBurial-BP02-SP-R-UE.png BP02-SP135  ( R ) Premature Burial Entierro Prematuro Scapegoat-BP02-SP-C-UE.png BP02-SP136  ( C ) Scapegoat Scapegoat GracefulCharity-BP02-SP-R-UE.png BP02-SP137  ( R ) Graceful Charity Caridad Grácil BookofMoon-BP02-SP-C-UE.png BP02-SP138  ( C ) Book of Moon Libro de la Luna Reasoning-BP02-SP-C-UE.png BP02-SP139  ( C ) Reasoning Razonamiento AutonomousActionUnit-BP02-SP-C-UE.png BP02-SP140  ( C ) Autonomous Action Unit Unidad de Acción Autónoma BigBangShot-BP02-SP-C-UE.png BP02-SP141  ( C ) Big Bang Shot Rayo del Big Bang Riryoku-BP02-SP-C-UE.png BP02-SP142  ( C ) Riryoku Riryoku GravityAxeGrarl-BP02-SP-C-UE.png BP02-SP143  ( C ) Gravity Axe - Grarl Hacha de Gravedad - Grarl EnemyController-BP02-SP-C-UE.png BP02-SP144  ( C ) Enemy Controller Controlador de Enemigos Earthquake-BP02-SP-C-UE.png BP02-SP145  ( C ) Earthquake Terremoto Shrink-BP02-SP-C-UE.png BP02-SP146  ( C ) Shrink Colapso SwordsofConcealingLight-BP02-SP-C-UE.png BP02-SP147  ( C ) Swords of Concealing Light Espadas de Luz Ocultadora NightmaresSteelcage-BP02-SP-C-UE.png BP02-SP148  ( C ) Nightmare's Steelcage Caja-acero de Pesadilla MausoleumoftheEmperor-BP02-SP-C-UE.png BP02-SP149  ( C ) Mausoleum of the Emperor Mausoleo del Emperador CardTrader-BP02-SP-R-UE.png BP02-SP150  ( R ) Card Trader Cambiacarta FiendsSanctuary-BP02-SP-C-UE.png BP02-SP151  ( C ) Fiend's Sanctuary Santuario del Demonio UnionAttack-BP02-SP-C-UE.png BP02-SP152  ( C ) Union Attack Ataque Unido FightingSpirit-BP02-SP-C-UE.png BP02-SP153  ( C ) Fighting Spirit Espíritu de Pelea StarBlast-BP02-SP-C-UE.png BP02-SP154  ( C ) Star Blast Explosión Estelar ForbiddenChalice-BP02-SP-C-UE.png BP02-SP155  ( C ) Forbidden Chalice Cáliz Prohibido ReptilianneRage-BP02-SP-C-UE.png BP02-SP156  ( C ) Reptilianne Rage Furia Reptílica RocketPilder-BP02-SP-C-UE.png BP02-SP157  ( C ) Rocket Pilder Cohete de Comando HalfShut-BP02-SP-C-UE.png BP02-SP158  ( C ) Half Shut Medio Cerrado CursedArmaments-BP02-SP-C-UE.png BP02-SP159  ( C ) Cursed Armaments Armamentos Malditos PotofDuality-BP02-SP-R-UE.png BP02-SP160  ( R ) Pot of Duality Olla de la Dualidad AxeofFools-BP02-SP-C-UE.png BP02-SP161  ( C ) Axe of Fools Hacha de Tontos ForbiddenLance-BP02-SP-C-UE.png BP02-SP162  ( C ) Forbidden Lance Lanza Prohibida BlusteringWinds-BP02-SP-C-UE.png BP02-SP163  ( C ) Blustering Winds Vientos Huracanados EgoBoost-BP02-SP-C-UE.png BP02-SP164  ( C ) Ego Boost Mejora del Ego ShardofGreed-BP02-SP-R-UE.png BP02-SP165  ( R ) Shard of Greed Fragmento de Codicia FullForceStrike-BP02-SP-R-UE.png BP02-SP166  ( R ) Full-Force Strike Ataque con toda la Fuerza PhotonSanctuary-BP02-SP-C-UE.png BP02-SP167  ( C ) Photon Sanctuary Santuario Fotónico ForbiddenDress-BP02-SP-C-UE.png BP02-SP168  ( C ) Forbidden Dress Vestido Prohibido ReverseTrap-BP02-SP-C-UE.png BP02-SP169  ( C ) Reverse Trap Trampa de Inversión Waboku-BP02-SP-C-UE.png BP02-SP170  ( C ) Waboku Waboku CalloftheHaunted-BP02-SP-R-UE.png BP02-SP171  ( R ) Call of the Haunted Llamada de los Condenados MirrorWall-BP02-SP-C-UE.png BP02-SP172  ( C ) Mirror Wall Muro de Espejo Metalmorph-BP02-SP-C-UE.png BP02-SP173  ( C ) Metalmorph Metalmorph MaskofWeakness-BP02-SP-C-UE.png BP02-SP174  ( C ) Mask of Weakness Máscara de la Debilidad RecklessGreed-BP02-SP-R-UE.png BP02-SP175  ( R ) Reckless Greed Codicia Imprudente RopeofLife-BP02-SP-C-UE.png BP02-SP176  ( C ) Rope of Life Cuerda de la Vida WindstormofEtaqua-BP02-SP-C-UE.png BP02-SP177  ( C ) Windstorm of Etaqua Torbellino de Etaqua ZeroGravity-BP02-SP-C-UE.png BP02-SP178  ( C ) Zero Gravity Gravedad Cero AHeroEmerges-BP02-SP-C-UE.png BP02-SP179  ( C ) A Hero Emerges Un Héroe Emerge EmbodimentofApophis-BP02-SP-C-UE.png BP02-SP180  ( C ) Embodiment of Apophis Encarnación de Apophis DrainingShield-BP02-SP-C-UE.png BP02-SP181  ( C ) Draining Shield Escudo Drenador CurseofAnubis-BP02-SP-C-UE.png BP02-SP182  ( C ) Curse of Anubis Maldición de Anubis LabyrinthofNightmare-BP02-SP-C-UE.png BP02-SP183  ( C ) Labyrinth of Nightmare Laberinto de la Pesadilla ThreateningRoar-BP02-SP-C-UE.png BP02-SP184  ( C ) Threatening Roar Rugido Amenazante RisingEnergy-BP02-SP-C-UE.png BP02-SP185  ( C ) Rising Energy Energía Ascendente MagicalArmShield-BP02-SP-C-UE.png BP02-SP186  ( C ) Magical Arm Shield Escudo Mágico de Brazo ShatteredAxe-BP02-SP-C-UE.png BP02-SP187  ( C ) Shattered Axe Hacha Destrozada StrongholdtheMovingFortress-BP02-SP-C-UE.png BP02-SP188  ( C ) Stronghold the Moving Fortress Bastión, la Fortaleza Móvil StrikeSlash-BP02-SP-C-UE.png BP02-SP189  ( C ) Strike Slash Golpe de Corte NoEntry-BP02-SP-C-UE.png BP02-SP190  ( C ) No Entry!! ¡Prohibido el paso! Cloning-BP02-SP-C-UE.png BP02-SP191  ( C ) Cloning Duplicado de Clon SinisterSeeds-BP02-SP-C-UE.png BP02-SP192  ( C ) Sinister Seeds Semillas Siniestras MetalReflectSlime-BP02-SP-C-UE.png BP02-SP193  ( C ) Metal Reflect Slime Limo Reflectametal ZomatheSpirit-BP02-SP-C-UE.png BP02-SP194  ( C ) Zoma the Spirit Zoma de Calavera Miniaturize-BP02-SP-C-UE.png BP02-SP195  ( C ) Miniaturize Miniaturizar Spacegate-BP02-SP-C-UE.png BP02-SP196  ( C ) Spacegate Portal Espacial Overworked-BP02-SP-C-UE.png BP02-SP197  ( C ) Overworked Exceso de Trabajo KunaiwithChain-BP02-SP-C-UE.png BP02-SP198  ( C ) Kunai with Chain Kunai con Cadena PridefulRoar-BP02-SP-C-UE.png BP02-SP199  ( C ) Prideful Roar Rugido Orgulloso TimeMachine-BP02-SP-C-UE.png BP02-SP200  ( C ) Time Machine Máquina del Tiempo HalforNothing-BP02-SP-C-UE.png BP02-SP201  ( C ) Half or Nothing La Mitad o Nada MiracleLocus-BP02-SP-C-UE.png BP02-SP202  ( C ) Miracle Locus Lugar Milagroso SkillSuccessor-BP02-SP-C-UE.png BP02-SP203  ( C ) Skill Successor Sucesor en las Habilidades PowerFrame-BP02-SP-C-UE.png BP02-SP204  ( C ) Power Frame Armazón de Poder DamageGate-BP02-SP-C-UE.png BP02-SP205  ( C ) Damage Gate Portal del Daño MiraclesWake-BP02-SP-C-UE.png BP02-SP206  ( C ) Miracle's Wake Consecuencia del Milagro HalfCounter-BP02-SP-C-UE.png BP02-SP207  ( C ) Half Counter Contraataque Medio TheGoldenApples-BP02-SP-R-UE.png BP02-SP208  ( R ) The Golden Apples Las Manzanas Doradas TikiCurse-BP02-SP-C-UE.png BP02-SP209  ( C ) Tiki Curse Maldición Tiki TikiSoul-BP02-SP-C-UE.png BP02-SP210  ( C ) Tiki Soul Alma Tiki ImpenetrableAttack-BP02-SP-C-UE.png BP02-SP211  ( C ) Impenetrable Attack Ataque Impenetrable MemoryofanAdversary-BP02-SP-R-UE.png BP02-SP212  ( R ) Memory of an Adversary Recuerdo de un Adversario DimensionGate-BP02-SP-C-UE.png BP02-SP213  ( C ) Dimension Gate Portal Dimensional SpikeshieldwithChain-BP02-SP-R-UE.png BP02-SP214  ( R ) Spikeshield with Chain Escudo de Púa con Cadena BreakthroughSkill-BP02-SP-C-UE.png BP02-SP215  ( C ) Breakthrough Skill Habilidad Rompedora 
 
 
 Mosaic Rares
 
 
 
 LusterDragon-BP02-SP-MSR-UE.png BP02-SP001  ( MSR ) Luster Dragon Dragón del Brillo GeneWarpedWarwolf-BP02-SP-MSR-UE.png BP02-SP002  ( MSR ) Gene-Warped Warwolf Lobo de Guerra de Genes Cambiados Frostosaurus-BP02-SP-MSR-UE.png BP02-SP003  ( MSR ) Frostosaurus Frostosaurus AlexandriteDragon-BP02-SP-MSR-UE.png BP02-SP004  ( MSR ) Alexandrite Dragon Dragón de Alexandrita MagicianofFaith-BP02-SP-MSR-UE.png BP02-SP005  ( MSR ) Magician of Faith Mago de la Fe MahaVailo-BP02-SP-MSR-UE.png BP02-SP006  ( MSR ) Maha Vailo Maha Vailo CyberJar-BP02-SP-MSR-UE.png BP02-SP007  ( MSR ) Cyber Jar Ciber Jarra GoblinAttackForce-BP02-SP-MSR-UE.png BP02-SP008  ( MSR ) Goblin Attack Force Fuerza de Ataque Goblin TheFiendMegacyber-BP02-SP-MSR-UE.png BP02-SP009  ( MSR ) The Fiend Megacyber El Mega-ciber Demoníaco RevivalJam-BP02-SP-MSR-UE.png BP02-SP010  ( MSR ) Revival Jam Gelatina Reanimada KycootheGhostDestroyer-BP02-SP-MSR-UE.png BP02-SP011  ( MSR ) Kycoo the Ghost Destroyer Kycoo el Destructor de Fantasmas BazootheSoulEater-BP02-SP-MSR-UE.png BP02-SP012  ( MSR ) Bazoo the Soul-Eater Bazoo el Come Almas Gilasaurus-BP02-SP-MSR-UE.png BP02-SP013  ( MSR ) Gilasaurus Gilasaurus ZombyratheDark-BP02-SP-MSR-UE.png BP02-SP014  ( MSR ) Zombyra the Dark Zombyra el Oscuro SinisterSerpent-BP02-SP-MSR-UE.png BP02-SP015  ( MSR ) Sinister Serpent Serpiente Siniestra AirknightParshath-BP02-SP-MSR-UE.png BP02-SP016  ( MSR ) Airknight Parshath Caballero del Aire Parsath TwinHeadedBehemoth-BP02-SP-MSR-UE.png BP02-SP017  ( MSR ) Twin-Headed Behemoth Behemoth de Dos Cabezas InjectionFairyLily-BP02-SP-MSR-UE.png BP02-SP018  ( MSR ) Injection Fairy Lily Hada de la Inyección Lily HelpingRoboforCombat-BP02-SP-MSR-UE.png BP02-SP019  ( MSR ) Helping Robo for Combat Robot de Ayuda para el Combate LittleWinguard-BP02-SP-MSR-UE.png BP02-SP020  ( MSR ) Little-Winguard Pequeño Guardián Alado DDWarriorLady-BP02-SP-MSR-UE.png BP02-SP021  ( MSR ) D.D. Warrior Lady D.D. Dama Guerrera Zolga-BP02-SP-MSR-UE.png BP02-SP022  ( MSR ) Zolga Zolga DarkMagicianofChaos-BP02-SP-MSR-UE.png BP02-SP023  ( MSR ) Dark Magician of Chaos Mago Oscuro del Caos HyperHammerhead-BP02-SP-MSR-UE.png BP02-SP024  ( MSR ) Hyper Hammerhead Híper Cabeza de Martillo MatazatheZapper-BP02-SP-MSR-UE.png BP02-SP025  ( MSR ) Mataza the Zapper Mataza el Zapador GuardianAngelJoan-BP02-SP-MSR-UE.png BP02-SP026  ( MSR ) Guardian Angel Joan Angel Guardián Joan SlateWarrior-BP02-SP-MSR-UE.png BP02-SP027  ( MSR ) Slate Warrior Guerrero de Pizarra DDAssailant-BP02-SP-MSR-UE.png BP02-SP028  ( MSR ) D.D. Assailant Asaltante D.D. NinjaGrandmasterSasuke-BP02-SP-MSR-UE.png BP02-SP029  ( MSR ) Ninja Grandmaster Sasuke Ninja Maestro Sasuke PitchBlackWarwolf-BP02-SP-MSR-UE.png BP02-SP030  ( MSR ) Pitch-Black Warwolf Lobo de Guerra Negro Absoluto MirageDragon-BP02-SP-MSR-UE.png BP02-SP031  ( MSR ) Mirage Dragon Dragón del Espejismo BigShieldGardna-BP02-SP-MSR-UE.png BP02-SP032  ( MSR ) Big Shield Gardna Gran Escudo Gardna ToonGeminiElf-BP02-SP-MSR-UE.png BP02-SP033  ( MSR ) Toon Gemini Elf Elfo Géminis Toon ChirontheMage-BP02-SP-MSR-UE.png BP02-SP034  ( MSR ) Chiron the Mage Chiron el Mago AncientGearGolem-BP02-SP-MSR-UE.png BP02-SP035  ( MSR ) Ancient Gear Golem Golem de Mecanismo Antiguo Gyroid-BP02-SP-MSR-UE.png BP02-SP036  ( MSR ) Gyroid Gyroid Steamroid-BP02-SP-MSR-UE.png BP02-SP037  ( MSR ) Steamroid Steamroid Drillroid-BP02-SP-MSR-UE.png BP02-SP038  ( MSR ) Drillroid Drillroid CyberDragon-BP02-SP-MSR-UE.png BP02-SP039  ( MSR ) Cyber Dragon Ciber Dragón GoblinEliteAttackForce-BP02-SP-MSR-UE.png BP02-SP040  ( MSR ) Goblin Elite Attack Force Fuerza de Ataque de Élite Goblin ExarionUniverse-BP02-SP-MSR-UE.png BP02-SP041  ( MSR ) Exarion Universe Universo Exarion MythicalBeastCerberus-BP02-SP-MSR-UE.png BP02-SP042  ( MSR ) Mythical Beast Cerberus Bestia Mítica Cancerbero TreebornFrog-BP02-SP-MSR-UE.png BP02-SP043  ( MSR ) Treeborn Frog RANA Arbórea Submarineroid-BP02-SP-MSR-UE.png BP02-SP044  ( MSR ) Submarineroid Submarineroid UltimateTyranno-BP02-SP-MSR-UE.png BP02-SP045  ( MSR ) Ultimate Tyranno Ultimate Tyranno SuperConductorTyranno-BP02-SP-MSR-UE.png BP02-SP046  ( MSR ) Super Conductor Tyranno Tyranno Superconductor BrainCrusher-BP02-SP-MSR-UE.png BP02-SP047  ( MSR ) Brain Crusher Aplastacerebros CardTrooper-BP02-SP-MSR-UE.png BP02-SP048  ( MSR ) Card Trooper Soldado de la Carta Blockman-BP02-SP-MSR-UE.png BP02-SP049  ( MSR ) Blockman Bloqueador SpellStriker-BP02-SP-MSR-UE.png BP02-SP050  ( MSR ) Spell Striker Golpeador Mágico WingedRhynos-BP02-SP-MSR-UE.png BP02-SP051  ( MSR ) Winged Rhynos Rinoceronte Alado NecroGardna-BP02-SP-MSR-UE.png BP02-SP052  ( MSR ) Necro Gardna Necro Gardna HeraldofCreation-BP02-SP-MSR-UE.png BP02-SP053  ( MSR ) Herald of Creation Profeta de la Creación EvilHEROMaliciousEdge-BP02-SP-MSR-UE.png BP02-SP054  ( MSR ) Evil HERO Malicious Edge HÉROE Malvado Malicious Edge Truckroid-BP02-SP-MSR-UE.png BP02-SP055  ( MSR ) Truckroid Truckroid AncientGearKnight-BP02-SP-MSR-UE.png BP02-SP056  ( MSR ) Ancient Gear Knight Caballero de Mecanismo Antiguo DragonIce-BP02-SP-MSR-UE.png BP02-SP057  ( MSR ) Dragon Ice Dragón de Hielo Copycat-BP02-SP-MSR-UE.png BP02-SP058  ( MSR ) Copycat Imitador CyberValley-BP02-SP-MSR-UE.png BP02-SP059  ( MSR ) Cyber Valley Ciber Valle DarklordZerato-BP02-SP-MSR-UE.png BP02-SP060  ( MSR ) Darklord Zerato Señoroscuro Zerato BelialMarquisofDarkness-BP02-SP-MSR-UE.png BP02-SP061  ( MSR ) Belial - Marquis of Darkness Belial - Marqués de la Oscuridad DoomcaliberKnight-BP02-SP-MSR-UE.png BP02-SP062  ( MSR ) Doomcaliber Knight Caballero Descubrimiento Calavera ExodiustheUltimateForbiddenLord-BP02-SP-MSR-UE.png BP02-SP063  ( MSR ) Exodius the Ultimate Forbidden Lord Exodious el Señor Prohibido Definitivo DarkValkyria-BP02-SP-MSR-UE.png BP02-SP064  ( MSR ) Dark Valkyria Valkiria Oscura PhantomDragon-BP02-SP-MSR-UE.png BP02-SP065  ( MSR ) Phantom Dragon Dragón Fantasma ShieldWarrior-BP02-SP-MSR-UE.png BP02-SP066  ( MSR ) Shield Warrior Guerrero del Escudo DarkResonator-BP02-SP-MSR-UE.png BP02-SP067  ( MSR ) Dark Resonator Resonador Oscuro Krebons-BP02-SP-MSR-UE.png BP02-SP068  ( MSR ) Krebons Krebons TheTricky-BP02-SP-MSR-UE.png BP02-SP069  ( MSR ) The Tricky El Difícil SplendidVenus-BP02-SP-MSR-UE.png BP02-SP070  ( MSR ) Splendid Venus Venus Espléndida PlaguespreaderZombie-BP02-SP-MSR-UE.png BP02-SP071  ( MSR ) Plaguespreader Zombie Zombi Esparceplaga MachineLordÜr-BP02-SP-MSR-UE.png BP02-SP072  ( MSR ) Machine Lord Ür Señor de la Máquina Ür MosaicManticore-BP02-SP-MSR-UE.png BP02-SP073  ( MSR ) Mosaic Manticore Mantícora Mosaico BotanicalLion-BP02-SP-MSR-UE.png BP02-SP074  ( MSR ) Botanical Lion León Botánico BlizzardDragon-BP02-SP-MSR-UE.png BP02-SP075  ( MSR ) Blizzard Dragon Dragón de la Tormenta de Nieve DesMosquito-BP02-SP-MSR-UE.png BP02-SP076  ( MSR ) Des Mosquito Des Mosquito Dandylion-BP02-SP-MSR-UE.png BP02-SP077  ( MSR ) Dandylion Diente de León FortressWarrior-BP02-SP-MSR-UE.png BP02-SP078  ( MSR ) Fortress Warrior Guerrero de la Fortaleza TwinSwordMarauder-BP02-SP-MSR-UE.png BP02-SP079  ( MSR ) Twin-Sword Marauder Merodeador de Espadas Gemelas BeastKingBarbaros-BP02-SP-MSR-UE.png BP02-SP080  ( MSR ) Beast King Barbaros Rey Bestia Barbaros HedgeGuard-BP02-SP-MSR-UE.png BP02-SP081  ( MSR ) Hedge Guard Vigilante del Seto CardGuard-BP02-SP-MSR-UE.png BP02-SP082  ( MSR ) Card Guard Vigilante de las Cartas WhiteNightDragon-BP02-SP-MSR-UE.png BP02-SP083  ( MSR ) White Night Dragon Dragón de la Noche Blanca BeastMachineKingBarbarosÜr-BP02-SP-MSR-UE.png BP02-SP084  ( MSR ) Beast Machine King Barbaros Ür Barbaros Ür, Rey Bestia Máquina EvocatorChevalier-BP02-SP-MSR-UE.png BP02-SP085  ( MSR ) Evocator Chevalier Caballero Evocador BattleFader-BP02-SP-MSR-UE.png BP02-SP086  ( MSR ) Battle Fader Atenuador de Batalla OracleoftheSun-BP02-SP-MSR-UE.png BP02-SP087  ( MSR ) Oracle of the Sun Oráculo del Sol SamuraioftheIceBarrier-BP02-SP-MSR-UE.png BP02-SP088  ( MSR ) Samurai of the Ice Barrier Samurai de la Barrera de Hielo JurracTitano-BP02-SP-MSR-UE.png BP02-SP089  ( MSR ) Jurrac Titano Jurrac Titano DarklordDesire-BP02-SP-MSR-UE.png BP02-SP090  ( MSR ) Darklord Desire Señoroscuro Deseo PowerGiant-BP02-SP-MSR-UE.png BP02-SP091  ( MSR ) Power Giant Gigante del Poder AnarchistMonkRanshin-BP02-SP-MSR-UE.png BP02-SP092  ( MSR ) Anarchist Monk Ranshin Monje Anarquista Ranshin ApeFighter-BP02-SP-MSR-UE.png BP02-SP093  ( MSR ) Ape Fighter Simio Luchador TanngrisniroftheNordicBeasts-BP02-SP-MSR-UE.png BP02-SP094  ( MSR ) Tanngrisnir of the Nordic Beasts Tanngrisnir de las Bestias Nórdicas ChaosHunter-BP02-SP-MSR-UE.png BP02-SP095  ( MSR ) Chaos Hunter Cazadora del Caos AxeDragonute-BP02-SP-MSR-UE.png BP02-SP096  ( MSR ) Axe Dragonute Draconiano del Hacha VylonSoldier-BP02-SP-MSR-UE.png BP02-SP097  ( MSR ) Vylon Soldier Soldado Vylon BlackwingZephyrostheElite-BP02-SP-MSR-UE.png BP02-SP098  ( MSR ) Blackwing - Zephyros the Elite Alanegra - Zephyros la Élite ZubabaKnight-BP02-SP-MSR-UE.png BP02-SP099  ( MSR ) Zubaba Knight Caballero Zubaba GogogoGolem-BP02-SP-MSR-UE.png BP02-SP100  ( MSR ) Gogogo Golem Gólem Gogogo NeedleSunfish-BP02-SP-MSR-UE.png BP02-SP101  ( MSR ) Needle Sunfish Mola de Agujas Shocktopus-BP02-SP-MSR-UE.png BP02-SP102  ( MSR ) Shocktopus Shockpulpo PhotonThrasher-BP02-SP-MSR-UE.png BP02-SP103  ( MSR ) Photon Thrasher Apaleador Fotónico InterplanetarypurplythornyDragon-BP02-SP-MSR-UE.png BP02-SP104  ( MSR ) Interplanetarypurplythorny Dragon Dragón Interplanetariopurpuraespinoso TourBusFromtheUnderworld-BP02-SP-MSR-UE.png BP02-SP105  ( MSR ) Tour Bus From the Underworld Autobús de Recorrido Turístico del Inframundo VylonTetra-BP02-SP-MSR-UE.png BP02-SP106  ( MSR ) Vylon Tetra Tetra Vylon VylonStella-BP02-SP-MSR-UE.png BP02-SP107  ( MSR ) Vylon Stella Stella Vylon VylonPrism-BP02-SP-MSR-UE.png BP02-SP108  ( MSR ) Vylon Prism Prisma Vylon PhotonWyvern-BP02-SP-MSR-UE.png BP02-SP109  ( MSR ) Photon Wyvern Güiverno Fotónico TasukeKnight-BP02-SP-MSR-UE.png BP02-SP110  ( MSR ) Tasuke Knight Caballero Tasuke GagagaGardna-BP02-SP-MSR-UE.png BP02-SP111  ( MSR ) Gagaga Gardna Gagaga Gardna CardcarD-BP02-SP-MSR-UE.png BP02-SP112  ( MSR ) Cardcar D Autocard D FlameTiger-BP02-SP-MSR-UE.png BP02-SP113  ( MSR ) Flame Tiger Tigre de Llamas TardyOrc-BP02-SP-MSR-UE.png BP02-SP114  ( MSR ) Tardy Orc Orco Lento BullBlader-BP02-SP-MSR-UE.png BP02-SP115  ( MSR ) Bull Blader Toro Blader SolarWindJammer-BP02-SP-MSR-UE.png BP02-SP116  ( MSR ) Solar Wind Jammer Disruptor del Viento Solar MermailAbyssmegalo-BP02-SP-MSR-UE.png BP02-SP117  ( MSR ) Mermail Abyssmegalo Sirenarmado Abismegalo DododoBot-BP02-SP-MSR-UE.png BP02-SP118  ( MSR ) Dododo Bot Dododo Bot BaconSaver-BP02-SP-MSR-UE.png BP02-SP119  ( MSR ) Bacon Saver Ahorrador de Tocino Amarylease-BP02-SP-MSR-UE.png BP02-SP120  ( MSR ) Amarylease Tributo de Amarilis HyperAncientSharkMegalodon-BP02-SP-MSR-UE.png BP02-SP121  ( MSR ) Hyper-Ancient Shark Megalodon Tiburón Megalodón Híper-Antiguo PyrotechMechShiryu-BP02-SP-MSR-UE.png BP02-SP122  ( MSR ) Pyrotech Mech - Shiryu Mecha Pirotec - Shiryu AyeIron-BP02-SP-MSR-UE.png BP02-SP123  ( MSR ) Aye-Iron Aye-aye de Hierro MechaPhantomBeastHamstrat-BP02-SP-MSR-UE.png BP02-SP124  ( MSR ) Mecha Phantom Beast Hamstrat Mecha Bestia Fantasma Estratohámster ObelisktheTormentor-BP02-SP-MSR-UE.png BP02-SP125  ( MSR ) Obelisk the Tormentor Obelisco el Atormentador TheWingedDragonofRa-BP02-SP-MSR-UE.png BP02-SP126  ( MSR ) The Winged Dragon of Ra El Dragón Alado de Ra SlifertheSkyDragon-BP02-SP-MSR-UE.png BP02-SP127  ( MSR ) Slifer the Sky Dragon Slifer el Dragón del Cielo MonsterReborn-BP02-SP-MSR-UE.png BP02-SP128  ( MSR ) Monster Reborn Monstruo Renacido PotofGreed-BP02-SP-MSR-UE.png BP02-SP129  ( MSR ) Pot of Greed Olla de la Codicia ShieldSword-BP02-SP-MSR-UE.png BP02-SP130  ( MSR ) Shield & Sword Escudo y Espada AxeofDespair-BP02-SP-MSR-UE.png BP02-SP131  ( MSR ) Axe of Despair Hacha del Desespero MalevolentNuzzler-BP02-SP-MSR-UE.png BP02-SP132  ( MSR ) Malevolent Nuzzler Nuzzler Malévolo RushRecklessly-BP02-SP-MSR-UE.png BP02-SP133  ( MSR ) Rush Recklessly Arremetida Imprudente HornoftheUnicorn-BP02-SP-MSR-UE.png BP02-SP134  ( MSR ) Horn of the Unicorn Cuerno del Unicornio PrematureBurial-BP02-SP-MSR-UE.png BP02-SP135  ( MSR ) Premature Burial Entierro Prematuro Scapegoat-BP02-SP-MSR-UE.png BP02-SP136  ( MSR ) Scapegoat Scapegoat GracefulCharity-BP02-SP-MSR-UE.png BP02-SP137  ( MSR ) Graceful Charity Caridad Grácil BookofMoon-BP02-SP-MSR-UE.png BP02-SP138  ( MSR ) Book of Moon Libro de la Luna Reasoning-BP02-SP-MSR-UE.png BP02-SP139  ( MSR ) Reasoning Razonamiento AutonomousActionUnit-BP02-SP-MSR-UE.png BP02-SP140  ( MSR ) Autonomous Action Unit Unidad de Acción Autónoma BigBangShot-BP02-SP-MSR-UE.png BP02-SP141  ( MSR ) Big Bang Shot Rayo del Big Bang Riryoku-BP02-SP-MSR-UE.png BP02-SP142  ( MSR ) Riryoku Riryoku GravityAxeGrarl-BP02-SP-MSR-UE.png BP02-SP143  ( MSR ) Gravity Axe - Grarl Hacha de Gravedad - Grarl EnemyController-BP02-SP-MSR-UE.png BP02-SP144  ( MSR ) Enemy Controller Controlador de Enemigos Earthquake-BP02-SP-MSR-UE.png BP02-SP145  ( MSR ) Earthquake Terremoto Shrink-BP02-SP-MSR-UE.png BP02-SP146  ( MSR ) Shrink Colapso SwordsofConcealingLight-BP02-SP-MSR-UE.png BP02-SP147  ( MSR ) Swords of Concealing Light Espadas de Luz Ocultadora NightmaresSteelcage-BP02-SP-MSR-UE.png BP02-SP148  ( MSR ) Nightmare's Steelcage Caja-acero de Pesadilla MausoleumoftheEmperor-BP02-SP-MSR-UE.png BP02-SP149  ( MSR ) Mausoleum of the Emperor Mausoleo del Emperador CardTrader-BP02-SP-MSR-UE.png BP02-SP150  ( MSR ) Card Trader Cambiacarta FiendsSanctuary-BP02-SP-MSR-UE.png BP02-SP151  ( MSR ) Fiend's Sanctuary Santuario del Demonio UnionAttack-BP02-SP-MSR-UE.png BP02-SP152  ( MSR ) Union Attack Ataque Unido FightingSpirit-BP02-SP-MSR-UE.png BP02-SP153  ( MSR ) Fighting Spirit Espíritu de Pelea StarBlast-BP02-SP-MSR-UE.png BP02-SP154  ( MSR ) Star Blast Explosión Estelar ForbiddenChalice-BP02-SP-MSR-UE.png BP02-SP155  ( MSR ) Forbidden Chalice Cáliz Prohibido ReptilianneRage-BP02-SP-MSR-UE.png BP02-SP156  ( MSR ) Reptilianne Rage Furia Reptílica RocketPilder-BP02-SP-MSR-UE.png BP02-SP157  ( MSR ) Rocket Pilder Cohete de Comando HalfShut-BP02-SP-MSR-UE.png BP02-SP158  ( MSR ) Half Shut Medio Cerrado CursedArmaments-BP02-SP-MSR-UE.png BP02-SP159  ( MSR ) Cursed Armaments Armamentos Malditos PotofDuality-BP02-SP-MSR-UE.png BP02-SP160  ( MSR ) Pot of Duality Olla de la Dualidad AxeofFools-BP02-SP-MSR-UE.png BP02-SP161  ( MSR ) Axe of Fools Hacha de Tontos ForbiddenLance-BP02-SP-MSR-UE.png BP02-SP162  ( MSR ) Forbidden Lance Lanza Prohibida BlusteringWinds-BP02-SP-MSR-UE.png BP02-SP163  ( MSR ) Blustering Winds Vientos Huracanados EgoBoost-BP02-SP-MSR-UE.png BP02-SP164  ( MSR ) Ego Boost Mejora del Ego ShardofGreed-BP02-SP-MSR-UE.png BP02-SP165  ( MSR ) Shard of Greed Fragmento de Codicia FullForceStrike-BP02-SP-MSR-UE.png BP02-SP166  ( MSR ) Full-Force Strike Ataque con toda la Fuerza PhotonSanctuary-BP02-SP-MSR-UE.png BP02-SP167  ( MSR ) Photon Sanctuary Santuario Fotónico ForbiddenDress-BP02-SP-MSR-UE.png BP02-SP168  ( MSR ) Forbidden Dress Vestido Prohibido ReverseTrap-BP02-SP-MSR-UE.png BP02-SP169  ( MSR ) Reverse Trap Trampa de Inversión Waboku-BP02-SP-MSR-UE.png BP02-SP170  ( MSR ) Waboku Waboku CalloftheHaunted-BP02-SP-MSR-UE.png BP02-SP171  ( MSR ) Call of the Haunted Llamada de los Condenados MirrorWall-BP02-SP-MSR-UE.png BP02-SP172  ( MSR ) Mirror Wall Muro de Espejo Metalmorph-BP02-SP-MSR-UE.png BP02-SP173  ( MSR ) Metalmorph Metalmorph MaskofWeakness-BP02-SP-MSR-UE.png BP02-SP174  ( MSR ) Mask of Weakness Máscara de la Debilidad RecklessGreed-BP02-SP-MSR-UE.png BP02-SP175  ( MSR ) Reckless Greed Codicia Imprudente RopeofLife-BP02-SP-MSR-UE.png BP02-SP176  ( MSR ) Rope of Life Cuerda de la Vida WindstormofEtaqua-BP02-SP-MSR-UE.png BP02-SP177  ( MSR ) Windstorm of Etaqua Torbellino de Etaqua ZeroGravity-BP02-SP-MSR-UE.png BP02-SP178  ( MSR ) Zero Gravity Gravedad Cero AHeroEmerges-BP02-SP-MSR-UE.png BP02-SP179  ( MSR ) A Hero Emerges Un Héroe Emerge EmbodimentofApophis-BP02-SP-MSR-UE.png BP02-SP180  ( MSR ) Embodiment of Apophis Encarnación de Apophis DrainingShield-BP02-SP-MSR-UE.png BP02-SP181  ( MSR ) Draining Shield Escudo Drenador CurseofAnubis-BP02-SP-MSR-UE.png BP02-SP182  ( MSR ) Curse of Anubis Maldición de Anubis LabyrinthofNightmare-BP02-SP-MSR-UE.png BP02-SP183  ( MSR ) Labyrinth of Nightmare Laberinto de la Pesadilla ThreateningRoar-BP02-SP-MSR-UE.png BP02-SP184  ( MSR ) Threatening Roar Rugido Amenazante RisingEnergy-BP02-SP-MSR-UE.png BP02-SP185  ( MSR ) Rising Energy Energía Ascendente MagicalArmShield-BP02-SP-MSR-UE.png BP02-SP186  ( MSR ) Magical Arm Shield Escudo Mágico de Brazo ShatteredAxe-BP02-SP-MSR-UE.png BP02-SP187  ( MSR ) Shattered Axe Hacha Destrozada StrongholdtheMovingFortress-BP02-SP-MSR-UE.png BP02-SP188  ( MSR ) Stronghold the Moving Fortress Bastión, la Fortaleza Móvil StrikeSlash-BP02-SP-MSR-UE.png BP02-SP189  ( MSR ) Strike Slash Golpe de Corte NoEntry-BP02-SP-MSR-UE.png BP02-SP190  ( MSR ) No Entry!! ¡Prohibido el paso! Cloning-BP02-SP-MSR-UE.png BP02-SP191  ( MSR ) Cloning Duplicado de Clon SinisterSeeds-BP02-SP-MSR-UE.png BP02-SP192  ( MSR ) Sinister Seeds Semillas Siniestras MetalReflectSlime-BP02-SP-MSR-UE.png BP02-SP193  ( MSR ) Metal Reflect Slime Limo Reflectametal ZomatheSpirit-BP02-SP-MSR-UE.png BP02-SP194  ( MSR ) Zoma the Spirit Zoma de Calavera Miniaturize-BP02-SP-MSR-UE.png BP02-SP195  ( MSR ) Miniaturize Miniaturizar Spacegate-BP02-SP-MSR-UE.png BP02-SP196  ( MSR ) Spacegate Portal Espacial Overworked-BP02-SP-MSR-UE.png BP02-SP197  ( MSR ) Overworked Exceso de Trabajo KunaiwithChain-BP02-SP-MSR-UE.png BP02-SP198  ( MSR ) Kunai with Chain Kunai con Cadena PridefulRoar-BP02-SP-MSR-UE.png BP02-SP199  ( MSR ) Prideful Roar Rugido Orgulloso TimeMachine-BP02-SP-MSR-UE.png BP02-SP200  ( MSR ) Time Machine Máquina del Tiempo HalforNothing-BP02-SP-MSR-UE.png BP02-SP201  ( MSR ) Half or Nothing La Mitad o Nada MiracleLocus-BP02-SP-MSR-UE.png BP02-SP202  ( MSR ) Miracle Locus Lugar Milagroso SkillSuccessor-BP02-SP-MSR-UE.png BP02-SP203  ( MSR ) Skill Successor Sucesor en las Habilidades PowerFrame-BP02-SP-MSR-UE.png BP02-SP204  ( MSR ) Power Frame Armazón de Poder DamageGate-BP02-SP-MSR-UE.png BP02-SP205  ( MSR ) Damage Gate Portal del Daño MiraclesWake-BP02-SP-MSR-UE.png BP02-SP206  ( MSR ) Miracle's Wake Consecuencia del Milagro HalfCounter-BP02-SP-MSR-UE.png BP02-SP207  ( MSR ) Half Counter Contraataque Medio TheGoldenApples-BP02-SP-MSR-UE.png BP02-SP208  ( MSR ) The Golden Apples Las Manzanas Doradas TikiCurse-BP02-SP-MSR-UE.png BP02-SP209  ( MSR ) Tiki Curse Maldición Tiki TikiSoul-BP02-SP-MSR-UE.png BP02-SP210  ( MSR ) Tiki Soul Alma Tiki ImpenetrableAttack-BP02-SP-MSR-UE.png BP02-SP211  ( MSR ) Impenetrable Attack Ataque Impenetrable MemoryofanAdversary-BP02-SP-MSR-UE.png BP02-SP212  ( MSR ) Memory of an Adversary Recuerdo de un Adversario DimensionGate-BP02-SP-MSR-UE.png BP02-SP213  ( MSR ) Dimension Gate Portal Dimensional SpikeshieldwithChain-BP02-SP-MSR-UE.png BP02-SP214  ( MSR ) Spikeshield with Chain Escudo de Púa con Cadena BreakthroughSkill-BP02-SP-MSR-UE.png BP02-SP215  ( MSR ) Breakthrough Skill Habilidad Rompedora 
 
 
 
 
 
Categories: Spanish Set Card Galleries, Unlimited Edition Set Card Galleries