Link: https://yugioh.fandom.com/wiki/Set_Card_Galleries:Invasion:_Vengeance_(TCG-FR-UE)


 
 TCG Galleries  -  OCG Galleries  -  DDM Galleries  -  Bandai Galleries 
 
 
 
 Boosters  -  Decks  -  Packs  -  Promotions 
 
 
 Invasion: Vengeance Invasion : Vengeance French - Unlimited Edition SpaceDragster-INOV-FR-R-UE.png INOV-FR000  ( R ) " Space Dragster " "Dragster de l'Espace" DragonCoreHexer-INOV-FR-R-UE.png INOV-FR001  ( R ) " Dragon Core Hexer " "Sorceleuse de Noyaux de Dragon" PerformapalWhimWitch-INOV-FR-R-UE.png INOV-FR002  ( R ) " Performapal Whim Witch " "Sorcière Capricieuse Potartiste" PerformapalFlipHippo-INOV-FR-C-UE.png INOV-FR003  ( C ) " Performapal Flip Hippo " "Hippopotame du Flip Potartiste" PerformapalSealEel-INOV-FR-C-UE.png INOV-FR004  ( C ) " Performapal Seal Eel " "Anguiphoque Potartiste" PerformapalChangeraffe-INOV-FR-C-UE.png INOV-FR005  ( C ) " Performapal Changeraffe " "Changeraffe Potartiste" PredaplantFlytrap-INOV-FR-R-UE.png INOV-FR006  ( R ) " Predaplant Flytrap " "Attrape-Mouche Prédaplante" PredaplantMorayNepenthes-INOV-FR-C-UE.png INOV-FR007  ( C ) " Predaplant Moray Nepenthes " "Murène Népenthès Prédaplante" PredaplantSquidDrosera-INOV-FR-C-UE.png INOV-FR008  ( C ) " Predaplant Squid Drosera " "Calamar Drosera Prédaplante" SuperheavySamuraiSoulpeacemaker-INOV-FR-R-UE.png INOV-FR009  ( R ) " Superheavy Samurai Soulpeacemaker " "Pacificâme Samouraï Supralourd" CipherTwinRaptor-INOV-FR-C-UE.png INOV-FR010  ( C ) " Cipher Twin Raptor " "Raptor Jumeau Cipher" CipherMirrorKnight-INOV-FR-C-UE.png INOV-FR011  ( C ) " Cipher Mirror Knight " "Chevalier Miroir Cipher" INOV-FR012  ( C ) " Flower Cardian Clover with Boar " "Fleur Cardian Trèfle avec Sanglier" FlowerCardianMaplewithDeer-INOV-FR-C-UE.png INOV-FR013  ( C ) " Flower Cardian Maple with Deer " "Fleur Cardian Érable avec Cerf" FlowerCardianPeonywithButterfly-INOV-FR-C-UE.png INOV-FR014  ( C ) " Flower Cardian Peony with Butterfly " "Fleur Cardian Pivoine à Papillon" CrystronQuan-INOV-FR-SR-UE.png INOV-FR015  ( SR ) " Crystron Quan " "Quan Crystron" INOV-FR016  ( UR ) " Crystron Citree " "Citree Crystron" CrystronPrasiortle-INOV-FR-C-UE.png INOV-FR017  ( C ) " Crystron Prasiortle " "Prasiortue Crystron" CrystronSmiger-INOV-FR-C-UE.png INOV-FR018  ( C ) " Crystron Smiger " "Morigre Crystron" CrystronThystvern-INOV-FR-C-UE.png INOV-FR019  ( C ) " Crystron Thystvern " "Thystivre Crystron" CrystronRosenix-INOV-FR-C-UE.png INOV-FR020  ( C ) " Crystron Rosenix " "Rosénix Crystron" TrueKingBahrastostheFathomer-INOV-FR-UR-UE.png INOV-FR021  ( UR ) " True King Bahrastos, the Fathomer " "Roi Véritable Bahrastos le Fathomeur" RaremetalfoesBismugear-INOV-FR-C-UE.png INOV-FR022  ( C ) " Raremetalfoes Bismugear " "Bismupièce Métalphose Rare" ChemicritterHydronHawk-INOV-FR-C-UE.png INOV-FR023  ( C ) " Chemicritter Hydron Hawk " "Hobereau Hydron Chimicréa" INOV-FR024  ( C ) " Chemicritter Carbo Crab " "Crabe Carbo Chimicréa" ChemicritterOxyOx-INOV-FR-C-UE.png INOV-FR025  ( C ) " Chemicritter Oxy Ox " "Ovibos Ox Chimicréa" PolyChemicritterDioxogre-INOV-FR-R-UE.png INOV-FR026  ( R ) " Poly-Chemicritter Dioxogre " "Dioxogre Poly-Chimicréa" PolyChemicritterHydragon-INOV-FR-C-UE.png INOV-FR027  ( C ) " Poly-Chemicritter Hydragon " "Hydragon Poly-Chimicréa" MeteorDragonRedEyesImpact-INOV-FR-R-UE.png INOV-FR028  ( R ) " Meteor Dragon Red-Eyes Impact " "Dragon Météore Impact aux Yeux Rouges" PSYFrameMultiThreader-INOV-FR-C-UE.png INOV-FR029  ( C ) " PSY-Frame Multi-Threader " "Multitraiteur Structure-PSY" GraydleSlimeJr-INOV-FR-C-UE.png INOV-FR030  ( C ) " Graydle Slime Jr. " "Slime Berceau-Gris Junior" AromaseraphyAngelica-INOV-FR-C-UE.png INOV-FR031  ( C ) " Aromaseraphy Angelica " "Angélique Arômaséraphie" DokiDoki-INOV-FR-C-UE.png INOV-FR032  ( C ) " Doki Doki " "Doki Doki" TorqueTuneGear-INOV-FR-SR-UE.png INOV-FR033  ( SR ) " Torque Tune Gear " "Moteur à Couple Élevé" PandorasJewelryBox-INOV-FR-SP-UE.png INOV-FR034  ( SP ) " Pandora's Jewelry Box " "Boîte à Bijoux de Pandore" FairyTailSleeper-INOV-FR-SP-UE.png INOV-FR035  ( SP ) " Fairy Tail - Sleeper " "Animal Féérique - Belle" CyberAngelVrash-INOV-FR-SR-UE.png INOV-FR036  ( SR ) " Cyber Angel Vrash " "Vrash Ange Cyber" SauravistheAncientandAscended-INOV-FR-ScR-UE.png INOV-FR037  ( ScR ) " Sauravis, the Ancient and Ascended " "Sauravis, l'Ancien et Ascensionné" StarvingVenomFusionDragon-INOV-FR-ScR-UE.png INOV-FR038  ( ScR ) " Starving Venom Fusion Dragon " "Dragon Fusion Venin Affamé" FullmetalfoesAlkahest-INOV-FR-ScR-UE.png INOV-FR039  ( ScR ) " Fullmetalfoes Alkahest " "Alkahest Métalphose Pur" MetalfoesMithrilium-INOV-FR-UR-UE.png INOV-FR040  ( UR ) " Metalfoes Mithrilium " "Mithrilium Métalphose" INOV-FR041  ( UR ) " Meteor Black Comet Dragon " "Dragon Noir Comète Météore" SuperheavySamuraiNinjaSarutobi-INOV-FR-R-UE.png INOV-FR042  ( R ) " Superheavy Samurai Ninja Sarutobi " "Ninja Sarutobi Samouraï Supralourd" FlowerCardianBoardefly-INOV-FR-R-UE.png INOV-FR043  ( R ) " Flower Cardian Boardefly " "Fleur Cardian Sanglicerpillon" CrystronQuandax-INOV-FR-UR-UE.png INOV-FR044  ( UR ) " Crystron Quandax " "Quandax Crystron" CrystronAmetrix-INOV-FR-SR-UE.png INOV-FR045  ( SR ) " Crystron Ametrix " "Amétrix Crystron" INOV-FR046  ( UR ) " Crystron Phoenix " "Phénix Crystron" AromaseraphyRosemary-INOV-FR-R-UE.png INOV-FR047  ( R ) " Aromaseraphy Rosemary " "Romarin Arômaséraphie" DenglongFirstoftheYangZing-INOV-FR-UR-UE.png INOV-FR048  ( UR ) " Denglong, First of the Yang Zing " "Denglong, Premier du Yang Zing" DarkRequiemXyzDragon-INOV-FR-ScR-UE.png INOV-FR049  ( ScR ) " Dark Requiem Xyz Dragon " "Dragon Xyz du Requiem des Ténèbres" VolaChemicritterMethydraco-INOV-FR-SR-UE.png INOV-FR050  ( SR ) " Vola-Chemicritter Methydraco " "Méthydraco Vola-Chimicréa" DarktellarknightBatlamyus-INOV-FR-UR-UE.png INOV-FR051  ( UR ) " Darktellarknight Batlamyus " "Noirtellchevalier Batlamyus" INOV-FR052  ( ScR ) " Toadally Awesome " "Crapaudilique" AmazingPendulum-INOV-FR-C-UE.png INOV-FR053  ( C ) " Amazing Pendulum " "Pendule Impressionnant" ThePhantomKnightsRankUpMagicLaunch-INOV-FR-SR-UE.png INOV-FR054  ( SR ) " The Phantom Knights' Rank-Up-Magic Launch " "Les Chevaliers Fantômes du Lancement Magie-Rang-Plus" FlowerStacking-INOV-FR-C-UE.png INOV-FR055  ( C ) " Flower Stacking " "Pile de Fleurs" SuperKoiKoi-INOV-FR-R-UE.png INOV-FR056  ( R ) " Super Koi Koi " "Super Koi Koi" CrystolicPotential-INOV-FR-C-UE.png INOV-FR057  ( C ) " Crystolic Potential " "Potentiel Crystolique" FullmetalfoesFusion-INOV-FR-SR-UE.png INOV-FR058  ( SR ) " Fullmetalfoes Fusion " "Fusion Métalphose Pur" CatalystField-INOV-FR-UR-UE.png INOV-FR059  ( UR ) " Catalyst Field " "Champ Catalyseur" RedEyesInsight-INOV-FR-R-UE.png INOV-FR060  ( R ) " Red-Eyes Insight " "Vision aux Yeux Rouges" IgknightsUnite-INOV-FR-C-UE.png INOV-FR061  ( C ) " Igknights Unite " "Union des Chevaliardents" TellarknightGenesis-INOV-FR-SR-UE.png INOV-FR062  ( SR ) " Tellarknight Genesis " "Tellchevalier Genèse" ACellRecombinationDevice-INOV-FR-C-UE.png INOV-FR063  ( C ) " "A" Cell Recombination Device " "Recombinaison Cellule "A"" SpritesBlessing-INOV-FR-C-UE.png INOV-FR064  ( C ) " Sprite's Blessing " "Bénédiction des Lutins" PotofAcquisitiveness-INOV-FR-SR-UE.png INOV-FR065  ( SR ) " Pot of Acquisitiveness " "Pot de Possessivité" Quarantine-INOV-FR-SP-UE.png INOV-FR066  ( SP ) " Quarantine " "Quarantaine" KingsSynchro-INOV-FR-SR-UE.png INOV-FR067  ( SR ) " King's Synchro " "Synchro du Roi" DoubleCipher-INOV-FR-C-UE.png INOV-FR068  ( C ) " Double Cipher " "Double Cipher" CipherBit-INOV-FR-C-UE.png INOV-FR069  ( C ) " Cipher Bit " "Élément Binaire Cipher" FraudFreeze-INOV-FR-C-UE.png INOV-FR070  ( C ) " Fraud Freeze " "Fraude Gelée" CrystronEntry-INOV-FR-C-UE.png INOV-FR071  ( C ) " Crystron Entry " "Entrée Crystron" CrystronImpact-INOV-FR-C-UE.png INOV-FR072  ( C ) " Crystron Impact " "Impact Crystron" Burnout-INOV-FR-R-UE.png INOV-FR073  ( R ) " Burnout " "Saturation" PSYFrameAccelerator-INOV-FR-C-UE.png INOV-FR074  ( C ) " PSY-Frame Accelerator " "Accélérateur Structure-PSY" GraydleCombat-INOV-FR-C-UE.png INOV-FR075  ( C ) " Graydle Combat " "Combat Berceau-Gris" QlifesEnd-INOV-FR-R-UE.png INOV-FR076  ( R ) " Qlife's End " "Fin de Qlivie" NinePillarsofYangZing-INOV-FR-R-UE.png INOV-FR077  ( R ) " Nine Pillars of Yang Zing " "Les Neuf Piliers du Yang Zing" DimensionalBarrier-INOV-FR-ScR-UE.png INOV-FR078  ( ScR ) " Dimensional Barrier " "Barrière Dimensionnelle" SummonGate-INOV-FR-C-UE.png INOV-FR079  ( C ) " Summon Gate " "Portail d'Invocation" PresentCard-INOV-FR-SP-UE.png INOV-FR080  ( SP ) " Present Card " "Carte Cadeau" VermillionDragonMech-INOV-FR-ScR-UE.png INOV-FR081  ( ScR ) " Vermillion Dragon Mech " "Dragon Méca Vermillon" SubterrorNemesisArcher-INOV-FR-ScR-UE.png INOV-FR082  ( ScR ) " Subterror Nemesis Archer " "Archère Némésis Subterreur" SubterrorBehemothStygokraken-INOV-FR-SR-UE.png INOV-FR083  ( SR ) " Subterror Behemoth Stygokraken " "Stygokraken Subterreur Béhémoth" SubterrorBehemothUltramafus-INOV-FR-UR-UE.png INOV-FR084  ( UR ) " Subterror Behemoth Ultramafus " "Ultramafus Subterreur Béhémoth" SubterrorBehemothBurrowing-INOV-FR-R-UE.png INOV-FR085  ( R ) " Subterror Behemoth Burrowing " "Burrowing Subterreur Béhémoth" CharmingResortStaff-INOV-FR-R-UE.png INOV-FR086  ( R ) " Charming Resort Staff " "Charmant Personnel Resort" SPYRALMasterPlan-INOV-FR-SR-UE.png INOV-FR087  ( SR ) " SPYRAL Master Plan " "Plan Directeur ESPIRALE" SPYRALMISSIONAssault-INOV-FR-R-UE.png INOV-FR088  ( R ) " SPYRAL MISSION - Assault " "MISSION ESPIRALE - Assaut" SPYRALResort-INOV-FR-SR-UE.png INOV-FR089  ( SR ) " SPYRAL Resort " "Resort ESPIRALE" SaberReflection-INOV-FR-R-UE.png INOV-FR090  ( R ) " Saber Reflection " "Reflet de Sabre" ConstellarTempest-INOV-FR-R-UE.png INOV-FR091  ( R ) " Constellar Tempest " "Tempête de la Constellée" Caninetaur-INOV-FR-C-UE.png INOV-FR092  ( C ) " Caninetaur " "Caninetaure" DinoSewing-INOV-FR-C-UE.png INOV-FR093  ( C ) " Dino-Sewing " "Dino-Couture" MareMare-INOV-FR-C-UE.png INOV-FR094  ( C ) " Mare Mare " "Mare Mare" PaleozoicEldonia-INOV-FR-C-UE.png INOV-FR095  ( C ) " Paleozoic Eldonia " "Eldonia Paléozoïque" PaleozoicDinomischus-INOV-FR-C-UE.png INOV-FR096  ( C ) " Paleozoic Dinomischus " "Dinomischus Paléozoïque" PaleozoicMarrella-INOV-FR-C-UE.png INOV-FR097  ( C ) " Paleozoic Marrella " "Marrella Paléozoïque" PaleozoicLeanchoilia-INOV-FR-C-UE.png INOV-FR098  ( C ) " Paleozoic Leanchoilia " "Leanchoilia Paléozoïque" PaleozoicOpabinia-INOV-FR-SR-UE.png INOV-FR099  ( SR ) " Paleozoic Opabinia " "Opabinia Paléozoïque" 
 
 
 
 
Images: ['https://static.wikia.nocookie.net/yugioh/images/9/9a/FlowerCardianCloverwithBoar-INOV-FR-C-UE.png/revision/latest/scale-to-width-down/120?cb=20191230104122', 'data:image/gif;base64,R0lGODlhAQABAIABAAAAAP///yH5BAEAAAEALAAAAAABAAEAQAICTAEAOw%3D%3D', 'https://static.wikia.nocookie.net/yugioh/images/b/b8/CrystronCitree-INOV-FR-UR-UE.png/revision/latest/scale-to-width-down/141?cb=20161215223740', 'data:image/gif;base64,R0lGODlhAQABAIABAAAAAP///yH5BAEAAAEALAAAAAABAAEAQAICTAEAOw%3D%3D', 'https://static.wikia.nocookie.net/yugioh/images/f/f9/ChemicritterCarboCrab-INOV-FR-C-UE.png/revision/latest/scale-to-width-down/120?cb=20181113121847', 'data:image/gif;base64,R0lGODlhAQABAIABAAAAAP///yH5BAEAAAEALAAAAAABAAEAQAICTAEAOw%3D%3D', 'https://static.wikia.nocookie.net/yugioh/images/3/38/MeteorBlackCometDragon-INOV-FR-UR-UE.png/revision/latest/scale-to-width-down/137?cb=20161215223700', 'data:image/gif;base64,R0lGODlhAQABAIABAAAAAP///yH5BAEAAAEALAAAAAABAAEAQAICTAEAOw%3D%3D', 'https://static.wikia.nocookie.net/yugioh/images/d/d1/CrystronPhoenix-INOV-FR-UR-UE.png/revision/latest/scale-to-width-down/135?cb=20161215223828', 'data:image/gif;base64,R0lGODlhAQABAIABAAAAAP///yH5BAEAAAEALAAAAAABAAEAQAICTAEAOw%3D%3D', 'https://static.wikia.nocookie.net/yugioh/images/0/00/ToadallyAwesome-INOV-FR-ScR-UE.png/revision/latest/scale-to-width-down/143?cb=20161215223713', 'data:image/gif;base64,R0lGODlhAQABAIABAAAAAP///yH5BAEAAAEALAAAAAABAAEAQAICTAEAOw%3D%3D']
Categories: French Set Card Galleries, Unlimited Edition Set Card Galleries