Link: https://yugioh.fandom.com/wiki/Set_Card_Galleries:Maximum_Crisis_(TCG-IT-1E)


 
 TCG Galleries  -  OCG Galleries  -  DDM Galleries  -  Bandai Galleries 
 
 
 
 Boosters  -  Decks  -  Packs  -  Promotions 
 
 
 Maximum Crisis Crisi Massima Italian - 1st Edition PendulumSwitch-MACR-IT-R-1E.png MACR-IT000  ( R ) " Pendulum Switch " "Sostituzione Pendulum" PerformapalSkyMagician-MACR-IT-R-1E.png MACR-IT001  ( R ) " Performapal Sky Magician " "Artistamico Mago del Cielo" PerformapalSkyPupil-MACR-IT-R-1E.png MACR-IT002  ( R ) " Performapal Sky Pupil " "Artistamico Allievo del Cielo" PerformapalRevueDancer-MACR-IT-C-1E.png MACR-IT003  ( C ) " Performapal Revue Dancer " "Artistamico Danzatore Revue" PerformapalUGoGolem-MACR-IT-R-1E.png MACR-IT004  ( R ) " Performapal U Go Golem " "Artistamico U Go Golem" PerformapalCoinDragon-MACR-IT-R-1E.png MACR-IT005  ( R ) " Performapal Coin Dragon " "Artistamico Drago Moneta" SpeedroidSkullMarbles-MACR-IT-C-1E.png MACR-IT006  ( C ) " Speedroid Skull Marbles " "Velociroid Biglie Teschio" SpeedroidMaliciousmagnet-MACR-IT-C-1E.png MACR-IT007  ( C ) " Speedroid Maliciousmagnet " "Velociroid Maliziosomagnete" SpeedroidRubberbandPlane-MACR-IT-R-1E.png MACR-IT008  ( R ) " Speedroid Rubberband Plane " "Velociroid Aereo Elastico" PredaplantOphrysScorpio-MACR-IT-R-1E.png MACR-IT009  ( R ) " Predaplant Ophrys Scorpio " "Predapianta Ofride Scorpione" PredaplantDarlingtoniaCobra-MACR-IT-C-1E.png MACR-IT010  ( C ) " Predaplant Darlingtonia Cobra " "Predapianta Darlingtonia Cobra" PredaplantCordyceps-MACR-IT-C-1E.png MACR-IT011  ( C ) " Predaplant Cordyceps " "Predapianta Cordyceps" LyriluscCobaltSparrow-MACR-IT-C-1E.png MACR-IT012  ( C ) " Lyrilusc - Cobalt Sparrow " "Lirilusc - Passero Cobalto" LyriluscSapphireSwallow-MACR-IT-C-1E.png MACR-IT013  ( C ) " Lyrilusc - Sapphire Swallow " "Lirilusc - Rondine Zaffiro" LyriluscTurquoiseWarbler-MACR-IT-C-1E.png MACR-IT014  ( C ) " Lyrilusc - Turquoise Warbler " "Lirilusc - Dendroica Turchese" DDGhost-MACR-IT-C-1E.png MACR-IT015  ( C ) " D/D Ghost " "D/D Fantasma" DoubleResonator-MACR-IT-C-1E.png MACR-IT016  ( C ) " Double Resonator " "Doppio Diapason" SupremeKingGateZero-MACR-IT-SR-1E.png MACR-IT017  ( SR ) " Supreme King Gate Zero " "Re Supremo Cancello Zero" SupremeKingGateInfinity-MACR-IT-SR-1E.png MACR-IT018  ( SR ) " Supreme King Gate Infinity " "Re Supremo Cancello dell'Infinito" SupremeKingDragonDarkwurm-MACR-IT-C-1E.png MACR-IT019  ( C ) " Supreme King Dragon Darkwurm " "Re Supremo Drago Oscurowurm" MajestyMaidentheTrueDracocaster-MACR-IT-UR-1E.png MACR-IT020  ( UR ) " Majesty Maiden, the True Dracocaster " "Madamigella della Maestosità, la Vera Dracolanciatrice" IgnisHeattheTrueDracowarrior-MACR-IT-UR-1E.png MACR-IT021  ( UR ) " Ignis Heat, the True Dracowarrior " "Accens Hincendium, il Vero Dracoguerriero" DinomightKnighttheTrueDracofighter-MACR-IT-UR-1E.png MACR-IT022  ( UR ) " Dinomight Knight, the True Dracofighter " "Dinomight Kavaliere, il Vero Dracocombattente" DreiathIIItheTrueDracocavalryGeneral-MACR-IT-UR-1E.png MACR-IT023  ( UR ) " Dreiath III, the True Dracocavalry General " "Dreia III, il Generale della Vera Dracocavalleria" MasterPeacetheTrueDracoslayingKing-MACR-IT-ScR-1E.png MACR-IT024  ( ScR ) " Master Peace, the True Dracoslaying King " "Maestro Pace, il Vero Dracouccisore Re" MetaltronXIItheTrueDracombatant-MACR-IT-SR-1E.png MACR-IT025  ( SR ) " Metaltron XII, the True Dracombatant " "Metaltron XII, il Vero Dracolottatore" MariamnetheTrueDracophoenix-MACR-IT-UR-1E.png MACR-IT026  ( UR ) " Mariamne, the True Dracophoenix " "Mariamne, la Vera Dracofenice" ZoodiacKataroost-MACR-IT-C-1E.png MACR-IT027  ( C ) " Zoodiac Kataroost " "Zoodiaco Katargallo" PhantasmSpiralDragon-MACR-IT-R-1E.png MACR-IT028  ( R ) " Phantasm Spiral Dragon " "Drago Spirale Fantasmatica" DigitalBugLEDybug-MACR-IT-C-1E.png MACR-IT029  ( C ) " Digital Bug LEDybug " "Bug Digitale LEDybug" Zefraath-MACR-IT-SR-1E.png MACR-IT030  ( SR ) " Zefraath " "Zefraath" ArielPriestessoftheNekroz-MACR-IT-R-1E.png MACR-IT031  ( R ) " Ariel, Priestess of the Nekroz " "Ariel, Pretessa dei Nekroz" MACR-IT032  ( R ) " B.E.S. Big Core MK-3 " "B.E.S. Nucleo Potente MK-3" Pendulumucho-MACR-IT-SR-1E.png MACR-IT033  ( SR ) " Pendulumucho " "Pendulumucho" Baobaboon-MACR-IT-C-1E.png MACR-IT034  ( C ) " Baobaboon " "Baobabbuino" FireCracker-MACR-IT-SP-1E.png MACR-IT035  ( SP ) " Fire Cracker " "Petardiere" AshBlossomJoyousSpring-MACR-IT-ScR-1E.png MACR-IT036  ( ScR ) " Ash Blossom & Joyous Spring " "Fioritura di Cenere & Gioiosa Primavera" FamiliarPossessedLyna-MACR-IT-SP-1E.png MACR-IT037  ( SP ) " Familiar-Possessed - Lyna " "Lyna Posseduta dal Famiglio" FairyTailLuna-MACR-IT-SR-1E.png MACR-IT038  ( SR ) " Fairy Tail - Luna " "Codafavola - Luna" MACR-IT039  ( ScR ) " Supreme King Z-ARC " "Re Supremo Z-ARC" PerformapalGatlinghoul-MACR-IT-UR-1E.png MACR-IT040  ( UR ) " Performapal Gatlinghoul " "Artistamico Gatlinghoul" LyriluscIndependentNightingale-MACR-IT-SR-1E.png MACR-IT041  ( SR ) " Lyrilusc - Independent Nightingale " "Lirilusc - Usignolo Indipendente" ThePhantomKnightsofCursedJavelin-MACR-IT-SR-1E.png MACR-IT042  ( SR ) " The Phantom Knights of Cursed Javelin " "I Cavalieri Fantasma del Giavellotto Maledetto" LyriluscAssembledNightingale-MACR-IT-SR-1E.png MACR-IT043  ( SR ) " Lyrilusc - Assembled Nightingale " "Lirilusc - Usignolo Assemblato" RaidraptorStrangerFalcon-MACR-IT-R-1E.png MACR-IT044  ( R ) " Raidraptor - Stranger Falcon " "Raidraptor - Falco Sconosciuto" DDDStoneKingDarius-MACR-IT-R-1E.png MACR-IT045  ( R ) " D/D/D Stone King Darius " "D/D/D Darius Re di Pietra" TrueKingofAllCalamities-MACR-IT-SR-1E.png MACR-IT046  ( SR ) " True King of All Calamities " "Vero Re di Tutte le Calamità" ZoodiacHammerkong-MACR-IT-C-1E.png MACR-IT047  ( C ) " Zoodiac Hammerkong " "Zoodiaco Martellokong" ZoodiacChakanine-MACR-IT-UR-1E.png MACR-IT048  ( UR ) " Zoodiac Chakanine " "Zoodiaco Chakanina" MagiciansRightHand-MACR-IT-C-1E.png MACR-IT049  ( C ) " Magician's Right Hand " "Mano Destra del Mago" MagiciansLeftHand-MACR-IT-C-1E.png MACR-IT050  ( C ) " Magician's Left Hand " "Mano Sinistra del Mago" MagiciansRestage-MACR-IT-R-1E.png MACR-IT051  ( R ) " Magician's Restage " "Replica del Mago" UltraPolymerization-MACR-IT-ScR-1E.png MACR-IT052  ( ScR ) " Ultra Polymerization " "Ultra Polimerizzazione" DragonicDiagram-MACR-IT-ScR-1E.png MACR-IT053  ( ScR ) " Dragonic Diagram " "Diagramma Draconico" TrueDracoHeritage-MACR-IT-UR-1E.png MACR-IT054  ( UR ) " True Draco Heritage " "Eredità del Vero Draco" DisciplesoftheTrueDracophoenix-MACR-IT-C-1E.png MACR-IT055  ( C ) " Disciples of the True Dracophoenix " "Discepoli della Vera Dracofenice" PacifisthePhantasmCity-MACR-IT-R-1E.png MACR-IT056  ( R ) " Pacifis, the Phantasm City " "Pacifis, la Città Fantasmatica" PhantasmSpiralCrash-MACR-IT-C-1E.png MACR-IT057  ( C ) " Phantasm Spiral Crash " "Schianto Spirale Fantasmatica" PhantasmSpiralGrip-MACR-IT-C-1E.png MACR-IT058  ( C ) " Phantasm Spiral Grip " "Presa Spirale Fantasmatica" PhantasmSpiralWave-MACR-IT-C-1E.png MACR-IT059  ( C ) " Phantasm Spiral Wave " "Onda Spirale Fantasmatica" BugSignal-MACR-IT-C-1E.png MACR-IT060  ( C ) " Bug Signal " "Bug Segnale" ZefraProvidence-MACR-IT-R-1E.png MACR-IT061  ( R ) " Zefra Providence " "Provvidenza Zefra" BEFZelos-MACR-IT-C-1E.png MACR-IT062  ( C ) " B.E.F. Zelos " "B.E.F. Zelos" DuelistAlliance-MACR-IT-ScR-1E.png MACR-IT063  ( ScR ) " Duelist Alliance " "Alleanza dei Duellanti" SetRotation-MACR-IT-SP-1E.png MACR-IT064  ( SP ) " Set Rotation " "Rotazione del Set" BreakAway-MACR-IT-C-1E.png MACR-IT065  ( C ) " Break Away " "Spezzare Via" ThePhantomKnightsofLostVambrace-MACR-IT-C-1E.png MACR-IT066  ( C ) " The Phantom Knights of Lost Vambrace " "I Cavalieri Fantasma dell'Avanbraccio Perduto" ThePhantomKnightsofWrongMagnetring-MACR-IT-C-1E.png MACR-IT067  ( C ) " The Phantom Knights of Wrong Magnetring " "I Cavalieri Fantasma del Magnetanello Sbagliato" DarkContractwiththeEternalDarkness-MACR-IT-R-1E.png MACR-IT068  ( R ) " Dark Contract with the Eternal Darkness " "Contratto Oscuro con l'Oscurità Eterna" TrueKingsReturn-MACR-IT-UR-1E.png MACR-IT069  ( UR ) " True King's Return " "Ritorno del Vero Re" TrueDracoApocalypse-MACR-IT-C-1E.png MACR-IT070  ( C ) " True Draco Apocalypse " "Apocalisse del Vero Draco" ZoodiacGathering-MACR-IT-C-1E.png MACR-IT071  ( C ) " Zoodiac Gathering " "Raduno Zoodiaco" PhantasmSpiralBattle-MACR-IT-R-1E.png MACR-IT072  ( R ) " Phantasm Spiral Battle " "Battaglia Spirale Fantasmatica" PhantasmSpiralPower-MACR-IT-C-1E.png MACR-IT073  ( C ) " Phantasm Spiral Power " "Potere Spirale Fantasmatica" PhantasmSpiralAssault-MACR-IT-C-1E.png MACR-IT074  ( C ) " Phantasm Spiral Assault " "Assalto Spirale Fantasmatica" PrologueoftheDestructionSwordsman-MACR-IT-C-1E.png MACR-IT075  ( C ) " Prologue of the Destruction Swordsman " "Prologo del Soldato Spada della Distruzione" DinomistsHowling-MACR-IT-C-1E.png MACR-IT076  ( C ) " Dinomists Howling " "Ululato Dinofoschia" ZefraWar-MACR-IT-C-1E.png MACR-IT077  ( C ) " Zefra War " "Guerra Zefra" WaterfallofDragonSouls-MACR-IT-SR-1E.png MACR-IT078  ( SR ) " Waterfall of Dragon Souls " "Cascata delle Anime Drago" UnendingNightmare-MACR-IT-ScR-1E.png MACR-IT079  ( ScR ) " Unending Nightmare " "Incubo Infinito" DiamondDuston-MACR-IT-SP-1E.png MACR-IT080  ( SP ) " Diamond Duston " "Polverello di Diamante" TornadoDragon-MACR-IT-ScR-1E.png MACR-IT081  ( ScR ) " Tornado Dragon " "Drago Tornado" SubterrorFiendess-MACR-IT-SR-1E.png MACR-IT082  ( SR ) " Subterror Fiendess " "Demonessa Subterrore" SubterrorBehemothPhospheroglacier-MACR-IT-C-1E.png MACR-IT083  ( C ) " Subterror Behemoth Phospheroglacier " "Behemoth Subterrore Fosforghiacciaio" SubterrorBehemothSpeleogeist-MACR-IT-C-1E.png MACR-IT084  ( C ) " Subterror Behemoth Speleogeist " "Behemoth Subterrore Speleologo" SubterrorFinalBattle-MACR-IT-R-1E.png MACR-IT085  ( R ) " Subterror Final Battle " "Battaglia Finale Subterrore" SPYRALSleeper-MACR-IT-SR-1E.png MACR-IT086  ( SR ) " SPYRAL Sleeper " "Dormiente SPIARALE" SPYRALGEARLastResort-MACR-IT-R-1E.png MACR-IT087  ( R ) " SPYRAL GEAR - Last Resort " "EQUIPAGGIAMENTO SPIARALE - Ultimo Resort" SPYRALGEARFullyArmed-MACR-IT-UR-1E.png MACR-IT088  ( UR ) " SPYRAL GEAR - Fully Armed " "EQUIPAGGIAMENTO SPIARALE - Completamente Armato" SPYRALMISSIONRescue-MACR-IT-C-1E.png MACR-IT089  ( C ) " SPYRAL MISSION - Rescue " "MISSIONE SPIARALE - Salvataggio" GiftExchange-MACR-IT-C-1E.png MACR-IT090  ( C ) " Gift Exchange " "Scambio di Doni" KaiserSeaSnake-MACR-IT-C-1E.png MACR-IT091  ( C ) " Kaiser Sea Snake " "Kaiser Serpente Marino" BujinHiruko-MACR-IT-R-1E.png MACR-IT092  ( R ) " Bujin Hiruko " "Bujin Hiruko" SylvanPrincessprite-MACR-IT-SR-1E.png MACR-IT093  ( SR ) " Sylvan Princessprite " "Principesspiritella Silvana" ArtifactVajra-MACR-IT-C-1E.png MACR-IT094  ( C ) " Artifact Vajra " "Artefatto Vajra" MildTurkey-MACR-IT-C-1E.png MACR-IT095  ( C ) " Mild Turkey " "Tacchino Mite" GhostBeef-MACR-IT-C-1E.png MACR-IT096  ( C ) " Ghost Beef " "Manzo Fantasma" VennuBrightBirdofDivinity-MACR-IT-C-1E.png MACR-IT097  ( C ) " Vennu, Bright Bird of Divinity " "Vennu, Uccello Brillante della Divinità" PrimalCry-MACR-IT-C-1E.png MACR-IT098  ( C ) " Primal Cry " "Urlo Primordiale" Onikuji-MACR-IT-C-1E.png MACR-IT099  ( C ) " Onikuji " "Onikuji" 
 
 
 
 
Images: ['https://static.wikia.nocookie.net/yugioh/images/8/8c/BESBigCoreMK3-MACR-IT-R-1E.png/revision/latest/scale-to-width-down/118?cb=20170508090332', 'data:image/gif;base64,R0lGODlhAQABAIABAAAAAP///yH5BAEAAAEALAAAAAABAAEAQAICTAEAOw%3D%3D', 'https://static.wikia.nocookie.net/yugioh/images/b/ba/SupremeKingZARC-MACR-IT-ScR-1E.png/revision/latest/scale-to-width-down/119?cb=20170509103119', 'data:image/gif;base64,R0lGODlhAQABAIABAAAAAP///yH5BAEAAAEALAAAAAABAAEAQAICTAEAOw%3D%3D']
Categories: Italian Set Card Galleries, 1st Edition Set Card Galleries