Link: https://yugioh.fandom.com/wiki/Set_Card_Galleries:Maximum_Crisis_(TCG-FR-UE)


 
 TCG Galleries  -  OCG Galleries  -  DDM Galleries  -  Bandai Galleries 
 
 
 
 Boosters  -  Decks  -  Packs  -  Promotions 
 
 
 Maximum Crisis La Crise Maximale French - Unlimited Edition PendulumSwitch-MACR-FR-R-UE.png MACR-FR000  ( R ) " Pendulum Switch " "Remplacement Pendule" PerformapalSkyMagician-MACR-FR-R-UE.png MACR-FR001  ( R ) " Performapal Sky Magician " "Magicien Céleste Potartiste" PerformapalSkyPupil-MACR-FR-R-UE.png MACR-FR002  ( R ) " Performapal Sky Pupil " "Élève Céleste Potartiste" PerformapalRevueDancer-MACR-FR-C-UE.png MACR-FR003  ( C ) " Performapal Revue Dancer " "Danseuse de Revue Potartiste" PerformapalUGoGolem-MACR-FR-R-UE.png MACR-FR004  ( R ) " Performapal U Go Golem " "Golem U Go Potartiste" PerformapalCoinDragon-MACR-FR-R-UE.png MACR-FR005  ( R ) " Performapal Coin Dragon " "Dragon Pièce Potartiste" SpeedroidSkullMarbles-MACR-FR-C-UE.png MACR-FR006  ( C ) " Speedroid Skull Marbles " "Crâne de Marbre Vitesseroid" SpeedroidMaliciousmagnet-MACR-FR-C-UE.png MACR-FR007  ( C ) " Speedroid Maliciousmagnet " "Aimant Malveillant Vitesseroid" SpeedroidRubberbandPlane-MACR-FR-R-UE.png MACR-FR008  ( R ) " Speedroid Rubberband Plane " "Avion Élastique Vitesseroid" PredaplantOphrysScorpio-MACR-FR-R-UE.png MACR-FR009  ( R ) " Predaplant Ophrys Scorpio " "Ophrys Scorpio Prédaplante" PredaplantDarlingtoniaCobra-MACR-FR-C-UE.png MACR-FR010  ( C ) " Predaplant Darlingtonia Cobra " "Darlingtonia Cobra Prédaplante" MACR-FR011  ( C ) " Predaplant Cordyceps " "Cordyceps Prédaplante" LyriluscCobaltSparrow-MACR-FR-C-UE.png MACR-FR012  ( C ) " Lyrilusc - Cobalt Sparrow " "Lyrilusc - Moineau de Cobalt" LyriluscSapphireSwallow-MACR-FR-C-UE.png MACR-FR013  ( C ) " Lyrilusc - Sapphire Swallow " "Lyrilusc - Hirondelle de Saphir" LyriluscTurquoiseWarbler-MACR-FR-C-UE.png MACR-FR014  ( C ) " Lyrilusc - Turquoise Warbler " "Lyrilusc - Fauvette de Turquoise" DDGhost-MACR-FR-C-UE.png MACR-FR015  ( C ) " D/D Ghost " "Fantôme D/D" DoubleResonator-MACR-FR-C-UE.png MACR-FR016  ( C ) " Double Resonator " "Double Diapason" SupremeKingGateZero-MACR-FR-SR-UE.png MACR-FR017  ( SR ) " Supreme King Gate Zero " "Zéro, Roi Suprême du Portail" SupremeKingGateInfinity-MACR-FR-SR-UE.png MACR-FR018  ( SR ) " Supreme King Gate Infinity " "Infinité, Roi Suprême du Portail" SupremeKingDragonDarkwurm-MACR-FR-C-UE.png MACR-FR019  ( C ) " Supreme King Dragon Darkwurm " "Darkwurm, Roi Suprême du Dragon" MajestyMaidentheTrueDracocaster-MACR-FR-UR-UE.png MACR-FR020  ( UR ) " Majesty Maiden, the True Dracocaster " "Mademoiselle Majesté, Véritable Dracogicienne" IgnisHeattheTrueDracowarrior-MACR-FR-UR-UE.png MACR-FR021  ( UR ) " Ignis Heat, the True Dracowarrior " "Enflamment Hautempérature, Véritable Dracoguerrier" DinomightKnighttheTrueDracofighter-MACR-FR-UR-UE.png MACR-FR022  ( UR ) " Dinomight Knight, the True Dracofighter " "Khevalier Dinomight, Véritable Dracombattant" DreiathIIItheTrueDracocavalryGeneral-MACR-FR-UR-UE.png MACR-FR023  ( UR ) " Dreiath III, the True Dracocavalry General " "Dreiath III, Général de la Véritable Dracocavalerie" MasterPeacetheTrueDracoslayingKing-MACR-FR-ScR-UE.png MACR-FR024  ( ScR ) " Master Peace, the True Dracoslaying King " "Master Paix, Roi du Véritable Dracotueur" MetaltronXIItheTrueDracombatant-MACR-FR-SR-UE.png MACR-FR025  ( SR ) " Metaltron XII, the True Dracombatant " "Métaltron XII, Véritable Dracombattant" MariamnetheTrueDracophoenix-MACR-FR-UR-UE.png MACR-FR026  ( UR ) " Mariamne, the True Dracophoenix " "Mariamne, Véritable Dracophénix" ZoodiacKataroost-MACR-FR-C-UE.png MACR-FR027  ( C ) " Zoodiac Kataroost " "Katacoq du Zoodiaque" PhantasmSpiralDragon-MACR-FR-R-UE.png MACR-FR028  ( R ) " Phantasm Spiral Dragon " "Dragon Spirale Spectre" DigitalBugLEDybug-MACR-FR-C-UE.png MACR-FR029  ( C ) " Digital Bug LEDybug " "CocciLED Insecte Numérique" Zefraath-MACR-FR-SR-UE.png MACR-FR030  ( SR ) " Zefraath " "Zefraath" ArielPriestessoftheNekroz-MACR-FR-R-UE.png MACR-FR031  ( R ) " Ariel, Priestess of the Nekroz " "Ariel, Prêtresse des Nékroz" BESBigCoreMK3-MACR-FR-R-UE.png MACR-FR032  ( R ) " B.E.S. Big Core MK-3 " "B.E.S. Grand Vaisseau MK-3" Pendulumucho-MACR-FR-SR-UE.png MACR-FR033  ( SR ) " Pendulumucho " "Pendulemucho" Baobaboon-MACR-FR-C-UE.png MACR-FR034  ( C ) " Baobaboon " "Baobabouin" FireCracker-MACR-FR-SP-UE.png MACR-FR035  ( SP ) " Fire Cracker " "Fou du Feu" AshBlossomJoyousSpring-MACR-FR-ScR-UE.png MACR-FR036  ( ScR ) " Ash Blossom & Joyous Spring " "Floraison de Cendres et Joyeux Printemps" FamiliarPossessedLyna-MACR-FR-SP-UE.png MACR-FR037  ( SP ) " Familiar-Possessed - Lyna " "Lyna - Familier Possédé" FairyTailLuna-MACR-FR-SR-UE.png MACR-FR038  ( SR ) " Fairy Tail - Luna " "Animal Féérique - Luna" SupremeKingZARC-MACR-FR-ScR-UE.png MACR-FR039  ( ScR ) " Supreme King Z-ARC " "Z-ARC, Roi Suprême" PerformapalGatlinghoul-MACR-FR-UR-UE.png MACR-FR040  ( UR ) " Performapal Gatlinghoul " "Gatlingoule Potartiste" LyriluscIndependentNightingale-MACR-FR-SR-UE.png MACR-FR041  ( SR ) " Lyrilusc - Independent Nightingale " "Lyrilusc - Rossignol Indépendant" ThePhantomKnightsofCursedJavelin-MACR-FR-SR-UE.png MACR-FR042  ( SR ) " The Phantom Knights of Cursed Javelin " "Les Chevaliers Fantômes du Javelot Maudit" LyriluscAssembledNightingale-MACR-FR-SR-UE.png MACR-FR043  ( SR ) " Lyrilusc - Assembled Nightingale " "Lyrilusc - Rossignol Assemblé" RaidraptorStrangerFalcon-MACR-FR-R-UE.png MACR-FR044  ( R ) " Raidraptor - Stranger Falcon " "Raidraptor - Faucon Étranger" DDDStoneKingDarius-MACR-FR-R-UE.png MACR-FR045  ( R ) " D/D/D Stone King Darius " "D/D/D Darius, Roi de Pierre" TrueKingofAllCalamities-MACR-FR-SR-UE.png MACR-FR046  ( SR ) " True King of All Calamities " "Roi Véritable de Toutes les Calamités" ZoodiacHammerkong-MACR-FR-C-UE.png MACR-FR047  ( C ) " Zoodiac Hammerkong " "Marteaukong du Zoodiaque" ZoodiacChakanine-MACR-FR-UR-UE.png MACR-FR048  ( UR ) " Zoodiac Chakanine " "Chakanine du Zoodiaque" MagiciansRightHand-MACR-FR-C-UE.png MACR-FR049  ( C ) " Magician's Right Hand " "Main Droite du Magicien" MagiciansLeftHand-MACR-FR-C-UE.png MACR-FR050  ( C ) " Magician's Left Hand " "Main Gauche du Magicien" MagiciansRestage-MACR-FR-R-UE.png MACR-FR051  ( R ) " Magician's Restage " "Nouveau Spectacle du Magicien" UltraPolymerization-MACR-FR-ScR-UE.png MACR-FR052  ( ScR ) " Ultra Polymerization " "Ultra Polymérisation" DragonicDiagram-MACR-FR-ScR-UE.png MACR-FR053  ( ScR ) " Dragonic Diagram " "Diagramme Dragonique" TrueDracoHeritage-MACR-FR-UR-UE.png MACR-FR054  ( UR ) " True Draco Heritage " "Héritage du Véritable Draco" DisciplesoftheTrueDracophoenix-MACR-FR-C-UE.png MACR-FR055  ( C ) " Disciples of the True Dracophoenix " "Disciples du Véritable Dracophénix" PacifisthePhantasmCity-MACR-FR-R-UE.png MACR-FR056  ( R ) " Pacifis, the Phantasm City " "Pacifis, la Cité Spectre" PhantasmSpiralCrash-MACR-FR-C-UE.png MACR-FR057  ( C ) " Phantasm Spiral Crash " "Crash Spirale Spectre" PhantasmSpiralGrip-MACR-FR-C-UE.png MACR-FR058  ( C ) " Phantasm Spiral Grip " "Prise Spirale Spectre" PhantasmSpiralWave-MACR-FR-C-UE.png MACR-FR059  ( C ) " Phantasm Spiral Wave " "Onde Spirale Spectre" BugSignal-MACR-FR-C-UE.png MACR-FR060  ( C ) " Bug Signal " "Signal d'Insecte" ZefraProvidence-MACR-FR-R-UE.png MACR-FR061  ( R ) " Zefra Providence " "Providence de Zefra" BEFZelos-MACR-FR-C-UE.png MACR-FR062  ( C ) " B.E.F. Zelos " "B.E.F. Zelos" DuelistAlliance-MACR-FR-ScR-UE.png MACR-FR063  ( ScR ) " Duelist Alliance " "L'Alliance des Duellistes" SetRotation-MACR-FR-SP-UE.png MACR-FR064  ( SP ) " Set Rotation " "Rotation de Plateau" BreakAway-MACR-FR-C-UE.png MACR-FR065  ( C ) " Break Away " "Détachement" ThePhantomKnightsofLostVambrace-MACR-FR-C-UE.png MACR-FR066  ( C ) " The Phantom Knights of Lost Vambrace " "Les Chevaliers Fantômes du Brassard d'Avant-Bras Perdu" ThePhantomKnightsofWrongMagnetring-MACR-FR-C-UE.png MACR-FR067  ( C ) " The Phantom Knights of Wrong Magnetring " "Les Chevaliers Fantômes du Mauvais Anneau Magnétique" DarkContractwiththeEternalDarkness-MACR-FR-R-UE.png MACR-FR068  ( R ) " Dark Contract with the Eternal Darkness " "Contrat des Ténèbres avec l'Obscurité Éternelle" TrueKingsReturn-MACR-FR-UR-UE.png MACR-FR069  ( UR ) " True King's Return " "Retour du Roi Véritable" TrueDracoApocalypse-MACR-FR-C-UE.png MACR-FR070  ( C ) " True Draco Apocalypse " "Apocalypse du Véritable Draco" ZoodiacGathering-MACR-FR-C-UE.png MACR-FR071  ( C ) " Zoodiac Gathering " "Rassemblement du Zoodiaque" PhantasmSpiralBattle-MACR-FR-R-UE.png MACR-FR072  ( R ) " Phantasm Spiral Battle " "Combat Spirale Spectre" MACR-FR073  ( C ) " Phantasm Spiral Power " "Puissance Spirale Spectre" PhantasmSpiralAssault-MACR-FR-C-UE.png MACR-FR074  ( C ) " Phantasm Spiral Assault " "Attaque Spirale Spectre" PrologueoftheDestructionSwordsman-MACR-FR-C-UE.png MACR-FR075  ( C ) " Prologue of the Destruction Swordsman " "Prologue du Soldat de l'Épée Destructrice" DinomistsHowling-MACR-FR-C-UE.png MACR-FR076  ( C ) " Dinomists Howling " "Hurlement Dinobrume" ZefraWar-MACR-FR-C-UE.png MACR-FR077  ( C ) " Zefra War " "Guerre Zefra" WaterfallofDragonSouls-MACR-FR-SR-UE.png MACR-FR078  ( SR ) " Waterfall of Dragon Souls " "Cascade d'Âmes de Dragon" UnendingNightmare-MACR-FR-ScR-UE.png MACR-FR079  ( ScR ) " Unending Nightmare " "Cauchemar Sans Fin" DiamondDuston-MACR-FR-SP-UE.png MACR-FR080  ( SP ) " Diamond Duston " "Poussièron de Diamant" TornadoDragon-MACR-FR-ScR-UE.png MACR-FR081  ( ScR ) " Tornado Dragon " "Dragon de la Tornade" SubterrorFiendess-MACR-FR-SR-UE.png MACR-FR082  ( SR ) " Subterror Fiendess " "Démone Subterreur" SubterrorBehemothPhospheroglacier-MACR-FR-C-UE.png MACR-FR083  ( C ) " Subterror Behemoth Phospheroglacier " "Phosphéroglacier Subterreur Béhémoth" SubterrorBehemothSpeleogeist-MACR-FR-C-UE.png MACR-FR084  ( C ) " Subterror Behemoth Speleogeist " "Spéléogeist Subterreur Béhémoth" SubterrorFinalBattle-MACR-FR-R-UE.png MACR-FR085  ( R ) " Subterror Final Battle " "Combat Final Subterreur" SPYRALSleeper-MACR-FR-SR-UE.png MACR-FR086  ( SR ) " SPYRAL Sleeper " "Dormeur ESPIRALE" SPYRALGEARLastResort-MACR-FR-R-UE.png MACR-FR087  ( R ) " SPYRAL GEAR - Last Resort " "MATOS ESPIRALE - Dernier Resort" SPYRALGEARFullyArmed-MACR-FR-UR-UE.png MACR-FR088  ( UR ) " SPYRAL GEAR - Fully Armed " "MATOS ESPIRALE - Entièrement Armé" SPYRALMISSIONRescue-MACR-FR-C-UE.png MACR-FR089  ( C ) " SPYRAL MISSION - Rescue " "MISSION ESPIRALE - Secours" GiftExchange-MACR-FR-C-UE.png MACR-FR090  ( C ) " Gift Exchange " "Échange de Cadeaux" KaiserSeaSnake-MACR-FR-C-UE.png MACR-FR091  ( C ) " Kaiser Sea Snake " "Kaiser Serpent des Mers" BujinHiruko-MACR-FR-R-UE.png MACR-FR092  ( R ) " Bujin Hiruko " "Bujin Hiruko" SylvanPrincessprite-MACR-FR-SR-UE.png MACR-FR093  ( SR ) " Sylvan Princessprite " "Esprincesse Sylvan" ArtifactVajra-MACR-FR-C-UE.png MACR-FR094  ( C ) " Artifact Vajra " "Artéfact Vajra" MildTurkey-MACR-FR-C-UE.png MACR-FR095  ( C ) " Mild Turkey " "Dinde Douce" GhostBeef-MACR-FR-C-UE.png MACR-FR096  ( C ) " Ghost Beef " "Bœuf Fantôme" VennuBrightBirdofDivinity-MACR-FR-C-UE.png MACR-FR097  ( C ) " Vennu, Bright Bird of Divinity " "Vennu, Oiseau Lumineux de la Divinité" PrimalCry-MACR-FR-C-UE.png MACR-FR098  ( C ) " Primal Cry " "Cri Primitif" Onikuji-MACR-FR-C-UE.png MACR-FR099  ( C ) " Onikuji " "Onikuji" 
 
 
 
 
Images: ['https://static.wikia.nocookie.net/yugioh/images/5/5b/PredaplantCordyceps-MACR-FR-C-UE.png/revision/latest/scale-to-width-down/120?cb=20200103115233', 'data:image/gif;base64,R0lGODlhAQABAIABAAAAAP///yH5BAEAAAEALAAAAAABAAEAQAICTAEAOw%3D%3D', 'https://static.wikia.nocookie.net/yugioh/images/0/00/PhantasmSpiralPower-MACR-FR-C-UE.png/revision/latest/scale-to-width-down/121?cb=20200103115331', 'data:image/gif;base64,R0lGODlhAQABAIABAAAAAP///yH5BAEAAAEALAAAAAABAAEAQAICTAEAOw%3D%3D']
Categories: French Set Card Galleries, Unlimited Edition Set Card Galleries