Link: https://yugioh.fandom.com/wiki/Set_Card_Galleries:Battle_Pack:_Epic_Dawn_(TCG-DE-UE)


 
 TCG Galleries  -  OCG Galleries  -  DDM Galleries  -  Bandai Galleries 
 
 
 
 Boosters  -  Decks  -  Packs  -  Promotions 
 
 
 Battle Pack: Epic Dawn Battle Pack: Epic Dawn German - Unlimited Edition WitchoftheBlackForest-BP01-DE-R-UE.png BP01-DE001  ( R ) " Witch of the Black Forest " "Hexe vom schwarzen Wald" CyberJar-BP01-DE-R-UE.png BP01-DE002  ( R ) " Cyber Jar " "Cyberdose" Jinzo-BP01-DE-R-UE.png BP01-DE003  ( R ) " Jinzo " "Jinzo" BP01-DE004  ( R ) " Injection Fairy Lily " "Injektionsfee Lily" DarkDustSpirit-BP01-DE-R-UE.png BP01-DE005  ( R ) " Dark Dust Spirit " "Dunkler Staubgeist" SkullArchfiendofLightning-BP01-DE-R-UE.png BP01-DE006  ( R ) " Skull Archfiend of Lightning " "Schädel-Erzunterweltler der Blitze" DarkMagicianofChaos-BP01-DE-R-UE.png BP01-DE007  ( R ) " Dark Magician of Chaos " "Dunkler Magier des Chaos" BlowbackDragon-BP01-DE-R-UE.png BP01-DE008  ( R ) " Blowback Dragon " "Rückstoß-Drache" MobiustheFrostMonarch-BP01-DE-R-UE.png BP01-DE009  ( R ) " Mobius the Frost Monarch " "Möbius der Frostmonarch" FoxFire-BP01-DE-R-UE.png BP01-DE010  ( R ) " Fox Fire " "Fuchsfeuer" AncientGearGolem-BP01-DE-R-UE.png BP01-DE011  ( R ) " Ancient Gear Golem " "Antiker Antriebsgolem" TreebornFrog-BP01-DE-R-UE.png BP01-DE012  ( R ) " Treeborn Frog " "Baumfrosch" BP01-DE013  ( R ) " Super Conductor Tyranno " "Superleiter-Tyranno" GorztheEmissaryofDarkness-BP01-DE-R-UE.png BP01-DE014  ( R ) " Gorz the Emissary of Darkness " "Gorz der Gesandte der Finsternis" RaizatheStormMonarch-BP01-DE-R-UE.png BP01-DE015  ( R ) " Raiza the Storm Monarch " "Raiza der Sturmmonarch" WhiteNightDragon-BP01-DE-R-UE.png BP01-DE016  ( R ) " White Night Dragon " "Weißer Nachtdrache" DeepDiver-BP01-DE-R-UE.png BP01-DE017  ( R ) " Deep Diver " "Tieftaucher" CaiustheShadowMonarch-BP01-DE-R-UE.png BP01-DE018  ( R ) " Caius the Shadow Monarch " "Caius der Schattenmonarch" Krebons-BP01-DE-R-UE.png BP01-DE019  ( R ) " Krebons " "Krebons" Tragoedia-BP01-DE-R-UE.png BP01-DE020  ( R ) " Tragoedia " "Tragödia" ObelisktheTormentor-BP01-DE-R-UE.png BP01-DE021  ( R ) " Obelisk the Tormentor " "Obelisk der Peiniger" BP01-DE022  ( R ) " Machina Fortress " "Maschinenwesen Festung" TourGuideFromtheUnderworld-BP01-DE-R-UE.png BP01-DE023  ( R ) " Tour Guide From the Underworld " "Fremdenführerin aus der Unterwelt" Number39Utopia-BP01-DE-R-UE.png BP01-DE024  ( R ) " Number 39: Utopia " "Nummer 39: Utopia" GachiGachiGantetsu-BP01-DE-R-UE.png BP01-DE025  ( R ) " Gachi Gachi Gantetsu " "Gachi Gachi Gantetsu" Grenosaurus-BP01-DE-R-UE.png BP01-DE026  ( R ) " Grenosaurus " "Grenosaurier" Number17LeviathanDragon-BP01-DE-R-UE.png BP01-DE027  ( R ) " Number 17: Leviathan Dragon " "Nummer 17: Leviathan-Drache" WindUpZenmaister-BP01-DE-R-UE.png BP01-DE028  ( R ) " Wind-Up Zenmaister " "Aufzieh-Zenmeister" TirasKeeperofGenesis-BP01-DE-R-UE.png BP01-DE029  ( R ) " Tiras, Keeper of Genesis " "Tiras, Hüter der Schöpfung" AdreusKeeperofArmageddon-BP01-DE-R-UE.png BP01-DE030  ( R ) " Adreus, Keeper of Armageddon " "Adreus, Hüter der Götterdämmerung" GemKnightPearl-BP01-DE-R-UE.png BP01-DE031  ( R ) " Gem-Knight Pearl " "Edelstein-Ritter Perle" Raigeki-BP01-DE-R-UE.png BP01-DE032  ( R ) " Raigeki " "Raigeki" SwordsofRevealingLight-BP01-DE-R-UE.png BP01-DE033  ( R ) " Swords of Revealing Light " "Verräterische Schwerter" PotofGreed-BP01-DE-R-UE.png BP01-DE034  ( R ) " Pot of Greed " "Topf der Gier" HarpiesFeatherDuster-BP01-DE-R-UE.png BP01-DE035  ( R ) " Harpie's Feather Duster " "Harpyien-Flederwisch" GracefulCharity-BP01-DE-R-UE.png BP01-DE036  ( R ) " Graceful Charity " "Elegante Wohltäterin" ChangeofHeart-BP01-DE-R-UE.png BP01-DE037  ( R ) " Change of Heart " "Überläufer" HeavyStorm-BP01-DE-R-UE.png BP01-DE038  ( R ) " Heavy Storm " "Schwerer Sturm" SnatchSteal-BP01-DE-R-UE.png BP01-DE039  ( R ) " Snatch Steal " "Schnappstahl" PrematureBurial-BP01-DE-R-UE.png BP01-DE040  ( R ) " Premature Burial " "Voreiliges Begräbnis" SoulExchange-BP01-DE-R-UE.png BP01-DE041  ( R ) " Soul Exchange " "Seelentausch" Scapegoat-BP01-DE-R-UE.png BP01-DE042  ( R ) " Scapegoat " "Sündenbock" UnitedWeStand-BP01-DE-R-UE.png BP01-DE043  ( R ) " United We Stand " "Gemeinsam sind wir stark" CreatureSwap-BP01-DE-R-UE.png BP01-DE044  ( R ) " Creature Swap " "Kreaturentausch" BurdenoftheMighty-BP01-DE-R-UE.png BP01-DE045  ( R ) " Burden of the Mighty " "Bürde des Mächtigen" PotofDuality-BP01-DE-R-UE.png BP01-DE046  ( R ) " Pot of Duality " "Topf der Gegensätzlichkeit" SolemnJudgment-BP01-DE-R-UE.png BP01-DE047  ( R ) " Solemn Judgment " "Feierliches Urteil" MirrorForce-BP01-DE-R-UE.png BP01-DE048  ( R ) " Mirror Force " "Spiegelkraft" CalloftheHaunted-BP01-DE-R-UE.png BP01-DE049  ( R ) " Call of the Haunted " "Ruf der Gejagten" RingofDestruction-BP01-DE-R-UE.png BP01-DE050  ( R ) " Ring of Destruction " "Ring der Zerstörung" BP01-DE051  ( R ) " Torrential Tribute " "Reißender Tribut" MetalReflectSlime-BP01-DE-R-UE.png BP01-DE052  ( R ) " Metal Reflect Slime " "Metallisch reflektierender Schleim" SkillDrain-BP01-DE-R-UE.png BP01-DE053  ( R ) " Skill Drain " "Kräfte rauben" DivineWrath-BP01-DE-R-UE.png BP01-DE054  ( R ) " Divine Wrath " "Göttlicher Zorn" DarkBribe-BP01-DE-R-UE.png BP01-DE055  ( R ) " Dark Bribe " "Finstere Bestechung" Greenkappa-BP01-DE-C-UE.png BP01-DE056  ( C ) " Greenkappa " "Greenkappa" PenguinSoldier-BP01-DE-C-UE.png BP01-DE057  ( C ) " Penguin Soldier " "Pinguinsoldat" MysteriousGuard-BP01-DE-C-UE.png BP01-DE058  ( C ) " Mysterious Guard " "Mysteriöse Wache" ExiledForce-BP01-DE-C-UE.png BP01-DE059  ( C ) " Exiled Force " "Truppen im Exil" OldVindictiveMagician-BP01-DE-C-UE.png BP01-DE060  ( C ) " Old Vindictive Magician " "Rachsüchtiger alter Magier" BreakertheMagicalWarrior-BP01-DE-C-UE.png BP01-DE061  ( C ) " Breaker the Magical Warrior " "Brecher, Magischer Krieger" GraveSquirmer-BP01-DE-C-UE.png BP01-DE062  ( C ) " Grave Squirmer " "Grabwinder" RykoLightswornHunter-BP01-DE-C-UE.png BP01-DE063  ( C ) " Ryko, Lightsworn Hunter " "Ryko, Lichtverpflichteter Jäger" SnowmanEater-BP01-DE-C-UE.png BP01-DE064  ( C ) " Snowman Eater " "Schneemannfresser" Fissure-BP01-DE-C-UE.png BP01-DE065  ( C ) " Fissure " "Spalt" TributetoTheDoomed-BP01-DE-C-UE.png BP01-DE066  ( C ) " Tribute to The Doomed " "Ehrung der Verdammten" AxeofDespair-BP01-DE-C-UE.png BP01-DE067  ( C ) " Axe of Despair " "Axt der Verzweiflung" BP01-DE068  ( C ) " Mystical Space Typhoon " "Mystischer Raum-Taifun" HornoftheUnicorn-BP01-DE-C-UE.png BP01-DE069  ( C ) " Horn of the Unicorn " "Horn des Einhorns" OfferingstotheDoomed-BP01-DE-C-UE.png BP01-DE070  ( C ) " Offerings to the Doomed " "Angebote an die Verdammten" BaitDoll-BP01-DE-C-UE.png BP01-DE071  ( C ) " Bait Doll " "Köderpuppe" BookofMoon-BP01-DE-C-UE.png BP01-DE072  ( C ) " Book of Moon " "Buch des Mondes" AutonomousActionUnit-BP01-DE-C-UE.png BP01-DE073  ( C ) " Autonomous Action Unit " "Autonome Eingreiftruppe" Ante-BP01-DE-C-UE.png BP01-DE074  ( C ) " Ante " "Einsatz" BigBangShot-BP01-DE-C-UE.png BP01-DE075  ( C ) " Big Bang Shot " "Urknallkanone" FiendsSanctuary-BP01-DE-C-UE.png BP01-DE076  ( C ) " Fiend's Sanctuary " "Zuflucht der Unterweltler" DifferentDimensionGate-BP01-DE-C-UE.png BP01-DE077  ( C ) " Different Dimension Gate " "Tor zu einer anderen Dimension" EnemyController-BP01-DE-C-UE.png BP01-DE078  ( C ) " Enemy Controller " "Feindkontrolle" MonsterGate-BP01-DE-C-UE.png BP01-DE079  ( C ) " Monster Gate " "Monstertor" ShieldCrush-BP01-DE-C-UE.png BP01-DE080  ( C ) " Shield Crush " "Schildstoß" FightingSpirit-BP01-DE-C-UE.png BP01-DE081  ( C ) " Fighting Spirit " "Kampfgeist" ForbiddenChalice-BP01-DE-C-UE.png BP01-DE082  ( C ) " Forbidden Chalice " "Verbotener Kelch" DarkworldShackles-BP01-DE-C-UE.png BP01-DE083  ( C ) " Darkworld Shackles " "Finsterfesseln" BP01-DE084  ( C ) " Forbidden Lance " "Verbotene Lanze" InfectedMail-BP01-DE-C-UE.png BP01-DE085  ( C ) " Infected Mail " "Infizierte Post" BP01-DE086  ( C ) " Ego Boost " "Egoschub" KunaiwithChain-BP01-DE-C-UE.png BP01-DE087  ( C ) " Kunai with Chain " "Kunai mit Kette" DustTornado-BP01-DE-C-UE.png BP01-DE088  ( C ) " Dust Tornado " "Staubtornado" WindstormofEtaqua-BP01-DE-C-UE.png BP01-DE089  ( C ) " Windstorm of Etaqua " "Windsturm von Etaqua" MagicDrain-BP01-DE-C-UE.png BP01-DE090  ( C ) " Magic Drain " "Magischer Abfluss" MagicCylinder-BP01-DE-C-UE.png BP01-DE091  ( C ) " Magic Cylinder " "Magischer Zylinder" ShadowSpell-BP01-DE-C-UE.png BP01-DE092  ( C ) " Shadow Spell " "Schattenzauber" BlastwithChain-BP01-DE-C-UE.png BP01-DE093  ( C ) " Blast with Chain " "Kettenexplosion" NeedleCeiling-BP01-DE-C-UE.png BP01-DE094  ( C ) " Needle Ceiling " "Nageldecke" RecklessGreed-BP01-DE-C-UE.png BP01-DE095  ( C ) " Reckless Greed " "Tollkühne Gier" NightmareWheel-BP01-DE-C-UE.png BP01-DE096  ( C ) " Nightmare Wheel " "Alptraum-Rad" SpellShieldType8-BP01-DE-C-UE.png BP01-DE097  ( C ) " Spell Shield Type-8 " "Zauberschild Typ 8" InterdimensionalMatterTransporter-BP01-DE-C-UE.png BP01-DE098  ( C ) " Interdimensional Matter Transporter " "Interdimensionaler Materietransporter" CompulsoryEvacuationDevice-BP01-DE-C-UE.png BP01-DE099  ( C ) " Compulsory Evacuation Device " "Zwangsevakuierungsgerät" PridefulRoar-BP01-DE-C-UE.png BP01-DE100  ( C ) " Prideful Roar " "Stolzes Gebrüll" HalforNothing-BP01-DE-C-UE.png BP01-DE101  ( C ) " Half or Nothing " "Halb oder gar nicht" SkillSuccessor-BP01-DE-C-UE.png BP01-DE102  ( C ) " Skill Successor " "Fähigkeitserbe" PixieRing-BP01-DE-C-UE.png BP01-DE103  ( C ) " Pixie Ring " "Pixie-Ring" ChangingDestiny-BP01-DE-C-UE.png BP01-DE104  ( C ) " Changing Destiny " "Das Schicksal verändern" FiendishChain-BP01-DE-C-UE.png BP01-DE105  ( C ) " Fiendish Chain " "Teuflische Kette" InverseUniverse-BP01-DE-C-UE.png BP01-DE106  ( C ) " Inverse Universe " "Verdrehtes Universum" MiraclesWake-BP01-DE-C-UE.png BP01-DE107  ( C ) " Miracle's Wake " "Wundersames Erwachen" PowerFrame-BP01-DE-C-UE.png BP01-DE108  ( C ) " Power Frame " "Kraftrahmen" DamageGate-BP01-DE-C-UE.png BP01-DE109  ( C ) " Damage Gate " "Schadenstor" BP01-DE110  ( C ) " Liberty at Last! " "Endlich Frei!" LusterDragon-BP01-DE-C-UE.png BP01-DE111  ( C ) " Luster Dragon " "Schimmerdrache" ArchfiendSoldier-BP01-DE-C-UE.png BP01-DE112  ( C ) " Archfiend Soldier " "Soldat der Erzunterweltler" MadDogofDarkness-BP01-DE-C-UE.png BP01-DE113  ( C ) " Mad Dog of Darkness " "Verrückter Hund der Finsternis" CharcoalInpachi-BP01-DE-C-UE.png BP01-DE114  ( C ) " Charcoal Inpachi " "Holzkohle-Inpachi" InsectKnight-BP01-DE-C-UE.png BP01-DE115  ( C ) " Insect Knight " "Insektenritter" GeneWarpedWarwolf-BP01-DE-C-UE.png BP01-DE116  ( C ) " Gene-Warped Warwolf " "Genverzerrter Kriegswolf" BusterBlader-BP01-DE-C-UE.png BP01-DE117  ( C ) " Buster Blader " "Buster-Klingenkämpfer" GoblinAttackForce-BP01-DE-C-UE.png BP01-DE118  ( C ) " Goblin Attack Force " "Goblin Angriffstrupp" BP01-DE119  ( C ) " Bazoo the Soul-Eater " "Basu, der Seelenfresser" ZombyratheDark-BP01-DE-C-UE.png BP01-DE120  ( C ) " Zombyra the Dark " "Zombyra, der Dunkle" SlateWarrior-BP01-DE-C-UE.png BP01-DE121  ( C ) " Slate Warrior " "Schieferkrieger" DarkRulerHaDes-BP01-DE-C-UE.png BP01-DE122  ( C ) " Dark Ruler Ha Des " "Dunkler Herrscher Ha Des" FreedtheMatchlessGeneral-BP01-DE-C-UE.png BP01-DE123  ( C ) " Freed the Matchless General " "Freed, der unvergleichliche General" AirknightParshath-BP01-DE-C-UE.png BP01-DE124  ( C ) " Airknight Parshath " "Parshath, der Luftritter" AsuraPriest-BP01-DE-C-UE.png BP01-DE125  ( C ) " Asura Priest " "Asura-Priester" ExarionUniverse-BP01-DE-C-UE.png BP01-DE126  ( C ) " Exarion Universe " "Exarion Universum" VampireLord-BP01-DE-C-UE.png BP01-DE127  ( C ) " Vampire Lord " "Vampirlord" ToonGeminiElf-BP01-DE-C-UE.png BP01-DE128  ( C ) " Toon Gemini Elf " "Toon-Elfenzwillinge" KingTigerWanghu-BP01-DE-C-UE.png BP01-DE129  ( C ) " King Tiger Wanghu " "Königstiger Wanghu" GuardianSphinx-BP01-DE-C-UE.png BP01-DE130  ( C ) " Guardian Sphinx " "Wächter-Sphinx" SkilledWhiteMagician-BP01-DE-C-UE.png BP01-DE131  ( C ) " Skilled White Magician " "Erfahrener Weißer Magier" ZaborgtheThunderMonarch-BP01-DE-C-UE.png BP01-DE132  ( C ) " Zaborg the Thunder Monarch " "Zaborg, Monarch des Donners" DDAssailant-BP01-DE-C-UE.png BP01-DE133  ( C ) " D.D. Assailant " "D.D. Angreifer" ThebanNightmare-BP01-DE-C-UE.png BP01-DE134  ( C ) " Theban Nightmare " "Alptraum aus Theben" TheTricky-BP01-DE-C-UE.png BP01-DE135  ( C ) " The Tricky " "Der Trickreiche" RagingFlameSprite-BP01-DE-C-UE.png BP01-DE136  ( C ) " Raging Flame Sprite " "Kobold der tobenden Flammen" ChirontheMage-BP01-DE-C-UE.png BP01-DE137  ( C ) " Chiron the Mage " "Chiron der Magier" CyberDragon-BP01-DE-C-UE.png BP01-DE138  ( C ) " Cyber Dragon " "Cyber Drache" CyberneticMagician-BP01-DE-C-UE.png BP01-DE139  ( C ) " Cybernetic Magician " "Kybernetischer Magier" GoblinEliteAttackForce-BP01-DE-C-UE.png BP01-DE140  ( C ) " Goblin Elite Attack Force " "Goblin Elite Angriffstruppe" DoomcaliberKnight-BP01-DE-C-UE.png BP01-DE141  ( C ) " Doomcaliber Knight " "Schädelsuchender Ritter" ChainsawInsect-BP01-DE-C-UE.png BP01-DE142  ( C ) " Chainsaw Insect " "Kettensägeninsekt" CardTrooper-BP01-DE-C-UE.png BP01-DE143  ( C ) " Card Trooper " "Kartenkavallerist" VolticKong-BP01-DE-C-UE.png BP01-DE144  ( C ) " Voltic Kong " "Geladener Kong" BotanicalLion-BP01-DE-C-UE.png BP01-DE145  ( C ) " Botanical Lion " "Botanischer Löwe" AncientGearKnight-BP01-DE-C-UE.png BP01-DE146  ( C ) " Ancient Gear Knight " "Antiker Antriebsritter" BlizzardDragon-BP01-DE-C-UE.png BP01-DE147  ( C ) " Blizzard Dragon " "Blizzarddrache" BeastKingBarbaros-BP01-DE-C-UE.png BP01-DE148  ( C ) " Beast King Barbaros " "Ungeheuerkönig Barbaros" TheCalculator-BP01-DE-C-UE.png BP01-DE149  ( C ) " The Calculator " "Der Rechner" GaaptheDivineSoldier-BP01-DE-C-UE.png BP01-DE150  ( C ) " Gaap the Divine Soldier " "Gaap der göttliche Soldat" ArcanaForceXIVTemperance-BP01-DE-C-UE.png BP01-DE151  ( C ) " Arcana Force XIV - Temperance " "Arkane Macht XIV - Mäßigung" DarkValkyria-BP01-DE-C-UE.png BP01-DE152  ( C ) " Dark Valkyria " "Finstere Valkyre" AlectorSovereignofBirds-BP01-DE-C-UE.png BP01-DE153  ( C ) " Alector, Sovereign of Birds " "Alector, Herrscher der Vögel" TwinBarrelDragon-BP01-DE-C-UE.png BP01-DE154  ( C ) " Twin-Barrel Dragon " "Zwillingslaufdrache" AbyssalKingshark-BP01-DE-C-UE.png BP01-DE155  ( C ) " Abyssal Kingshark " "Königshai der Unterwelt" JurracProtops-BP01-DE-C-UE.png BP01-DE156  ( C ) " Jurrac Protops " "Jurassier-Protops" HedgeGuard-BP01-DE-C-UE.png BP01-DE157  ( C ) " Hedge Guard " "Heckenschutz" FabledAshenveil-BP01-DE-C-UE.png BP01-DE158  ( C ) " Fabled Ashenveil " "Sagenhafter Ashenveil" BackupWarrior-BP01-DE-C-UE.png BP01-DE159  ( C ) " Backup Warrior " "Ersatzkrieger" AmbitiousGofer-BP01-DE-C-UE.png BP01-DE160  ( C ) " Ambitious Gofer " "Ehrgeiziger Handlanger" PowerGiant-BP01-DE-C-UE.png BP01-DE161  ( C ) " Power Giant " "Energieriese" CardGuard-BP01-DE-C-UE.png BP01-DE162  ( C ) " Card Guard " "Kartenwache" Yaksha-BP01-DE-C-UE.png BP01-DE163  ( C ) " Yaksha " "Yaksha" GogogoGolem-BP01-DE-C-UE.png BP01-DE164  ( C ) " Gogogo Golem " "Gogogo-Golem" BigJaws-BP01-DE-C-UE.png BP01-DE165  ( C ) " Big Jaws " "Riesenmaul" WindUpSoldier-BP01-DE-C-UE.png BP01-DE166  ( C ) " Wind-Up Soldier " "Aufzieh-Soldat" WindUpDog-BP01-DE-C-UE.png BP01-DE167  ( C ) " Wind-Up Dog " "Aufzieh-Hund" MillatheTemporalMagician-BP01-DE-C-UE.png BP01-DE168  ( C ) " Milla the Temporal Magician " "Milla, die Zeitzauberin" ApeFighter-BP01-DE-C-UE.png BP01-DE169  ( C ) " Ape Fighter " "Affenkämpfer" WindUpWarrior-BP01-DE-C-UE.png BP01-DE170  ( C ) " Wind-Up Warrior " "Aufzieh-Krieger" GiantSoldierofStone-BP01-DE-C-UE.png BP01-DE171  ( C ) " Giant Soldier of Stone " "Riesen-Steinsoldat" MaskofDarkness-BP01-DE-C-UE.png BP01-DE172  ( C ) " Mask of Darkness " "Maske der Finsternis" MorphingJar-BP01-DE-C-UE.png BP01-DE173  ( C ) " Morphing Jar " "Verwandlungskrug" MukaMuka-BP01-DE-C-UE.png BP01-DE174  ( C ) " Muka Muka " "Muka Muka" BlastSphere-BP01-DE-C-UE.png BP01-DE175  ( C ) " Blast Sphere " "Sprengkugel" BigShieldGardna-BP01-DE-C-UE.png BP01-DE176  ( C ) " Big Shield Gardna " "Großschild-Wache" Gilasaurus-BP01-DE-C-UE.png BP01-DE177  ( C ) " Gilasaurus " "Gilasaurus" PossessedDarkSoul-BP01-DE-C-UE.png BP01-DE178  ( C ) " Possessed Dark Soul " "Besessene Dunkle Seele" TwinHeadedBehemoth-BP01-DE-C-UE.png BP01-DE179  ( C ) " Twin-Headed Behemoth " "Zweiköpfiger Behemoth" MakyuratheDestructor-BP01-DE-C-UE.png BP01-DE180  ( C ) " Makyura the Destructor " "Makyura der Zerstörer" HelpingRoboforCombat-BP01-DE-C-UE.png BP01-DE181  ( C ) " Helping Robo for Combat " "Kämpfender Hilfsroboter" BP01-DE182  ( C ) " Zolga " "Zolga" ChaosNecromancer-BP01-DE-C-UE.png BP01-DE183  ( C ) " Chaos Necromancer " "Chaos Totenbeschwörer" StealthBird-BP01-DE-C-UE.png BP01-DE184  ( C ) " Stealth Bird " "Heimlicher Vogel" HyperHammerhead-BP01-DE-C-UE.png BP01-DE185  ( C ) " Hyper Hammerhead " "Hyper Hammerkopf" GraveProtector-BP01-DE-C-UE.png BP01-DE186  ( C ) " Grave Protector " "Grabhüter" NightAssailant-BP01-DE-C-UE.png BP01-DE187  ( C ) " Night Assailant " "Nächtlicher Angreifer" PitchBlackWarwolf-BP01-DE-C-UE.png BP01-DE188  ( C ) " Pitch-Black Warwolf " "Pechschwarzer Wolfskrieger" DekoichitheBattlechantedLocomotive-BP01-DE-C-UE.png BP01-DE189  ( C ) " Dekoichi the Battlechanted Locomotive " "Dekoichi, die Kampfdampflok" Gyroid-BP01-DE-C-UE.png BP01-DE190  ( C ) " Gyroid " "Gyroid" Drillroid-BP01-DE-C-UE.png BP01-DE191  ( C ) " Drillroid " "Drillroid" GraviticOrb-BP01-DE-C-UE.png BP01-DE192  ( C ) " Gravitic Orb " "Gravitationskugel" CloudianPoisonCloud-BP01-DE-C-UE.png BP01-DE193  ( C ) " Cloudian - Poison Cloud " "Wolkian - Toxische Wolke" DesMosquito-BP01-DE-C-UE.png BP01-DE194  ( C ) " Des Mosquito " "Des Moskito" MadReloader-BP01-DE-C-UE.png BP01-DE195  ( C ) " Mad Reloader " "Verrückter Nachlader" PhantomofChaos-BP01-DE-C-UE.png BP01-DE196  ( C ) " Phantom of Chaos " "Phantom des Chaos" CyberValley-BP01-DE-C-UE.png BP01-DE197  ( C ) " Cyber Valley " "Cybertal" BlueThunderT45-BP01-DE-C-UE.png BP01-DE198  ( C ) " Blue Thunder T-45 " "Blauer Donner T-45" VortexTrooper-BP01-DE-C-UE.png BP01-DE199  ( C ) " Vortex Trooper " "Wirbelkavallerist" DUCKERMobileCannon-BP01-DE-C-UE.png BP01-DE200  ( C ) " DUCKER Mobile Cannon " "DUCKER Mobile Kanone" WormBarses-BP01-DE-C-UE.png BP01-DE201  ( C ) " Worm Barses " "Wurm Barses" ShieldWarrior-BP01-DE-C-UE.png BP01-DE202  ( C ) " Shield Warrior " "Schildkrieger" DarkResonator-BP01-DE-C-UE.png BP01-DE203  ( C ) " Dark Resonator " "Finsterer Resonator" NoisyGnat-BP01-DE-C-UE.png BP01-DE204  ( C ) " Noisy Gnat " "Lauter Moskito" FabledRaven-BP01-DE-C-UE.png BP01-DE205  ( C ) " Fabled Raven " "Sagenhafter Rabe" FortressWarrior-BP01-DE-C-UE.png BP01-DE206  ( C ) " Fortress Warrior " "Festungskrieger" TwinSwordMarauder-BP01-DE-C-UE.png BP01-DE207  ( C ) " Twin-Sword Marauder " "Zwillingsschwert-Plünderer" LevelWarrior-BP01-DE-C-UE.png BP01-DE208  ( C ) " Level Warrior " "Stufenkrieger" LevelEater-BP01-DE-C-UE.png BP01-DE209  ( C ) " Level Eater " "Stufenfresser" NaturiaStrawberry-BP01-DE-C-UE.png BP01-DE210  ( C ) " Naturia Strawberry " "Naturia-Erdbeere" BattleFader-BP01-DE-C-UE.png BP01-DE211  ( C ) " Battle Fader " "Kampfausblender" AmazonessSage-BP01-DE-C-UE.png BP01-DE212  ( C ) " Amazoness Sage " "Amazonische Weise" AmazonessTrainee-BP01-DE-C-UE.png BP01-DE213  ( C ) " Amazoness Trainee " "Amazonischer Lehrling" HardenedArmedDragon-BP01-DE-C-UE.png BP01-DE214  ( C ) " Hardened Armed Dragon " "Hartgesottener bewaffneter Drache" BlackwingZephyrostheElite-BP01-DE-C-UE.png BP01-DE215  ( C ) " Blackwing - Zephyros the Elite " "Schwarzflügel - Zephyros die Elite" TanngrisniroftheNordicBeasts-BP01-DE-C-UE.png BP01-DE216  ( C ) " Tanngrisnir of the Nordic Beasts " "Nordisches Ungeheuer Tanngrisnir" ShineKnight-BP01-DE-C-UE.png BP01-DE217  ( C ) " Shine Knight " "Glänzender Ritter" GagagaMagician-BP01-DE-C-UE.png BP01-DE218  ( C ) " Gagaga Magician " "Gagaga-Magier" Goblindbergh-BP01-DE-C-UE.png BP01-DE219  ( C ) " Goblindbergh " "Goblindbergh" PsiBlocker-BP01-DE-C-UE.png BP01-DE220  ( C ) " Psi-Blocker " "Psi-Blocker" 
 Starfoil Rares 
 WitchoftheBlackForest-BP01-DE-SFR-UE.png BP01-DE001  ( SFR ) " Witch of the Black Forest " "Hexe vom schwarzen Wald" CyberJar-BP01-DE-SFR-UE.png BP01-DE002  ( SFR ) " Cyber Jar " "Cyberdose" Jinzo-BP01-DE-SFR-UE.png BP01-DE003  ( SFR ) " Jinzo " "Jinzo" BP01-DE004  ( SFR ) " Injection Fairy Lily " "Injektionsfee Lily" DarkDustSpirit-BP01-DE-SFR-UE.png BP01-DE005  ( SFR ) " Dark Dust Spirit " "Dunkler Staubgeist" BP01-DE006  ( SFR ) " Skull Archfiend of Lightning " "Schädel-Erzunterweltler der Blitze" DarkMagicianofChaos-BP01-DE-SFR-UE.png BP01-DE007  ( SFR ) " Dark Magician of Chaos " "Dunkler Magier des Chaos" BlowbackDragon-BP01-DE-SFR-UE.png BP01-DE008  ( SFR ) " Blowback Dragon " "Rückstoß-Drache" MobiustheFrostMonarch-BP01-DE-SFR-UE.png BP01-DE009  ( SFR ) " Mobius the Frost Monarch " "Möbius der Frostmonarch" FoxFire-BP01-DE-SFR-UE.png BP01-DE010  ( SFR ) " Fox Fire " "Fuchsfeuer" AncientGearGolem-BP01-DE-SFR-UE.png BP01-DE011  ( SFR ) " Ancient Gear Golem " "Antiker Antriebsgolem" TreebornFrog-BP01-DE-SFR-UE.png BP01-DE012  ( SFR ) " Treeborn Frog " "Baumfrosch" BP01-DE013  ( SFR ) " Super Conductor Tyranno " "Superleiter-Tyranno" GorztheEmissaryofDarkness-BP01-DE-SFR-UE.png BP01-DE014  ( SFR ) " Gorz the Emissary of Darkness " "Gorz der Gesandte der Finsternis" RaizatheStormMonarch-BP01-DE-SFR-UE.png BP01-DE015  ( SFR ) " Raiza the Storm Monarch " "Raiza der Sturmmonarch" WhiteNightDragon-BP01-DE-SFR-UE.png BP01-DE016  ( SFR ) " White Night Dragon " "Weißer Nachtdrache" DeepDiver-BP01-DE-SFR-UE.png BP01-DE017  ( SFR ) " Deep Diver " "Tieftaucher" CaiustheShadowMonarch-BP01-DE-SFR-UE.png BP01-DE018  ( SFR ) " Caius the Shadow Monarch " "Caius der Schattenmonarch" Krebons-BP01-DE-SFR-UE.png BP01-DE019  ( SFR ) " Krebons " "Krebons" Tragoedia-BP01-DE-SFR-UE.png BP01-DE020  ( SFR ) " Tragoedia " "Tragödia" ObelisktheTormentor-BP01-DE-SFR-UE.png BP01-DE021  ( SFR ) " Obelisk the Tormentor " "Obelisk der Peiniger" MachinaFortress-BP01-DE-SFR-UE.png BP01-DE022  ( SFR ) " Machina Fortress " "Maschinenwesen Festung" TourGuideFromtheUnderworld-BP01-DE-SFR-UE.png BP01-DE023  ( SFR ) " Tour Guide From the Underworld " "Fremdenführerin aus der Unterwelt" Number39Utopia-BP01-DE-SFR-UE.png BP01-DE024  ( SFR ) " Number 39: Utopia " "Nummer 39: Utopia" GachiGachiGantetsu-BP01-DE-SFR-UE.png BP01-DE025  ( SFR ) " Gachi Gachi Gantetsu " "Gachi Gachi Gantetsu" Grenosaurus-BP01-DE-SFR-UE.png BP01-DE026  ( SFR ) " Grenosaurus " "Grenosaurier" Number17LeviathanDragon-BP01-DE-SFR-UE.png BP01-DE027  ( SFR ) " Number 17: Leviathan Dragon " "Nummer 17: Leviathan-Drache" WindUpZenmaister-BP01-DE-SFR-UE.png BP01-DE028  ( SFR ) " Wind-Up Zenmaister " "Aufzieh-Zenmeister" TirasKeeperofGenesis-BP01-DE-SFR-UE.png BP01-DE029  ( SFR ) " Tiras, Keeper of Genesis " "Tiras, Hüter der Schöpfung" AdreusKeeperofArmageddon-BP01-DE-SFR-UE.png BP01-DE030  ( SFR ) " Adreus, Keeper of Armageddon " "Adreus, Hüter der Götterdämmerung" GemKnightPearl-BP01-DE-SFR-UE.png BP01-DE031  ( SFR ) " Gem-Knight Pearl " "Edelstein-Ritter Perle" Raigeki-BP01-DE-SFR-UE.png BP01-DE032  ( SFR ) " Raigeki " "Raigeki" SwordsofRevealingLight-BP01-DE-SFR-UE.png BP01-DE033  ( SFR ) " Swords of Revealing Light " "Verräterische Schwerter" PotofGreed-BP01-DE-SFR-UE.png BP01-DE034  ( SFR ) " Pot of Greed " "Topf der Gier" HarpiesFeatherDuster-BP01-DE-SFR-UE.png BP01-DE035  ( SFR ) " Harpie's Feather Duster " "Harpyien-Flederwisch" GracefulCharity-BP01-DE-SFR-UE.png BP01-DE036  ( SFR ) " Graceful Charity " "Elegante Wohltäterin" ChangeofHeart-BP01-DE-SFR-UE.png BP01-DE037  ( SFR ) " Change of Heart " "Überläufer" HeavyStorm-BP01-DE-SFR-UE.png BP01-DE038  ( SFR ) " Heavy Storm " "Schwerer Sturm" SnatchSteal-BP01-DE-SFR-UE.png BP01-DE039  ( SFR ) " Snatch Steal " "Schnappstahl" PrematureBurial-BP01-DE-SFR-UE.png BP01-DE040  ( SFR ) " Premature Burial " "Voreiliges Begräbnis" SoulExchange-BP01-DE-SFR-UE.png BP01-DE041  ( SFR ) " Soul Exchange " "Seelentausch" Scapegoat-BP01-DE-SFR-UE.png BP01-DE042  ( SFR ) " Scapegoat " "Sündenbock" UnitedWeStand-BP01-DE-SFR-UE.png BP01-DE043  ( SFR ) " United We Stand " "Gemeinsam sind wir stark" CreatureSwap-BP01-DE-SFR-UE.png BP01-DE044  ( SFR ) " Creature Swap " "Kreaturentausch" BurdenoftheMighty-BP01-DE-SFR-UE.png BP01-DE045  ( SFR ) " Burden of the Mighty " "Bürde des Mächtigen" PotofDuality-BP01-DE-SFR-UE.png BP01-DE046  ( SFR ) " Pot of Duality " "Topf der Gegensätzlichkeit" SolemnJudgment-BP01-DE-SFR-UE.png BP01-DE047  ( SFR ) " Solemn Judgment " "Feierliches Urteil" MirrorForce-BP01-DE-SFR-UE.png BP01-DE048  ( SFR ) " Mirror Force " "Spiegelkraft" CalloftheHaunted-BP01-DE-SFR-UE.png BP01-DE049  ( SFR ) " Call of the Haunted " "Ruf der Gejagten" RingofDestruction-BP01-DE-SFR-UE.png BP01-DE050  ( SFR ) " Ring of Destruction " "Ring der Zerstörung" TorrentialTribute-BP01-DE-SFR-UE.png BP01-DE051  ( SFR ) " Torrential Tribute " "Reißender Tribut" MetalReflectSlime-BP01-DE-SFR-UE.png BP01-DE052  ( SFR ) " Metal Reflect Slime " "Metallisch reflektierender Schleim" SkillDrain-BP01-DE-SFR-UE.png BP01-DE053  ( SFR ) " Skill Drain " "Kräfte rauben" DivineWrath-BP01-DE-SFR-UE.png BP01-DE054  ( SFR ) " Divine Wrath " "Göttlicher Zorn" DarkBribe-BP01-DE-SFR-UE.png BP01-DE055  ( SFR ) " Dark Bribe " "Finstere Bestechung" Greenkappa-BP01-DE-SFR-UE.png BP01-DE056  ( SFR ) " Greenkappa " "Greenkappa" PenguinSoldier-BP01-DE-SFR-UE.png BP01-DE057  ( SFR ) " Penguin Soldier " "Pinguinsoldat" MysteriousGuard-BP01-DE-SFR-UE.png BP01-DE058  ( SFR ) " Mysterious Guard " "Mysteriöse Wache" ExiledForce-BP01-DE-SFR-UE.png BP01-DE059  ( SFR ) " Exiled Force " "Truppen im Exil" OldVindictiveMagician-BP01-DE-SFR-UE.png BP01-DE060  ( SFR ) " Old Vindictive Magician " "Rachsüchtiger alter Magier" BreakertheMagicalWarrior-BP01-DE-SFR-UE.png BP01-DE061  ( SFR ) " Breaker the Magical Warrior " "Brecher, Magischer Krieger" GraveSquirmer-BP01-DE-SFR-UE.png BP01-DE062  ( SFR ) " Grave Squirmer " "Grabwinder" RykoLightswornHunter-BP01-DE-SFR-UE.png BP01-DE063  ( SFR ) " Ryko, Lightsworn Hunter " "Ryko, Lichtverpflichteter Jäger" SnowmanEater-BP01-DE-SFR-UE.png BP01-DE064  ( SFR ) " Snowman Eater " "Schneemannfresser" Fissure-BP01-DE-SFR-UE.png BP01-DE065  ( SFR ) " Fissure " "Spalt" TributetoTheDoomed-BP01-DE-SFR-UE.png BP01-DE066  ( SFR ) " Tribute to The Doomed " "Ehrung der Verdammten" AxeofDespair-BP01-DE-SFR-UE.png BP01-DE067  ( SFR ) " Axe of Despair " "Axt der Verzweiflung" BP01-DE068  ( SFR ) " Mystical Space Typhoon " "Mystischer Raum-Taifun" HornoftheUnicorn-BP01-DE-SFR-UE.png BP01-DE069  ( SFR ) " Horn of the Unicorn " "Horn des Einhorns" OfferingstotheDoomed-BP01-DE-SFR-UE.png BP01-DE070  ( SFR ) " Offerings to the Doomed " "Angebote an die Verdammten" BaitDoll-BP01-DE-SFR-UE.png BP01-DE071  ( SFR ) " Bait Doll " "Köderpuppe" BookofMoon-BP01-DE-SFR-UE.png BP01-DE072  ( SFR ) " Book of Moon " "Buch des Mondes" AutonomousActionUnit-BP01-DE-SFR-UE.png BP01-DE073  ( SFR ) " Autonomous Action Unit " "Autonome Eingreiftruppe" Ante-BP01-DE-SFR-UE.png BP01-DE074  ( SFR ) " Ante " "Einsatz" BigBangShot-BP01-DE-SFR-UE.png BP01-DE075  ( SFR ) " Big Bang Shot " "Urknallkanone" FiendsSanctuary-BP01-DE-SFR-UE.png BP01-DE076  ( SFR ) " Fiend's Sanctuary " "Zuflucht der Unterweltler" DifferentDimensionGate-BP01-DE-SFR-UE.png BP01-DE077  ( SFR ) " Different Dimension Gate " "Tor zu einer anderen Dimension" EnemyController-BP01-DE-SFR-UE.png BP01-DE078  ( SFR ) " Enemy Controller " "Feindkontrolle" MonsterGate-BP01-DE-SFR-UE.png BP01-DE079  ( SFR ) " Monster Gate " "Monstertor" ShieldCrush-BP01-DE-SFR-UE.png BP01-DE080  ( SFR ) " Shield Crush " "Schildstoß" FightingSpirit-BP01-DE-SFR-UE.png BP01-DE081  ( SFR ) " Fighting Spirit " "Kampfgeist" ForbiddenChalice-BP01-DE-SFR-UE.png BP01-DE082  ( SFR ) " Forbidden Chalice " "Verbotener Kelch" DarkworldShackles-BP01-DE-SFR-UE.png BP01-DE083  ( SFR ) " Darkworld Shackles " "Finsterfesseln" ForbiddenLance-BP01-DE-SFR-UE.png BP01-DE084  ( SFR ) " Forbidden Lance " "Verbotene Lanze" InfectedMail-BP01-DE-SFR-UE.png BP01-DE085  ( SFR ) " Infected Mail " "Infizierte Post" BP01-DE086  ( SFR ) " Ego Boost " "Egoschub" KunaiwithChain-BP01-DE-SFR-UE.png BP01-DE087  ( SFR ) " Kunai with Chain " "Kunai mit Kette" BP01-DE088  ( SFR ) " Dust Tornado " "Staubtornado" WindstormofEtaqua-BP01-DE-SFR-UE.png BP01-DE089  ( SFR ) " Windstorm of Etaqua " "Windsturm von Etaqua" MagicDrain-BP01-DE-SFR-UE.png BP01-DE090  ( SFR ) " Magic Drain " "Magischer Abfluss" MagicCylinder-BP01-DE-SFR-UE.png BP01-DE091  ( SFR ) " Magic Cylinder " "Magischer Zylinder" ShadowSpell-BP01-DE-SFR-UE.png BP01-DE092  ( SFR ) " Shadow Spell " "Schattenzauber" BlastwithChain-BP01-DE-SFR-UE.png BP01-DE093  ( SFR ) " Blast with Chain " "Kettenexplosion" NeedleCeiling-BP01-DE-SFR-UE.png BP01-DE094  ( SFR ) " Needle Ceiling " "Nageldecke" RecklessGreed-BP01-DE-SFR-UE.png BP01-DE095  ( SFR ) " Reckless Greed " "Tollkühne Gier" NightmareWheel-BP01-DE-SFR-UE.png BP01-DE096  ( SFR ) " Nightmare Wheel " "Alptraum-Rad" SpellShieldType8-BP01-DE-SFR-UE.png BP01-DE097  ( SFR ) " Spell Shield Type-8 " "Zauberschild Typ 8" InterdimensionalMatterTransporter-BP01-DE-SFR-UE.png BP01-DE098  ( SFR ) " Interdimensional Matter Transporter " "Interdimensionaler Materietransporter" CompulsoryEvacuationDevice-BP01-DE-SFR-UE.png BP01-DE099  ( SFR ) " Compulsory Evacuation Device " "Zwangsevakuierungsgerät" PridefulRoar-BP01-DE-SFR-UE.png BP01-DE100  ( SFR ) " Prideful Roar " "Stolzes Gebrüll" HalforNothing-BP01-DE-SFR-UE.png BP01-DE101  ( SFR ) " Half or Nothing " "Halb oder gar nicht" SkillSuccessor-BP01-DE-SFR-UE.png BP01-DE102  ( SFR ) " Skill Successor " "Fähigkeitserbe" PixieRing-BP01-DE-SFR-UE.png BP01-DE103  ( SFR ) " Pixie Ring " "Pixie-Ring" ChangingDestiny-BP01-DE-SFR-UE.png BP01-DE104  ( SFR ) " Changing Destiny " "Das Schicksal verändern" FiendishChain-BP01-DE-SFR-UE.png BP01-DE105  ( SFR ) " Fiendish Chain " "Teuflische Kette" InverseUniverse-BP01-DE-SFR-UE.png BP01-DE106  ( SFR ) " Inverse Universe " "Verdrehtes Universum" MiraclesWake-BP01-DE-SFR-UE.png BP01-DE107  ( SFR ) " Miracle's Wake " "Wundersames Erwachen" PowerFrame-BP01-DE-SFR-UE.png BP01-DE108  ( SFR ) " Power Frame " "Kraftrahmen" DamageGate-BP01-DE-SFR-UE.png BP01-DE109  ( SFR ) " Damage Gate " "Schadenstor" BP01-DE110  ( SFR ) " Liberty at Last! " "Endlich Frei!" LusterDragon-BP01-DE-SFR-UE.png BP01-DE111  ( SFR ) " Luster Dragon " "Schimmerdrache" ArchfiendSoldier-BP01-DE-SFR-UE.png BP01-DE112  ( SFR ) " Archfiend Soldier " "Soldat der Erzunterweltler" MadDogofDarkness-BP01-DE-SFR-UE.png BP01-DE113  ( SFR ) " Mad Dog of Darkness " "Verrückter Hund der Finsternis" CharcoalInpachi-BP01-DE-SFR-UE.png BP01-DE114  ( SFR ) " Charcoal Inpachi " "Holzkohle-Inpachi" InsectKnight-BP01-DE-SFR-UE.png BP01-DE115  ( SFR ) " Insect Knight " "Insektenritter" GeneWarpedWarwolf-BP01-DE-SFR-UE.png BP01-DE116  ( SFR ) " Gene-Warped Warwolf " "Genverzerrter Kriegswolf" BusterBlader-BP01-DE-SFR-UE.png BP01-DE117  ( SFR ) " Buster Blader " "Buster-Klingenkämpfer" GoblinAttackForce-BP01-DE-SFR-UE.png BP01-DE118  ( SFR ) " Goblin Attack Force " "Goblin Angriffstrupp" BazootheSoulEater-BP01-DE-SFR-UE.png BP01-DE119  ( SFR ) " Bazoo the Soul-Eater " "Basu, der Seelenfresser" ZombyratheDark-BP01-DE-SFR-UE.png BP01-DE120  ( SFR ) " Zombyra the Dark " "Zombyra, der Dunkle" SlateWarrior-BP01-DE-SFR-UE.png BP01-DE121  ( SFR ) " Slate Warrior " "Schieferkrieger" DarkRulerHaDes-BP01-DE-SFR-UE.png BP01-DE122  ( SFR ) " Dark Ruler Ha Des " "Dunkler Herrscher Ha Des" FreedtheMatchlessGeneral-BP01-DE-SFR-UE.png BP01-DE123  ( SFR ) " Freed the Matchless General " "Freed, der unvergleichliche General" AirknightParshath-BP01-DE-SFR-UE.png BP01-DE124  ( SFR ) " Airknight Parshath " "Parshath, der Luftritter" AsuraPriest-BP01-DE-SFR-UE.png BP01-DE125  ( SFR ) " Asura Priest " "Asura-Priester" ExarionUniverse-BP01-DE-SFR-UE.png BP01-DE126  ( SFR ) " Exarion Universe " "Exarion Universum" VampireLord-BP01-DE-SFR-UE.png BP01-DE127  ( SFR ) " Vampire Lord " "Vampirlord" ToonGeminiElf-BP01-DE-SFR-UE.png BP01-DE128  ( SFR ) " Toon Gemini Elf " "Toon-Elfenzwillinge" KingTigerWanghu-BP01-DE-SFR-UE.png BP01-DE129  ( SFR ) " King Tiger Wanghu " "Königstiger Wanghu" BP01-DE130  ( SFR ) " Guardian Sphinx " "Wächter-Sphinx" SkilledWhiteMagician-BP01-DE-SFR-UE.png BP01-DE131  ( SFR ) " Skilled White Magician " "Erfahrener Weißer Magier" ZaborgtheThunderMonarch-BP01-DE-SFR-UE.png BP01-DE132  ( SFR ) " Zaborg the Thunder Monarch " "Zaborg, Monarch des Donners" DDAssailant-BP01-DE-SFR-UE.png BP01-DE133  ( SFR ) " D.D. Assailant " "D.D. Angreifer" ThebanNightmare-BP01-DE-SFR-UE.png BP01-DE134  ( SFR ) " Theban Nightmare " "Alptraum aus Theben" TheTricky-BP01-DE-SFR-UE.png BP01-DE135  ( SFR ) " The Tricky " "Der Trickreiche" RagingFlameSprite-BP01-DE-SFR-UE.png BP01-DE136  ( SFR ) " Raging Flame Sprite " "Kobold der tobenden Flammen" ChirontheMage-BP01-DE-SFR-UE.png BP01-DE137  ( SFR ) " Chiron the Mage " "Chiron der Magier" CyberDragon-BP01-DE-SFR-UE.png BP01-DE138  ( SFR ) " Cyber Dragon " "Cyber Drache" CyberneticMagician-BP01-DE-SFR-UE.png BP01-DE139  ( SFR ) " Cybernetic Magician " "Kybernetischer Magier" GoblinEliteAttackForce-BP01-DE-SFR-UE.png BP01-DE140  ( SFR ) " Goblin Elite Attack Force " "Goblin Elite Angriffstruppe" DoomcaliberKnight-BP01-DE-SFR-UE.png BP01-DE141  ( SFR ) " Doomcaliber Knight " "Schädelsuchender Ritter" ChainsawInsect-BP01-DE-SFR-UE.png BP01-DE142  ( SFR ) " Chainsaw Insect " "Kettensägeninsekt" CardTrooper-BP01-DE-SFR-UE.png BP01-DE143  ( SFR ) " Card Trooper " "Kartenkavallerist" VolticKong-BP01-DE-SFR-UE.png BP01-DE144  ( SFR ) " Voltic Kong " "Geladener Kong" BotanicalLion-BP01-DE-SFR-UE.png BP01-DE145  ( SFR ) " Botanical Lion " "Botanischer Löwe" AncientGearKnight-BP01-DE-SFR-UE.png BP01-DE146  ( SFR ) " Ancient Gear Knight " "Antiker Antriebsritter" BlizzardDragon-BP01-DE-SFR-UE.png BP01-DE147  ( SFR ) " Blizzard Dragon " "Blizzarddrache" BeastKingBarbaros-BP01-DE-SFR-UE.png BP01-DE148  ( SFR ) " Beast King Barbaros " "Ungeheuerkönig Barbaros" TheCalculator-BP01-DE-SFR-UE.png BP01-DE149  ( SFR ) " The Calculator " "Der Rechner" GaaptheDivineSoldier-BP01-DE-SFR-UE.png BP01-DE150  ( SFR ) " Gaap the Divine Soldier " "Gaap der göttliche Soldat" ArcanaForceXIVTemperance-BP01-DE-SFR-UE.png BP01-DE151  ( SFR ) " Arcana Force XIV - Temperance " "Arkane Macht XIV - Mäßigung" DarkValkyria-BP01-DE-SFR-UE.png BP01-DE152  ( SFR ) " Dark Valkyria " "Finstere Valkyre" AlectorSovereignofBirds-BP01-DE-SFR-UE.png BP01-DE153  ( SFR ) " Alector, Sovereign of Birds " "Alector, Herrscher der Vögel" TwinBarrelDragon-BP01-DE-SFR-UE.png BP01-DE154  ( SFR ) " Twin-Barrel Dragon " "Zwillingslaufdrache" AbyssalKingshark-BP01-DE-SFR-UE.png BP01-DE155  ( SFR ) " Abyssal Kingshark " "Königshai der Unterwelt" JurracProtops-BP01-DE-SFR-UE.png BP01-DE156  ( SFR ) " Jurrac Protops " "Jurassier-Protops" HedgeGuard-BP01-DE-SFR-UE.png BP01-DE157  ( SFR ) " Hedge Guard " "Heckenschutz" FabledAshenveil-BP01-DE-SFR-UE.png BP01-DE158  ( SFR ) " Fabled Ashenveil " "Sagenhafter Ashenveil" BackupWarrior-BP01-DE-SFR-UE.png BP01-DE159  ( SFR ) " Backup Warrior " "Ersatzkrieger" AmbitiousGofer-BP01-DE-SFR-UE.png BP01-DE160  ( SFR ) " Ambitious Gofer " "Ehrgeiziger Handlanger" PowerGiant-BP01-DE-SFR-UE.png BP01-DE161  ( SFR ) " Power Giant " "Energieriese" CardGuard-BP01-DE-SFR-UE.png BP01-DE162  ( SFR ) " Card Guard " "Kartenwache" Yaksha-BP01-DE-SFR-UE.png BP01-DE163  ( SFR ) " Yaksha " "Yaksha" GogogoGolem-BP01-DE-SFR-UE.png BP01-DE164  ( SFR ) " Gogogo Golem " "Gogogo-Golem" BigJaws-BP01-DE-SFR-UE.png BP01-DE165  ( SFR ) " Big Jaws " "Riesenmaul" WindUpSoldier-BP01-DE-SFR-UE.png BP01-DE166  ( SFR ) " Wind-Up Soldier " "Aufzieh-Soldat" WindUpDog-BP01-DE-SFR-UE.png BP01-DE167  ( SFR ) " Wind-Up Dog " "Aufzieh-Hund" MillatheTemporalMagician-BP01-DE-SFR-UE.png BP01-DE168  ( SFR ) " Milla the Temporal Magician " "Milla, die Zeitzauberin" ApeFighter-BP01-DE-SFR-UE.png BP01-DE169  ( SFR ) " Ape Fighter " "Affenkämpfer" WindUpWarrior-BP01-DE-SFR-UE.png BP01-DE170  ( SFR ) " Wind-Up Warrior " "Aufzieh-Krieger" GiantSoldierofStone-BP01-DE-SFR-UE.png BP01-DE171  ( SFR ) " Giant Soldier of Stone " "Riesen-Steinsoldat" MaskofDarkness-BP01-DE-SFR-UE.png BP01-DE172  ( SFR ) " Mask of Darkness " "Maske der Finsternis" MorphingJar-BP01-DE-SFR-UE.png BP01-DE173  ( SFR ) " Morphing Jar " "Verwandlungskrug" MukaMuka-BP01-DE-SFR-UE.png BP01-DE174  ( SFR ) " Muka Muka " "Muka Muka" BlastSphere-BP01-DE-SFR-UE.png BP01-DE175  ( SFR ) " Blast Sphere " "Sprengkugel" BigShieldGardna-BP01-DE-SFR-UE.png BP01-DE176  ( SFR ) " Big Shield Gardna " "Großschild-Wache" Gilasaurus-BP01-DE-SFR-UE.png BP01-DE177  ( SFR ) " Gilasaurus " "Gilasaurus" PossessedDarkSoul-BP01-DE-SFR-UE.png BP01-DE178  ( SFR ) " Possessed Dark Soul " "Besessene Dunkle Seele" TwinHeadedBehemoth-BP01-DE-SFR-UE.png BP01-DE179  ( SFR ) " Twin-Headed Behemoth " "Zweiköpfiger Behemoth" MakyuratheDestructor-BP01-DE-SFR-UE.png BP01-DE180  ( SFR ) " Makyura the Destructor " "Makyura der Zerstörer" HelpingRoboforCombat-BP01-DE-SFR-UE.png BP01-DE181  ( SFR ) " Helping Robo for Combat " "Kämpfender Hilfsroboter" Zolga-BP01-DE-SFR-UE.png BP01-DE182  ( SFR ) " Zolga " "Zolga" ChaosNecromancer-BP01-DE-SFR-UE.png BP01-DE183  ( SFR ) " Chaos Necromancer " "Chaos Totenbeschwörer" StealthBird-BP01-DE-SFR-UE.png BP01-DE184  ( SFR ) " Stealth Bird " "Heimlicher Vogel" HyperHammerhead-BP01-DE-SFR-UE.png BP01-DE185  ( SFR ) " Hyper Hammerhead " "Hyper Hammerkopf" GraveProtector-BP01-DE-SFR-UE.png BP01-DE186  ( SFR ) " Grave Protector " "Grabhüter" NightAssailant-BP01-DE-SFR-UE.png BP01-DE187  ( SFR ) " Night Assailant " "Nächtlicher Angreifer" PitchBlackWarwolf-BP01-DE-SFR-UE.png BP01-DE188  ( SFR ) " Pitch-Black Warwolf " "Pechschwarzer Wolfskrieger" DekoichitheBattlechantedLocomotive-BP01-DE-SFR-UE.png BP01-DE189  ( SFR ) " Dekoichi the Battlechanted Locomotive " "Dekoichi, die Kampfdampflok" Gyroid-BP01-DE-SFR-UE.png BP01-DE190  ( SFR ) " Gyroid " "Gyroid" Drillroid-BP01-DE-SFR-UE.png BP01-DE191  ( SFR ) " Drillroid " "Drillroid" GraviticOrb-BP01-DE-SFR-UE.png BP01-DE192  ( SFR ) " Gravitic Orb " "Gravitationskugel" CloudianPoisonCloud-BP01-DE-SFR-UE.png BP01-DE193  ( SFR ) " Cloudian - Poison Cloud " "Wolkian - Toxische Wolke" DesMosquito-BP01-DE-SFR-UE.png BP01-DE194  ( SFR ) " Des Mosquito " "Des Moskito" MadReloader-BP01-DE-SFR-UE.png BP01-DE195  ( SFR ) " Mad Reloader " "Verrückter Nachlader" PhantomofChaos-BP01-DE-SFR-UE.png BP01-DE196  ( SFR ) " Phantom of Chaos " "Phantom des Chaos" CyberValley-BP01-DE-SFR-UE.png BP01-DE197  ( SFR ) " Cyber Valley " "Cybertal" BlueThunderT45-BP01-DE-SFR-UE.png BP01-DE198  ( SFR ) " Blue Thunder T-45 " "Blauer Donner T-45" VortexTrooper-BP01-DE-SFR-UE.png BP01-DE199  ( SFR ) " Vortex Trooper " "Wirbelkavallerist" DUCKERMobileCannon-BP01-DE-SFR-UE.png BP01-DE200  ( SFR ) " DUCKER Mobile Cannon " "DUCKER Mobile Kanone" WormBarses-BP01-DE-SFR-UE.png BP01-DE201  ( SFR ) " Worm Barses " "Wurm Barses" ShieldWarrior-BP01-DE-SFR-UE.png BP01-DE202  ( SFR ) " Shield Warrior " "Schildkrieger" DarkResonator-BP01-DE-SFR-UE.png BP01-DE203  ( SFR ) " Dark Resonator " "Finsterer Resonator" NoisyGnat-BP01-DE-SFR-UE.png BP01-DE204  ( SFR ) " Noisy Gnat " "Lauter Moskito" FabledRaven-BP01-DE-SFR-UE.png BP01-DE205  ( SFR ) " Fabled Raven " "Sagenhafter Rabe" FortressWarrior-BP01-DE-SFR-UE.png BP01-DE206  ( SFR ) " Fortress Warrior " "Festungskrieger" TwinSwordMarauder-BP01-DE-SFR-UE.png BP01-DE207  ( SFR ) " Twin-Sword Marauder " "Zwillingsschwert-Plünderer" LevelWarrior-BP01-DE-SFR-UE.png BP01-DE208  ( SFR ) " Level Warrior " "Stufenkrieger" LevelEater-BP01-DE-SFR-UE.png BP01-DE209  ( SFR ) " Level Eater " "Stufenfresser" NaturiaStrawberry-BP01-DE-SFR-UE.png BP01-DE210  ( SFR ) " Naturia Strawberry " "Naturia-Erdbeere" BattleFader-BP01-DE-SFR-UE.png BP01-DE211  ( SFR ) " Battle Fader " "Kampfausblender" AmazonessSage-BP01-DE-SFR-UE.png BP01-DE212  ( SFR ) " Amazoness Sage " "Amazonische Weise" AmazonessTrainee-BP01-DE-SFR-UE.png BP01-DE213  ( SFR ) " Amazoness Trainee " "Amazonischer Lehrling" HardenedArmedDragon-BP01-DE-SFR-UE.png BP01-DE214  ( SFR ) " Hardened Armed Dragon " "Hartgesottener bewaffneter Drache" BlackwingZephyrostheElite-BP01-DE-SFR-UE.png BP01-DE215  ( SFR ) " Blackwing - Zephyros the Elite " "Schwarzflügel - Zephyros die Elite" TanngrisniroftheNordicBeasts-BP01-DE-SFR-UE.png BP01-DE216  ( SFR ) " Tanngrisnir of the Nordic Beasts " "Nordisches Ungeheuer Tanngrisnir" ShineKnight-BP01-DE-SFR-UE.png BP01-DE217  ( SFR ) " Shine Knight " "Glänzender Ritter" GagagaMagician-BP01-DE-SFR-UE.png BP01-DE218  ( SFR ) " Gagaga Magician " "Gagaga-Magier" BP01-DE219  ( SFR ) " Goblindbergh " "Goblindbergh" PsiBlocker-BP01-DE-SFR-UE.png BP01-DE220  ( SFR ) " Psi-Blocker " "Psi-Blocker" 
 
 
 
 
Images: ['https://static.wikia.nocookie.net/yugioh/images/8/89/InjectionFairyLily-BP01-DE-R-UE.png/revision/latest/scale-to-width-down/119?cb=20161212133730', 'data:image/gif;base64,R0lGODlhAQABAIABAAAAAP///yH5BAEAAAEALAAAAAABAAEAQAICTAEAOw%3D%3D', 'https://static.wikia.nocookie.net/yugioh/images/f/f1/SuperConductorTyranno-BP01-DE-R-UE.png/revision/latest/scale-to-width-down/119?cb=20160606185603', 'data:image/gif;base64,R0lGODlhAQABAIABAAAAAP///yH5BAEAAAEALAAAAAABAAEAQAICTAEAOw%3D%3D', 'https://static.wikia.nocookie.net/yugioh/images/e/ef/MachinaFortress-BP01-DE-R-UE.png/revision/latest/scale-to-width-down/118?cb=20160820144327', 'data:image/gif;base64,R0lGODlhAQABAIABAAAAAP///yH5BAEAAAEALAAAAAABAAEAQAICTAEAOw%3D%3D', 'https://static.wikia.nocookie.net/yugioh/images/8/84/TorrentialTribute-BP01-DE-R-UE.png/revision/latest/scale-to-width-down/120?cb=20170103230332', 'data:image/gif;base64,R0lGODlhAQABAIABAAAAAP///yH5BAEAAAEALAAAAAABAAEAQAICTAEAOw%3D%3D', 'https://static.wikia.nocookie.net/yugioh/images/1/13/MysticalSpaceTyphoon-BP01-DE-C-UE.png/revision/latest/scale-to-width-down/118?cb=20160603222805', 'data:image/gif;base64,R0lGODlhAQABAIABAAAAAP///yH5BAEAAAEALAAAAAABAAEAQAICTAEAOw%3D%3D', 'https://static.wikia.nocookie.net/yugioh/images/8/83/ForbiddenLance-BP01-DE-C-UE.png/revision/latest/scale-to-width-down/119?cb=20160815213513', 'data:image/gif;base64,R0lGODlhAQABAIABAAAAAP///yH5BAEAAAEALAAAAAABAAEAQAICTAEAOw%3D%3D', 'https://static.wikia.nocookie.net/yugioh/images/e/e1/EgoBoost-BP01-DE-C-UE.png/revision/latest/scale-to-width-down/124?cb=20160912004258', 'data:image/gif;base64,R0lGODlhAQABAIABAAAAAP///yH5BAEAAAEALAAAAAABAAEAQAICTAEAOw%3D%3D', 'https://static.wikia.nocookie.net/yugioh/images/3/32/LibertyatLast-BP01-DE-C-UE.png/revision/latest/scale-to-width-down/120?cb=20161228010804', 'data:image/gif;base64,R0lGODlhAQABAIABAAAAAP///yH5BAEAAAEALAAAAAABAAEAQAICTAEAOw%3D%3D', 'https://static.wikia.nocookie.net/yugioh/images/b/b6/BazootheSoulEater-BP01-DE-C-UE.png/revision/latest/scale-to-width-down/120?cb=20170105160122', 'data:image/gif;base64,R0lGODlhAQABAIABAAAAAP///yH5BAEAAAEALAAAAAABAAEAQAICTAEAOw%3D%3D', 'https://static.wikia.nocookie.net/yugioh/images/a/aa/Zolga-BP01-DE-C-UE.png/revision/latest/scale-to-width-down/119?cb=20160413203858', 'data:image/gif;base64,R0lGODlhAQABAIABAAAAAP///yH5BAEAAAEALAAAAAABAAEAQAICTAEAOw%3D%3D', 'https://static.wikia.nocookie.net/yugioh/images/0/09/InjectionFairyLily-BP01-DE-SFR-UE.png/revision/latest/scale-to-width-down/118?cb=20161212150155', 'data:image/gif;base64,R0lGODlhAQABAIABAAAAAP///yH5BAEAAAEALAAAAAABAAEAQAICTAEAOw%3D%3D', 'https://static.wikia.nocookie.net/yugioh/images/f/f0/SkullArchfiendofLightning-BP01-DE-SFR-UE.png/revision/latest/scale-to-width-down/118?cb=20160929225439', 'data:image/gif;base64,R0lGODlhAQABAIABAAAAAP///yH5BAEAAAEALAAAAAABAAEAQAICTAEAOw%3D%3D', 'https://static.wikia.nocookie.net/yugioh/images/2/2d/SuperConductorTyranno-BP01-DE-SFR-UE.png/revision/latest/scale-to-width-down/119?cb=20160606185605', 'data:image/gif;base64,R0lGODlhAQABAIABAAAAAP///yH5BAEAAAEALAAAAAABAAEAQAICTAEAOw%3D%3D', 'https://static.wikia.nocookie.net/yugioh/images/e/e2/MysticalSpaceTyphoon-BP01-DE-SFR-UE.png/revision/latest/scale-to-width-down/118?cb=20170501144532', 'data:image/gif;base64,R0lGODlhAQABAIABAAAAAP///yH5BAEAAAEALAAAAAABAAEAQAICTAEAOw%3D%3D', 'https://static.wikia.nocookie.net/yugioh/images/e/e2/EgoBoost-BP01-DE-SFR-UE.png/revision/latest/scale-to-width-down/118?cb=20160912004258', 'data:image/gif;base64,R0lGODlhAQABAIABAAAAAP///yH5BAEAAAEALAAAAAABAAEAQAICTAEAOw%3D%3D', 'https://static.wikia.nocookie.net/yugioh/images/a/ae/DustTornado-BP01-DE-SFR-UE.png/revision/latest/scale-to-width-down/119?cb=20160604164552', 'data:image/gif;base64,R0lGODlhAQABAIABAAAAAP///yH5BAEAAAEALAAAAAABAAEAQAICTAEAOw%3D%3D', 'https://static.wikia.nocookie.net/yugioh/images/2/2e/LibertyatLast-BP01-DE-SFR-UE.png/revision/latest/scale-to-width-down/119?cb=20161228010805', 'data:image/gif;base64,R0lGODlhAQABAIABAAAAAP///yH5BAEAAAEALAAAAAABAAEAQAICTAEAOw%3D%3D', 'https://static.wikia.nocookie.net/yugioh/images/a/a7/GuardianSphinx-BP01-DE-SFR-UE.png/revision/latest/scale-to-width-down/119?cb=20160613234519', 'data:image/gif;base64,R0lGODlhAQABAIABAAAAAP///yH5BAEAAAEALAAAAAABAAEAQAICTAEAOw%3D%3D', 'https://static.wikia.nocookie.net/yugioh/images/a/a1/Goblindbergh-BP01-DE-SFR-UE.png/revision/latest/scale-to-width-down/120?cb=20160504183640', 'data:image/gif;base64,R0lGODlhAQABAIABAAAAAP///yH5BAEAAAEALAAAAAABAAEAQAICTAEAOw%3D%3D']
Categories: German Set Card Galleries, Unlimited Edition Set Card Galleries