Link: https://yugioh.fandom.com/wiki/Set_Card_Galleries:Dimension_of_Chaos_(TCG-PT-UE)


 
 TCG Galleries  -  OCG Galleries  -  DDM Galleries  -  Bandai Galleries 
 
 
 
 Boosters  -  Decks  -  Packs  -  Promotions 
 
 
 Dimension of Chaos Dimensão do Caos Portuguese - Unlimited Edition 
 
 
 
 SamuraiCavalryofReptier-DOCS-PT-R-UE.png DOCS-PT000  ( R ) Samurai Cavalry of Reptier Cavalaria Samurai do Reino Reptil PerformapalSecondonkey-DOCS-PT-R-UE.png DOCS-PT001  ( R ) Performapal Secondonkey Camarartista Segurro PerformapalSplashmammoth-DOCS-PT-R-UE.png DOCS-PT002  ( R ) Performapal Splashmammoth Camarartista Mamute d'Água PerformapalHelpprincess-DOCS-PT-R-UE.png DOCS-PT003  ( R ) Performapal Helpprincess Camarartista Cooprincesa SuperheavySamuraiThief-DOCS-PT-C-UE.png DOCS-PT004  ( C ) Superheavy Samurai Thief Samurai Superpesado Ladrão SuperheavySamuraiTransporter-DOCS-PT-C-UE.png DOCS-PT005  ( C ) Superheavy Samurai Transporter Samurai Superpesado Transportador SuperheavySamuraiDrum-DOCS-PT-C-UE.png DOCS-PT006  ( C ) Superheavy Samurai Drum Samurai Superpesado Tambor SuperheavySamuraiSoulhorns-DOCS-PT-C-UE.png DOCS-PT007  ( C ) Superheavy Samurai Soulhorns Samurai Superpesado Alma com Chifres SuperheavySamuraiSoulclaw-DOCS-PT-C-UE.png DOCS-PT008  ( C ) Superheavy Samurai Soulclaw Samurai Superpesado Alma com Garras FluffalWings-DOCS-PT-C-UE.png DOCS-PT009  ( C ) Fluffal Wings Fofanimal Asas DDBerfomet-DOCS-PT-R-UE.png DOCS-PT010  ( R ) D/D Berfomet D/D Berfomet DDSwirlSlime-DOCS-PT-C-UE.png DOCS-PT011  ( C ) D/D Swirl Slime D/D Limo Espiral DDNecroSlime-DOCS-PT-C-UE.png DOCS-PT012  ( C ) D/D Necro Slime D/D Limo Necro RaidraptorWildVulture-DOCS-PT-C-UE.png DOCS-PT013  ( C ) Raidraptor - Wild Vulture Ataqueraptor - Abutre Selvagem RaidraptorSkullEagle-DOCS-PT-C-UE.png DOCS-PT014  ( C ) Raidraptor - Skull Eagle Ataqueraptor - Águia Caveira PerformageMirrorConductor-DOCS-PT-C-UE.png DOCS-PT015  ( C ) Performage Mirror Conductor Camaramágico Espelho Condutor PerformagePlushfire-DOCS-PT-C-UE.png DOCS-PT016  ( C ) Performage Plushfire Camaramágico Plushfogo TheLegendaryFishermanIII-DOCS-PT-SR-UE.png DOCS-PT017  ( SR ) The Legendary Fisherman III O Pescador Lendário III AssaultBlackwingKunaitheDrizzle-DOCS-PT-R-UE.png DOCS-PT018  ( R ) Assault Blackwing - Kunai the Drizzle Asanegra Agressor - Kunai, o Alvejador ChargingGaiatheFierceKnight-DOCS-PT-UR-UE.png DOCS-PT019  ( UR ) Charging Gaia the Fierce Knight Gaia, o Cavaleiro Impetuoso em Carga SphereKuriboh-DOCS-PT-R-UE.png DOCS-PT020  ( R ) Sphere Kuriboh Esfera Kuriboh SuperSoldierSoul-DOCS-PT-C-UE.png DOCS-PT021  ( C ) Super Soldier Soul Alma do Super Soldado BeginningKnight-DOCS-PT-SR-UE.png DOCS-PT022  ( SR ) Beginning Knight Cavaleiro Principiante EveningTwilightKnight-DOCS-PT-SR-UE.png DOCS-PT023  ( SR ) Evening Twilight Knight Cavaleiro do Anoitecer do Crepúsculo VectorPendulumtheDracoverlord-DOCS-PT-SR-UE.png DOCS-PT024  ( SR ) Vector Pendulum, the Dracoverlord Pêndulo Vector, o Dracosuserano MajespecterCatNekomata-DOCS-PT-SR-UE.png DOCS-PT025  ( SR ) Majespecter Cat - Nekomata Gato Majespectro - Nekomata MajespecterRaccoonBunbuku-DOCS-PT-UR-UE.png DOCS-PT026  ( UR ) Majespecter Raccoon - Bunbuku Guaxinim Majespectro - Bunbuku MajespecterCrowYata-DOCS-PT-C-UE.png DOCS-PT027  ( C ) Majespecter Crow - Yata Corvo Majespectro - Yata MajespecterFoxKyubi-DOCS-PT-C-UE.png DOCS-PT028  ( C ) Majespecter Fox - Kyubi Raposa Majespectro - Kyubi MajespecterUnicornKirin-DOCS-PT-R-UE.png DOCS-PT029  ( R ) Majespecter Unicorn - Kirin Unicórnio Majespectro – Kirin IgknightCavalier-DOCS-PT-C-UE.png DOCS-PT030  ( C ) Igknight Cavalier Cavaleirardor Cavalier IgknightVeteran-DOCS-PT-C-UE.png DOCS-PT031  ( C ) Igknight Veteran Cavaleirardor Veterano GraydleSlime-DOCS-PT-R-UE.png DOCS-PT032  ( R ) Graydle Slime Alicercinza Limo GraydleAlligator-DOCS-PT-C-UE.png DOCS-PT033  ( C ) Graydle Alligator Alicercinza Jacaré GraydleCobra-DOCS-PT-C-UE.png DOCS-PT034  ( C ) Graydle Cobra Alicercinza Cobra GraydleEagle-DOCS-PT-C-UE.png DOCS-PT035  ( C ) Graydle Eagle Alicercinza Águia SkilledRedMagician-DOCS-PT-R-UE.png DOCS-PT036  ( R ) Skilled Red Magician Mago Vermelho Habilidoso GiantPairfish-DOCS-PT-R-UE.png DOCS-PT037  ( R ) Giant Pairfish Casal de Peixes Gigantes ToonBarrelDragon-DOCS-PT-R-UE.png DOCS-PT038  ( R ) Toon Barrel Dragon Dragão Revólver Toon Deskbot006-DOCS-PT-C-UE.png DOCS-PT039  ( C ) Deskbot 006 Robô-secretário 006 PotofTheForbidden-DOCS-PT-SP-UE.png DOCS-PT040  ( SP ) Pot of The Forbidden Pote de A Proibida DrFrankenderp-DOCS-PT-SP-UE.png DOCS-PT041  ( SP ) Dr. Frankenderp Dr. Frankenderp BlackLusterSoldierSuperSoldier-DOCS-PT-UR-UE.png DOCS-PT042  ( UR ) Black Luster Soldier - Super Soldier Soldado do Lustro Negro - Super Soldado FrightfurSabreTooth-DOCS-PT-UR-UE.png DOCS-PT043  ( UR ) Frightfur Sabre-Tooth Peladura de Lâminas - Dente DDDWaveOblivionKingCaesarRagnarok-DOCS-PT-SR-UE.png DOCS-PT044  ( SR ) D/D/D Wave Oblivion King Caesar Ragnarok D/D/D César Ragnarok, o Rei Esquecido das Ondas OddEyesVortexDragon-DOCS-PT-ScR-UE.png DOCS-PT045  ( ScR ) Odd-Eyes Vortex Dragon Dragão Vórtice de Olhos Anômalos ScarlightRedDragonArchfiend-DOCS-PT-ScR-UE.png DOCS-PT046  ( ScR ) Scarlight Red Dragon Archfiend Incandescente Dragão Vermelho Arquidemônio AssaultBlackwingRaikiritheRainShower-DOCS-PT-UR-UE.png DOCS-PT047  ( UR ) Assault Blackwing - Raikiri the Rain Shower Asanegra Agressor - Raikiri, o Banho de Chuva GraydleDragon-DOCS-PT-SR-UE.png DOCS-PT048  ( SR ) Graydle Dragon Alicercinza Dragão DeskbotJet-DOCS-PT-C-UE.png DOCS-PT049  ( C ) Deskbot Jet Jato Robô-secretário DDDDuoDawnKingKaliYuga-DOCS-PT-SR-UE.png DOCS-PT050  ( SR ) D/D/D Duo-Dawn King Kali Yuga D/D/D Kali Yuga, o Rei do Duplo Amanhecer RaidraptorFiendEagle-DOCS-PT-R-UE.png DOCS-PT051  ( R ) Raidraptor - Fiend Eagle Ataqueraptor - Águia Demônio MajesterPaladintheAscendingDracoslayer-DOCS-PT-UR-UE.png DOCS-PT052  ( UR ) Majester Paladin, the Ascending Dracoslayer Paladino Majestro, o Dracossassino Ascendente ShuffleReborn-DOCS-PT-C-UE.png DOCS-PT053  ( C ) Shuffle Reborn Renascimento Embaralhado RankUpMagicRaidForce-DOCS-PT-R-UE.png DOCS-PT054  ( R ) Rank-Up-Magic Raid Force Magia de Aumento de Classe Força de Ataque RaptorsUltimateMace-DOCS-PT-C-UE.png DOCS-PT055  ( C ) Raptor's Ultimate Mace Maça Definitiva do Raptor SuperSoldierRitual-DOCS-PT-R-UE.png DOCS-PT056  ( R ) Super Soldier Ritual Ritual do Super Soldado GatewaytoChaos-DOCS-PT-SR-UE.png DOCS-PT057  ( SR ) Gateway to Chaos Portas do Caos MajestysPegasus-DOCS-PT-SR-UE.png DOCS-PT058  ( SR ) Majesty's Pegasus Pégaso da Majestade MajespecterStorm-DOCS-PT-C-UE.png DOCS-PT059  ( C ) Majespecter Storm Temporal Majespectro MajespecterCyclone-DOCS-PT-SR-UE.png DOCS-PT060  ( SR ) Majespecter Cyclone Ciclone Majespectro IgknightReload-DOCS-PT-UR-UE.png DOCS-PT061  ( UR ) Igknight Reload Recarregar Cavaleirardor GraydleImpact-DOCS-PT-C-UE.png DOCS-PT062  ( C ) Graydle Impact Impacto Alicercinza OddEyesFusion-DOCS-PT-ScR-UE.png DOCS-PT063  ( ScR ) Odd-Eyes Fusion Fusão dos Olhos Anômalos PsychicBlade-DOCS-PT-C-UE.png DOCS-PT064  ( C ) Psychic Blade Lâmina Psíquica PainfulDecision-DOCS-PT-ScR-UE.png DOCS-PT065  ( ScR ) Painful Decision Decisão Dolorosa SuperRushHeadlong-DOCS-PT-SP-UE.png DOCS-PT066  ( SP ) Super Rush Headlong Super Impulso Impetuoso FrightfurMarch-DOCS-PT-C-UE.png DOCS-PT067  ( C ) Frightfur March Marcha Peladura DDDContractChange-DOCS-PT-C-UE.png DOCS-PT068  ( C ) D/D/D Contract Change D/D/D Alteração do Pacto DarkContractwithErrors-DOCS-PT-C-UE.png DOCS-PT069  ( C ) Dark Contract with Errors Pacto Obscuro com Erros SuperSoldierRebirth-DOCS-PT-C-UE.png DOCS-PT070  ( C ) Super Soldier Rebirth Renascimento do Super Soldado SuperSoldierShield-DOCS-PT-UR-UE.png DOCS-PT071  ( UR ) Super Soldier Shield Escudo do Super Soldado MajespecterTornado-DOCS-PT-UR-UE.png DOCS-PT072  ( UR ) Majespecter Tornado Tornado Majespectro MajespecterTempest-DOCS-PT-C-UE.png DOCS-PT073  ( C ) Majespecter Tempest Tempestade Majespectro GraydleParasite-DOCS-PT-SR-UE.png DOCS-PT074  ( SR ) Graydle Parasite Parasita Alicercinza GraydleSplit-DOCS-PT-C-UE.png DOCS-PT075  ( C ) Graydle Split Divisão Alicercinza BlazingMirrorForce-DOCS-PT-ScR-UE.png DOCS-PT076  ( ScR ) Blazing Mirror Force Força do Espelho em Chamas PendulumArea-DOCS-PT-R-UE.png DOCS-PT077  ( R ) Pendulum Area Área de Pêndulo UrgentRitualArt-DOCS-PT-ScR-UE.png DOCS-PT078  ( ScR ) Urgent Ritual Art Arte Ritual Urgente GrandHornofHeaven-DOCS-PT-C-UE.png DOCS-PT079  ( C ) Grand Horn of Heaven Grande Corneta Celestial FirstAidSquad-DOCS-PT-SP-UE.png DOCS-PT080  ( SP ) First-Aid Squad Pelotão de Primeiros Socorros PainfulEscape-DOCS-PT-ScR-UE.png DOCS-PT081  ( ScR ) Painful Escape Fuga Dolorosa KozmoStrawman-DOCS-PT-UR-UE.png DOCS-PT082  ( UR ) Kozmo Strawman Espantalho de Kozmo KozmollWickedwitch-DOCS-PT-C-UE.png DOCS-PT083  ( C ) Kozmoll Wickedwitch Bruxa Má de Kozmoll KozmoDOGFighter-DOCS-PT-SR-UE.png DOCS-PT084  ( SR ) Kozmo DOG Fighter CÃO Fighter de Kozmo KozmoDarkDestroyer-DOCS-PT-ScR-UE.png DOCS-PT085  ( ScR ) Kozmo Dark Destroyer Destruidor Negro de Kozmo KozmoLightsword-DOCS-PT-C-UE.png DOCS-PT086  ( C ) Kozmo Lightsword Espada de Luz de Kozmo RadiantheMultidimensionalKaiju-DOCS-PT-R-UE.png DOCS-PT087  ( R ) Radian, the Multidimensional Kaiju Radian, o Kaiju Multidimensional GamecieltheSeaTurtleKaiju-DOCS-PT-R-UE.png DOCS-PT088  ( R ) Gameciel, the Sea Turtle Kaiju Gameciel, o Kaiju Tartaruga Marinha KaijuCaptureMission-DOCS-PT-C-UE.png DOCS-PT089  ( C ) Kaiju Capture Mission Missão de Captura Kaiju DDDWaveKingCaesar-DOCS-PT-R-UE.png DOCS-PT090  ( R ) D/D/D Wave King Caesar D/D/D César, o Rei das Ondas DDSavantGalilei-DOCS-PT-C-UE.png DOCS-PT091  ( C ) D/D Savant Galilei D/D Galilei, o Erudito DDSavantKepler-DOCS-PT-C-UE.png DOCS-PT092  ( C ) D/D Savant Kepler D/D Kepler, o Erudito DarkContractwiththeGate-DOCS-PT-C-UE.png DOCS-PT093  ( C ) Dark Contract with the Gate Pacto Obscuro com o Portal DarkContractwiththeSwampKing-DOCS-PT-C-UE.png DOCS-PT094  ( C ) Dark Contract with the Swamp King Pacto Obscuro com o Rei do Pântano DarkContractwiththeWitch-DOCS-PT-C-UE.png DOCS-PT095  ( C ) Dark Contract with the Witch Pacto Obscuro com a Bruxa ContractLaundering-DOCS-PT-C-UE.png DOCS-PT096  ( C ) Contract Laundering Quebra de Pacto DDDHumanResources-DOCS-PT-C-UE.png DOCS-PT097  ( C ) D/D/D Human Resources D/D/D Recursos Humanos DDDRebelKingLeonidas-DOCS-PT-SR-UE.png DOCS-PT098  ( SR ) D/D/D Rebel King Leonidas D/D/D Rei Rebelde Leonidas DDDOblivionKingAbyssRagnarok-DOCS-PT-R-UE.png DOCS-PT099  ( R ) D/D/D Oblivion King Abyss Ragnarok D/D/D Abismo Ragnarok, o Rei Esquecido 
 
 
 Ultimate Rares
 
 
 
 BlackLusterSoldierSuperSoldier-DOCS-PT-UtR-UE.png DOCS-PT042  ( UtR ) Black Luster Soldier - Super Soldier Soldado do Lustro Negro - Super Soldado OddEyesVortexDragon-DOCS-PT-UtR-UE.png DOCS-PT045  ( UtR ) Odd-Eyes Vortex Dragon Dragão Vórtice de Olhos Anômalos ScarlightRedDragonArchfiend-DOCS-PT-UtR-UE.png DOCS-PT046  ( UtR ) Scarlight Red Dragon Archfiend Incandescente Dragão Vermelho Arquidemônio AssaultBlackwingRaikiritheRainShower-DOCS-PT-UtR-UE.png DOCS-PT047  ( UtR ) Assault Blackwing - Raikiri the Rain Shower Asanegra Agressor - Raikiri, o Banho de Chuva MajesterPaladintheAscendingDracoslayer-DOCS-PT-UtR-UE.png DOCS-PT052  ( UtR ) Majester Paladin, the Ascending Dracoslayer Paladino Majestro, o Dracossassino Ascendente 
 
 
 Ghost Rare
 
 
 
 ScarlightRedDragonArchfiend-DOCS-PT-GR-UE.png DOCS-PT046  ( GR ) Scarlight Red Dragon Archfiend Incandescente Dragão Vermelho Arquidemônio 
 
 
 
 
 
Categories: Portuguese Set Card Galleries, Unlimited Edition Set Card Galleries