Link: https://yugioh.fandom.com/wiki/Set_Card_Galleries:Power_of_the_Elements_(TCG-PT-1E)


 
 TCG Galleries  -  OCG Galleries  -  DDM Galleries  -  Bandai Galleries 
 
 
 
 Boosters  -  Decks  -  Packs  -  Promotions 
 
 
 Power of the Elements Poder dos Elementos Portuguese - 1st Edition GhotioftheDeepBeyond-POTE-PT-ScR-1E.png POTE-PT000  ( ScR ) " Ghoti of the Deep Beyond " "Ghoti da Profundeza Distante" ElementalHEROSpiritofNeos-POTE-PT-SR-1E.png POTE-PT001  ( SR ) " Elemental HERO Spirit of Neos " "Espírito de Neos, o HERÓI do Elemento" CrossKeeper-POTE-PT-C-1E.png POTE-PT002  ( C ) " Cross Keeper " "Zelador Cruzado" SprightBlue-POTE-PT-ScR-1E.png POTE-PT003  ( ScR ) " Spright Blue " "Azul Spright" SprightJet-POTE-PT-SR-1E.png POTE-PT004  ( SR ) " Spright Jet " "Jato Spright" SprightPixies-POTE-PT-C-1E.png POTE-PT005  ( C ) " Spright Pixies " "Pixies Spright" SprightRed-POTE-PT-C-1E.png POTE-PT006  ( C ) " Spright Red " "Vermelho Spright" SprightCarrot-POTE-PT-C-1E.png POTE-PT007  ( C ) " Spright Carrot " "Cenoura Spright" TherionEmpressAlasia-POTE-PT-SR-1E.png POTE-PT008  ( SR ) " Therion "Empress" Alasia " "Therion "Imperatriz" Alasia" TherionIrregular-POTE-PT-UR-1E.png POTE-PT009  ( UR ) " Therion Irregular " "Therion Irregular" IcejadeCreationAegirocassis-POTE-PT-C-1E.png POTE-PT010  ( C ) " Icejade Creation Aegirocassis " "Gelojade Aegirocassis da Criação" AlbaztheAshen-POTE-PT-SR-1E.png POTE-PT011  ( SR ) " Albaz the Ashen " "Arbaz, o Cinzento" TearlamentsMerrli-POTE-PT-C-1E.png POTE-PT012  ( C ) " Tearlaments Merrli " "Lagrimentiara Merrli" TearlamentsHavnis-POTE-PT-C-1E.png POTE-PT013  ( C ) " Tearlaments Havnis " "Lagrimentiara Havnis" TearlamentsScheiren-POTE-PT-SR-1E.png POTE-PT014  ( SR ) " Tearlaments Scheiren " "Lagrimentiara Scheiren" TearlamentsReinoheart-POTE-PT-UR-1E.png POTE-PT015  ( UR ) " Tearlaments Reinoheart " "Lagrimentiara Reinoheart" VernusylphoftheFlourishingHills-POTE-PT-UR-1E.png POTE-PT016  ( UR ) " Vernusylph of the Flourishing Hills " VernusylphoftheAwakeningForests-POTE-PT-SR-1E.png POTE-PT017  ( SR ) " Vernusylph of the Awakening Forests " "Vernasílfide das Florestas Despertas" VernusylphoftheFloweringFields-POTE-PT-C-1E.png POTE-PT018  ( C ) " Vernusylph of the Flowering Fields " "Vernasílfide dos Campos Floridos" VernusylphoftheThawingMountains-POTE-PT-C-1E.png POTE-PT019  ( C ) " Vernusylph of the Thawing Mountains " "Vernasílfide das Montanhas Descongeladas" GemKnightQuartz-POTE-PT-SR-1E.png POTE-PT020  ( SR ) " Gem-Knight Quartz " "Cavaleiro-Gema Quartzo" BrilliantRose-POTE-PT-C-1E.png POTE-PT021  ( C ) " Brilliant Rose " "Rosa Brilhante" MelffyWally-POTE-PT-C-1E.png POTE-PT022  ( C ) " Melffy Wally " "Melffy Wally" MelffyPinny-POTE-PT-C-1E.png POTE-PT023  ( C ) " Melffy Pinny " "Melffy Pinny" ScaroftheVendread-POTE-PT-C-1E.png POTE-PT024  ( C ) " Scar of the Vendread " "Cicatriz do Vendorror" ExosisterMartha-POTE-PT-ScR-1E.png POTE-PT025  ( ScR ) " Exosister Martha " "Exoirmã Martha" GunkanSushipShariRed-POTE-PT-C-1E.png POTE-PT026  ( C ) " Gunkan Suship Shari Red " "Vermelho Shari do Naviushi Gunkan" RikkaPrincess-POTE-PT-C-1E.png POTE-PT027  ( C ) " Rikka Princess " "Princesa Rikka" MathmechCircular-POTE-PT-SR-1E.png POTE-PT028  ( SR ) " Mathmech Circular " "Mechamático Circular" KrawlerSoma-POTE-PT-C-1E.png POTE-PT029  ( C ) " Krawler Soma " "Soma Krawler" MokeyMokeyAdrift-POTE-PT-C-1E.png POTE-PT030  ( C ) " Mokey Mokey Adrift " "Mokey Mokey à Deriva" KurikaraDivincarnate-POTE-PT-ScR-1E.png POTE-PT031  ( ScR ) " Kurikara Divincarnate " "Kurikara Divincarnada" AussatheEarthChanneler-POTE-PT-UR-1E.png POTE-PT032  ( UR ) " Aussa the Earth Channeler " "Aussa, a Canalizadora da Terra" GrandtuskDragon-POTE-PT-SR-1E.png POTE-PT033  ( SR ) " Grandtusk Dragon " "Dragão Grandes Presas" EkatheFlameBuddy-POTE-PT-SR-1E.png POTE-PT034  ( SR ) " Eka the Flame Buddy " "Eka, o Companheiro Flamejante" PropaGandake-POTE-PT-C-1E.png POTE-PT035  ( C ) " Propa Gandake " "Propa Gandake" CartorhyntheHiddenGemoftheSeafront-POTE-PT-C-1E.png POTE-PT036  ( C ) " Cartorhyn the Hidden Gem of the Seafront " "Cartorhyn, a Joia Oculta do Litoral" EmperorTanukisCritterCount-POTE-PT-SR-1E.png POTE-PT037  ( SR ) " Emperor Tanuki's Critter Count " "Contagem de Bichos do Imperador Tanuki" NightmelltheDarkBonder-POTE-PT-C-1E.png POTE-PT038  ( C ) " Nightmell the Dark Bonder " "Nightmell, o Vínculo Obscuro" HydralanderOrbit-POTE-PT-C-1E.png POTE-PT039  ( C ) " Hydralander Orbit " "Órbita do Hidropousador" VendreadScavenger-POTE-PT-SR-1E.png POTE-PT040  ( SR ) " Vendread Scavenger " "Carniceiro Vendorror" ElementalHEROShiningNeosWingman-POTE-PT-UR-1E.png POTE-PT041  ( UR ) " Elemental HERO Shining Neos Wingman " "Homem-Alado Neos Brilhante, o HERÓI do Elemento" TearlamentsKitkallos-POTE-PT-UR-1E.png POTE-PT042  ( UR ) " Tearlaments Kitkallos " "Lagrimentiara Kitkallos" TearlamentsKaleidoHeart-POTE-PT-ScR-1E.png POTE-PT043  ( ScR ) " Tearlaments Kaleido-Heart " "Lagrimentiara Caleido-Heart" GemKnightLadyRoseDiamond-POTE-PT-SR-1E.png POTE-PT044  ( SR ) " Gem-Knight Lady Rose Diamond " "Dama Cavaleiro-Gema Diamante Rosa" MerryMelffys-POTE-PT-C-1E.png POTE-PT045  ( C ) " Merry Melffys " "Melffys Felizes" PUNKJAMDragonDrive-POTE-PT-SR-1E.png POTE-PT046  ( SR ) " P.U.N.K. JAM Dragon Drive " "Inspiração do Dragão P.U.N.K. JAM" GiganticSpright-POTE-PT-UR-1E.png POTE-PT047  ( UR ) " Gigantic Spright " "Spright Gigantesco" AshuraKing-POTE-PT-ScR-1E.png POTE-PT048  ( ScR ) " Ashura King " "Rei Ashura" SprightElf-POTE-PT-UR-1E.png POTE-PT049  ( UR ) " Spright Elf " "Elfa Spright" ScareclawLightHeart-POTE-PT-UR-1E.png POTE-PT050  ( UR ) " Scareclaw Light-Heart " "Espantagarra Luz-Heart" ENEngageNeoSpace-POTE-PT-SR-1E.png POTE-PT051  ( SR ) " EN - Engage Neo Space " "EN - Engajar Neo Espaço" InstantContact-POTE-PT-ScR-1E.png POTE-PT052  ( ScR ) " Instant Contact " "Contato Instantâneo" ENWave-POTE-PT-SR-1E.png POTE-PT053  ( SR ) " EN Wave " "Onda EN" OverFusion-POTE-PT-C-1E.png POTE-PT054  ( C ) " Over Fusion " "Sobrefusão" SprightStarter-POTE-PT-UR-1E.png POTE-PT055  ( UR ) " Spright Starter " "Precursor Spright" SprightGammaBurst-POTE-PT-C-1E.png POTE-PT056  ( C ) " Spright Gamma Burst " "Explosão Gama Spright" SprightSmashers-POTE-PT-C-1E.png POTE-PT057  ( C ) " Spright Smashers " "Esmagadores Spright" BrandedinCentralDogmatika-POTE-PT-C-1E.png POTE-PT058  ( C ) " Branded in Central Dogmatika " "Marcado na Dogmatika Central" ScareclawStraddle-POTE-PT-SR-1E.png POTE-PT059  ( SR ) " Scareclaw Straddle " "Translado Espantagarra" PrimevalPlanetPerlereino-POTE-PT-ScR-1E.png POTE-PT060  ( ScR ) " Primeval Planet Perlereino " "Planeta Primordial Perlereino" VernusylphCorolla-POTE-PT-SR-1E.png POTE-PT061  ( SR ) " Vernusylph Corolla " "Vernasílfide Corola" ScatterFusion-POTE-PT-SR-1E.png POTE-PT062  ( SR ) " Scatter Fusion " "Fusão de Dispersão" MelffyStaringContest-POTE-PT-SR-1E.png POTE-PT063  ( SR ) " Melffy Staring Contest " "Competição de Encarar Melffy" RavenousVendread-POTE-PT-C-1E.png POTE-PT064  ( C ) " Ravenous Vendread " "Voraz Vendorror" PUNKJAMExtremeSession-POTE-PT-SR-1E.png POTE-PT065  ( SR ) " P.U.N.K. JAM Extreme Session " "Sessão Extrema P.U.N.K. JAM" RikkaKonkon-POTE-PT-SR-1E.png POTE-PT066  ( SR ) " Rikka Konkon " "Konkon Rikka" UltimateSlayer-POTE-PT-ScR-1E.png POTE-PT067  ( ScR ) " Ultimate Slayer " "Assassina Definitiva" DigitJamming-POTE-PT-C-1E.png POTE-PT068  ( C ) " Digit Jamming " "Obstruir Dígitos" FavoriteContact-POTE-PT-UR-1E.png POTE-PT069  ( UR ) " Favorite Contact " "Contato Favorito" BrandedExpulsion-POTE-PT-C-1E.png POTE-PT070  ( C ) " Branded Expulsion " "Expulsão do Marcado" TearlamentsMetanoise-POTE-PT-C-1E.png POTE-PT071  ( C ) " Tearlaments Metanoise " "Lagrimentiara Metarruído" TearlamentsSulliek-POTE-PT-C-1E.png POTE-PT072  ( C ) " Tearlaments Sulliek " "Lagrimentiara Guinchacular" TearlamentsCryme-POTE-PT-C-1E.png POTE-PT073  ( C ) " Tearlaments Cryme " "Lagrimentiara Crimar" VernusylphandtheChangingSeason-POTE-PT-C-1E.png POTE-PT074  ( C ) " Vernusylph and the Changing Season " "Vernasílfide e a Mudança de Estação" VernusylphandtheFlowerBuds-POTE-PT-C-1E.png POTE-PT075  ( C ) " Vernusylph and the Flower Buds " "Vernasílfide e os Botões de Flor" ExosisterReturnia-POTE-PT-SR-1E.png POTE-PT076  ( SR ) " Exosister Returnia " "Returnia Exoirmã" AmazeAttractionThrillTrain-POTE-PT-C-1E.png POTE-PT077  ( C ) " Amaze Attraction Thrill Train " "Divertida Atração Trem da Emoção" TerrorsoftheOverrroot-POTE-PT-C-1E.png POTE-PT078  ( C ) " Terrors of the Overrroot " "Terrores da Raiz Superior" DracoUtopianAura-POTE-PT-ScR-1E.png POTE-PT079  ( ScR ) " Draco-Utopian Aura " "Aura Utópica Draco" DoubleDustTornadoTwins-POTE-PT-C-1E.png POTE-PT080  ( C ) " Double Dust Tornado Twins " "Duplo Tornado de Pó Gêmeo" VanguardoftheUndergroundEmperor-POTE-PT-C-1E.png POTE-PT081  ( C ) " Vanguard of the Underground Emperor " "Vanguarda do Imperador Subterrâneo" GaruraWingsofResonantLife-POTE-PT-UR-1E.png POTE-PT082  ( UR ) " Garura, Wings of Resonant Life " PitknightEarlie-POTE-PT-C-1E.png POTE-PT083  ( C ) " Pitknight Earlie " MorayofAvarice-POTE-PT-UR-1E.png POTE-PT084  ( UR ) " Moray of Avarice " "Moreia da Avareza" MimesisElephant-POTE-PT-C-1E.png POTE-PT085  ( C ) " Mimesis Elephant " PacesLightoftheGhoti-POTE-PT-UR-1E.png POTE-PT086  ( UR ) " Paces, Light of the Ghoti " ShifFairyoftheGhoti-POTE-PT-SR-1E.png POTE-PT087  ( SR ) " Shif, Fairy of the Ghoti " "Shif, a Fada dos Ghoti" EanocSentryoftheGhoti-POTE-PT-C-1E.png POTE-PT088  ( C ) " Eanoc, Sentry of the Ghoti " "Eanoc, o Sentinela dos Ghoti" AskaantheBicornedGhoti-POTE-PT-C-1E.png POTE-PT089  ( C ) " Askaan, the Bicorned Ghoti " "Askaan, o Ghoti de Dois Chifres" TheMostDistantDeepestDepths-POTE-PT-C-1E.png POTE-PT090  ( C ) " The Most Distant, Deepest Depths " "As Profundezas Mais Distantes e Mais Profundas" GhotiChain-POTE-PT-C-1E.png POTE-PT091  ( C ) " Ghoti Chain " "Corrente Ghoti" LorisLadyofLament-POTE-PT-SR-1E.png POTE-PT092  ( SR ) " Loris, Lady of Lament " "Loris, a Dama da Lamentação" MorphtronicTelefon-POTE-PT-C-1E.png POTE-PT093  ( C ) " Morphtronic Telefon " "Telefon Morfotrônico" GadgetGamer-POTE-PT-C-1E.png POTE-PT094  ( C ) " Gadget Gamer " "Jogador Dispositivo" MorphtronicScannen-POTE-PT-C-1E.png POTE-PT095  ( C ) " Morphtronic Scannen " "Escanem Morfotrônico" MorphtronicEarfon-POTE-PT-C-1E.png POTE-PT096  ( C ) " Morphtronic Earfon " "Fonvido Morfotrônico" PowerToolBraverDragon-POTE-PT-SR-1E.png POTE-PT097  ( SR ) " Power Tool Braver Dragon " "Dragão Bravo Ferramenteiro" MorphtronicConverter-POTE-PT-C-1E.png POTE-PT098  ( C ) " Morphtronic Converter " "Conversor Morfotrônico" LifeExtreme-POTE-PT-C-1E.png POTE-PT099  ( C ) " Life Extreme " "Vida Extrema" DestinyHERODestroyerPhoenixEnforcer-POTE-PT-StR-1E.png POTE-PT100  ( StR ) " Destiny HERO - Destroyer Phoenix Enforcer " "HERÓI do Destino - Fênix Executora Destruidora" 
 Starlight Rare variants 
 ExosisterMartha-POTE-PT-StR-1E.png POTE-PT025  ( StR ) " Exosister Martha " "Exoirmã Martha" KurikaraDivincarnate-POTE-PT-StR-1E.png POTE-PT031  ( StR ) " Kurikara Divincarnate " "Kurikara Divincarnada" AussatheEarthChanneler-POTE-PT-StR-1E.png POTE-PT032  ( StR ) " Aussa the Earth Channeler " "Aussa, a Canalizadora da Terra" UltimateSlayer-POTE-PT-StR-1E.png POTE-PT067  ( StR ) " Ultimate Slayer " "Assassina Definitiva" 
 
 
 
 
Categories: Portuguese Set Card Galleries, 1st Edition Set Card Galleries