Link: https://yugioh.fandom.com/wiki/Set_Card_Galleries:Power_of_the_Elements_(TCG-SP-UE)


 
 TCG Galleries  -  OCG Galleries  -  DDM Galleries  -  Bandai Galleries 
 
 
 
 Boosters  -  Decks  -  Packs  -  Promotions 
 
 
 Power of the Elements Poder de los Elementos Spanish - Unlimited Edition GhotioftheDeepBeyond-POTE-SP-ScR-UE.png POTE-SP000  ( ScR ) " Ghoti of the Deep Beyond " "Ghoti del Profundo Más Allá" ElementalHEROSpiritofNeos-POTE-SP-SR-UE.png POTE-SP001  ( SR ) " Elemental HERO Spirit of Neos " "HÉROE Elemental Espíritu de Neos" CrossKeeper-POTE-SP-C-UE.png POTE-SP002  ( C ) " Cross Keeper " "Guarda del Cruce" SprightBlue-POTE-SP-ScR-UE.png POTE-SP003  ( ScR ) " Spright Blue " "Azul Spright" SprightJet-POTE-SP-SR-UE.png POTE-SP004  ( SR ) " Spright Jet " "Jet Spright" SprightPixies-POTE-SP-C-UE.png POTE-SP005  ( C ) " Spright Pixies " "Duendecillos Spright" SprightRed-POTE-SP-C-UE.png POTE-SP006  ( C ) " Spright Red " "Roja Spright" SprightCarrot-POTE-SP-C-UE.png POTE-SP007  ( C ) " Spright Carrot " "Zanahoria Spright" TherionEmpressAlasia-POTE-SP-SR-UE.png POTE-SP008  ( SR ) " Therion "Empress" Alasia " "Therion "Emperatriz" Alasia" TherionIrregular-POTE-SP-UR-UE.png POTE-SP009  ( UR ) " Therion Irregular " "Therion Irregular" IcejadeCreationAegirocassis-POTE-SP-C-UE.png POTE-SP010  ( C ) " Icejade Creation Aegirocassis " "Hielojade Creación Aegirocassis" AlbaztheAshen-POTE-SP-SR-UE.png POTE-SP011  ( SR ) " Albaz the Ashen " "Albaz de Cenizas" TearlamentsMerrli-POTE-SP-C-UE.png POTE-SP012  ( C ) " Tearlaments Merrli " "Tiagrimentos Merrli" TearlamentsHavnis-POTE-SP-C-UE.png POTE-SP013  ( C ) " Tearlaments Havnis " "Tiagrimentos Havnis" TearlamentsScheiren-POTE-SP-SR-UE.png POTE-SP014  ( SR ) " Tearlaments Scheiren " "Tiagrimentos Scheiren" TearlamentsReinoheart-POTE-SP-UR-UE.png POTE-SP015  ( UR ) " Tearlaments Reinoheart " "Tiagrimentos Reinoheart" VernusylphoftheFlourishingHills-POTE-SP-UR-UE.png POTE-SP016  ( UR ) " Vernusylph of the Flourishing Hills " VernusylphoftheAwakeningForests-POTE-SP-SR-UE.png POTE-SP017  ( SR ) " Vernusylph of the Awakening Forests " "Vernusilf de los Bosques Despertando" VernusylphoftheFloweringFields-POTE-SP-C-UE.png POTE-SP018  ( C ) " Vernusylph of the Flowering Fields " "Vernusilf de los Campos Floreciendo" VernusylphoftheThawingMountains-POTE-SP-C-UE.png POTE-SP019  ( C ) " Vernusylph of the Thawing Mountains " "Vernusilf de las Montañas Deshelando" GemKnightQuartz-POTE-SP-SR-UE.png POTE-SP020  ( SR ) " Gem-Knight Quartz " "Caballero-Gema Cuarzo" BrilliantRose-POTE-SP-C-UE.png POTE-SP021  ( C ) " Brilliant Rose " "Rosa Brillante" MelffyWally-POTE-SP-C-UE.png POTE-SP022  ( C ) " Melffy Wally " "Uali Melffy" MelffyPinny-POTE-SP-C-UE.png POTE-SP023  ( C ) " Melffy Pinny " "Pinny Melffy" ScaroftheVendread-POTE-SP-C-UE.png POTE-SP024  ( C ) " Scar of the Vendread " "Cicatriz del Vengamiedo" ExosisterMartha-POTE-SP-ScR-UE.png POTE-SP025  ( ScR ) " Exosister Martha " "Exormana Marta" GunkanSushipShariRed-POTE-SP-C-UE.png POTE-SP026  ( C ) " Gunkan Suship Shari Red " "Rojo Shari Susharco Gunkan" RikkaPrincess-POTE-SP-C-UE.png POTE-SP027  ( C ) " Rikka Princess " "Princesa Rikka" MathmechCircular-POTE-SP-SR-UE.png POTE-SP028  ( SR ) " Mathmech Circular " "Matemecha Circular" KrawlerSoma-POTE-SP-C-UE.png POTE-SP029  ( C ) " Krawler Soma " MokeyMokeyAdrift-POTE-SP-C-UE.png POTE-SP030  ( C ) " Mokey Mokey Adrift " "A la Deriva Mokey Mokey" KurikaraDivincarnate-POTE-SP-ScR-UE.png POTE-SP031  ( ScR ) " Kurikara Divincarnate " "Kurikara Divincarnación" AussatheEarthChanneler-POTE-SP-UR-UE.png POTE-SP032  ( UR ) " Aussa the Earth Channeler " "Aussa la Canalizadora de la Tierra" GrandtuskDragon-POTE-SP-SR-UE.png POTE-SP033  ( SR ) " Grandtusk Dragon " "Dragón Grancolmillo" EkatheFlameBuddy-POTE-SP-SR-UE.png POTE-SP034  ( SR ) " Eka the Flame Buddy " "Eka la Compañía de la Llama" PropaGandake-POTE-SP-C-UE.png POTE-SP035  ( C ) " Propa Gandake " "Propa Gandake" CartorhyntheHiddenGemoftheSeafront-POTE-SP-C-UE.png POTE-SP036  ( C ) " Cartorhyn the Hidden Gem of the Seafront " EmperorTanukisCritterCount-POTE-SP-SR-UE.png POTE-SP037  ( SR ) " Emperor Tanuki's Critter Count " "Contando Bichos del Emperador Tanuki" NightmelltheDarkBonder-POTE-SP-C-UE.png POTE-SP038  ( C ) " Nightmell the Dark Bonder " "Nightmell el Vinculador Oscuro" HydralanderOrbit-POTE-SP-C-UE.png POTE-SP039  ( C ) " Hydralander Orbit " "Hidrañés Órbita" VendreadScavenger-POTE-SP-SR-UE.png POTE-SP040  ( SR ) " Vendread Scavenger " "Chatarrero Vengamiedo" ElementalHEROShiningNeosWingman-POTE-SP-UR-UE.png POTE-SP041  ( UR ) " Elemental HERO Shining Neos Wingman " "HÉROE Elemental Neos Shining Wingman" TearlamentsKitkallos-POTE-SP-UR-UE.png POTE-SP042  ( UR ) " Tearlaments Kitkallos " "Tiagrimentos Kitkallos" TearlamentsKaleidoHeart-POTE-SP-ScR-UE.png POTE-SP043  ( ScR ) " Tearlaments Kaleido-Heart " "Tiagrimentos Caleido-Heart" GemKnightLadyRoseDiamond-POTE-SP-SR-UE.png POTE-SP044  ( SR ) " Gem-Knight Lady Rose Diamond " "Caballero-Gema Dama Diamante Rosa" MerryMelffys-POTE-SP-C-UE.png POTE-SP045  ( C ) " Merry Melffys " "Melffys Alegres" PUNKJAMDragonDrive-POTE-SP-SR-UE.png POTE-SP046  ( SR ) " P.U.N.K. JAM Dragon Drive " "P.U.N.K. JAM Impulso Dragón" GiganticSpright-POTE-SP-UR-UE.png POTE-SP047  ( UR ) " Gigantic Spright " "Spright Gigante" AshuraKing-POTE-SP-ScR-UE.png POTE-SP048  ( ScR ) " Ashura King " "Rey Ashura" SprightElf-POTE-SP-UR-UE.png POTE-SP049  ( UR ) " Spright Elf " "Elfa Spright" ScareclawLightHeart-POTE-SP-UR-UE.png POTE-SP050  ( UR ) " Scareclaw Light-Heart " "Terrogarra Luz-Heart" ENEngageNeoSpace-POTE-SP-SR-UE.png POTE-SP051  ( SR ) " EN - Engage Neo Space " "EN - Neo Espacio Contacto" InstantContact-POTE-SP-ScR-UE.png POTE-SP052  ( ScR ) " Instant Contact " "Contacto Instantáneo" ENWave-POTE-SP-SR-UE.png POTE-SP053  ( SR ) " EN Wave " "Onda EN" OverFusion-POTE-SP-C-UE.png POTE-SP054  ( C ) " Over Fusion " "Sobrefusión" SprightStarter-POTE-SP-UR-UE.png POTE-SP055  ( UR ) " Spright Starter " "Bujía Spright" SprightGammaBurst-POTE-SP-C-UE.png POTE-SP056  ( C ) " Spright Gamma Burst " "Estallido Gamma Spright" SprightSmashers-POTE-SP-C-UE.png POTE-SP057  ( C ) " Spright Smashers " "Machacadores Spright" BrandedinCentralDogmatika-POTE-SP-C-UE.png POTE-SP058  ( C ) " Branded in Central Dogmatika " "Señalado en Dogmátik Central" ScareclawStraddle-POTE-SP-SR-UE.png POTE-SP059  ( SR ) " Scareclaw Straddle " "Extensión Terrogarra" PrimevalPlanetPerlereino-POTE-SP-ScR-UE.png POTE-SP060  ( ScR ) " Primeval Planet Perlereino " "Planeta Primigenio Perlerreino" VernusylphCorolla-POTE-SP-SR-UE.png POTE-SP061  ( SR ) " Vernusylph Corolla " "Vernusilf Corola" ScatterFusion-POTE-SP-SR-UE.png POTE-SP062  ( SR ) " Scatter Fusion " "Fusión Dispersa" MelffyStaringContest-POTE-SP-SR-UE.png POTE-SP063  ( SR ) " Melffy Staring Contest " "Concurso de Miradas Melffy" RavenousVendread-POTE-SP-C-UE.png POTE-SP064  ( C ) " Ravenous Vendread " "Vengamiedo Voraz" PUNKJAMExtremeSession-POTE-SP-SR-UE.png POTE-SP065  ( SR ) " P.U.N.K. JAM Extreme Session " "P.U.N.K. JAM Sesión Extrema" RikkaKonkon-POTE-SP-SR-UE.png POTE-SP066  ( SR ) " Rikka Konkon " "Konkon Rikka" UltimateSlayer-POTE-SP-ScR-UE.png POTE-SP067  ( ScR ) " Ultimate Slayer " "Asesina Definitiva" DigitJamming-POTE-SP-C-UE.png POTE-SP068  ( C ) " Digit Jamming " "Interferencia de Dígitos" FavoriteContact-POTE-SP-UR-UE.png POTE-SP069  ( UR ) " Favorite Contact " "Contacto Favorito" BrandedExpulsion-POTE-SP-C-UE.png POTE-SP070  ( C ) " Branded Expulsion " "Expulsión Señalada" TearlamentsMetanoise-POTE-SP-C-UE.png POTE-SP071  ( C ) " Tearlaments Metanoise " "Metarruido Tiagrimentos" TearlamentsSulliek-POTE-SP-C-UE.png POTE-SP072  ( C ) " Tearlaments Sulliek " "Mancillido Tiagrimentos" TearlamentsCryme-POTE-SP-C-UE.png POTE-SP073  ( C ) " Tearlaments Cryme " "Crimanto Tiagrimentos" VernusylphandtheChangingSeason-POTE-SP-C-UE.png POTE-SP074  ( C ) " Vernusylph and the Changing Season " "Vernusilf y el Cambio de Estación" VernusylphandtheFlowerBuds-POTE-SP-C-UE.png POTE-SP075  ( C ) " Vernusylph and the Flower Buds " "Vernusilf y las Yemas de Flores" ExosisterReturnia-POTE-SP-SR-UE.png POTE-SP076  ( SR ) " Exosister Returnia " "Exormana Retornía" AmazeAttractionThrillTrain-POTE-SP-C-UE.png POTE-SP077  ( C ) " Amaze Attraction Thrill Train " "Sorprendente Atracción Tren Emoción" TerrorsoftheOverrroot-POTE-SP-C-UE.png POTE-SP078  ( C ) " Terrors of the Overrroot " "Terrores del Sobrerraíz" DracoUtopianAura-POTE-SP-ScR-UE.png POTE-SP079  ( ScR ) " Draco-Utopian Aura " "Draco Aura Utópica" DoubleDustTornadoTwins-POTE-SP-C-UE.png POTE-SP080  ( C ) " Double Dust Tornado Twins " "Gemelos Tornado de Polvo Doble" VanguardoftheUndergroundEmperor-POTE-SP-C-UE.png POTE-SP081  ( C ) " Vanguard of the Underground Emperor " "Vanguardia del Emperador del Subsuelo" GaruraWingsofResonantLife-POTE-SP-UR-UE.png POTE-SP082  ( UR ) " Garura, Wings of Resonant Life " PitknightEarlie-POTE-SP-C-UE.png POTE-SP083  ( C ) " Pitknight Earlie " MorayofAvarice-POTE-SP-UR-UE.png POTE-SP084  ( UR ) " Moray of Avarice " "Morena de la Avaricia" MimesisElephant-POTE-SP-C-UE.png POTE-SP085  ( C ) " Mimesis Elephant " PacesLightoftheGhoti-POTE-SP-UR-UE.png POTE-SP086  ( UR ) " Paces, Light of the Ghoti " ShifFairyoftheGhoti-POTE-SP-SR-UE.png POTE-SP087  ( SR ) " Shif, Fairy of the Ghoti " "Shif, Hada de los Ghoti" EanocSentryoftheGhoti-POTE-SP-C-UE.png POTE-SP088  ( C ) " Eanoc, Sentry of the Ghoti " "Eanoc, Centinela de los Ghoti" AskaantheBicornedGhoti-POTE-SP-C-UE.png POTE-SP089  ( C ) " Askaan, the Bicorned Ghoti " "Askaan, el Ghoti Bicornio" TheMostDistantDeepestDepths-POTE-SP-C-UE.png POTE-SP090  ( C ) " The Most Distant, Deepest Depths " "El Más Distante, Profundísima Profundidad" GhotiChain-POTE-SP-C-UE.png POTE-SP091  ( C ) " Ghoti Chain " "Cadena Ghoti" LorisLadyofLament-POTE-SP-SR-UE.png POTE-SP092  ( SR ) " Loris, Lady of Lament " "Loris, Dama del Lamento" MorphtronicTelefon-POTE-SP-C-UE.png POTE-SP093  ( C ) " Morphtronic Telefon " "Telefon Morfotrónico" GadgetGamer-POTE-SP-C-UE.png POTE-SP094  ( C ) " Gadget Gamer " "Jugador Artilugio" MorphtronicScannen-POTE-SP-C-UE.png POTE-SP095  ( C ) " Morphtronic Scannen " "Escannen Morfotrónico" MorphtronicEarfon-POTE-SP-C-UE.png POTE-SP096  ( C ) " Morphtronic Earfon " "Auriculón Morfotrónico" PowerToolBraverDragon-POTE-SP-SR-UE.png POTE-SP097  ( SR ) " Power Tool Braver Dragon " "Dragón Bravo Taladro" MorphtronicConverter-POTE-SP-C-UE.png POTE-SP098  ( C ) " Morphtronic Converter " "Convertidor Morfotrónico" LifeExtreme-POTE-SP-C-UE.png POTE-SP099  ( C ) " Life Extreme " "Extremo de Vida" DestinyHERODestroyerPhoenixEnforcer-POTE-SP-StR-UE.png POTE-SP100  ( StR ) " Destiny HERO - Destroyer Phoenix Enforcer " "HÉROE del Destino - Phoenix Enforcer Destructor" 
 Starlight Rare variants 
 ExosisterMartha-POTE-SP-StR-UE.png POTE-SP025  ( StR ) " Exosister Martha " "Exormana Marta" KurikaraDivincarnate-POTE-SP-StR-UE.png POTE-SP031  ( StR ) " Kurikara Divincarnate " "Kurikara Divincarnación" AussatheEarthChanneler-POTE-SP-StR-UE.png POTE-SP032  ( StR ) " Aussa the Earth Channeler " "Aussa la Canalizadora de la Tierra" UltimateSlayer-POTE-SP-StR-UE.png POTE-SP067  ( StR ) " Ultimate Slayer " "Asesina Definitiva" 
 
 
 
 
Categories: Spanish Set Card Galleries, Unlimited Edition Set Card Galleries