Link: https://yugioh.fandom.com/wiki/Set_Card_Galleries:Battle_Pack_2:_War_of_the_Giants_(TCG-PT-UE)


 
 TCG Galleries  -  OCG Galleries  -  DDM Galleries  -  Bandai Galleries 
 
 
 
 Boosters  -  Decks  -  Packs  -  Promotions 
 
 
 Battle Pack 2: War of the Giants Pacote de Batalha 2: Guerra dos Gigantes Portuguese - Unlimited Edition 
 
 
 
 LusterDragon-BP02-PT-C-UE.png BP02-PT001  ( C ) Luster Dragon Dragão do Brilho GeneWarpedWarwolf-BP02-PT-C-UE.png BP02-PT002  ( C ) Gene-Warped Warwolf Lobo de Guerra Geneticamente Alterado Frostosaurus-BP02-PT-R-UE.png BP02-PT003  ( R ) Frostosaurus Gelidossauro AlexandriteDragon-BP02-PT-C-UE.png BP02-PT004  ( C ) Alexandrite Dragon Dragão de Alexandrita MagicianofFaith-BP02-PT-R-UE.png BP02-PT005  ( R ) Magician of Faith Maga da Fé MahaVailo-BP02-PT-C-UE.png BP02-PT006  ( C ) Maha Vailo Maha Vailo CyberJar-BP02-PT-R-UE.png BP02-PT007  ( R ) Cyber Jar Jarro Cibernético GoblinAttackForce-BP02-PT-C-UE.png BP02-PT008  ( C ) Goblin Attack Force Força de Ataque dos Goblins TheFiendMegacyber-BP02-PT-R-UE.png BP02-PT009  ( R ) The Fiend Megacyber Demônio Megacyber RevivalJam-BP02-PT-C-UE.png BP02-PT010  ( C ) Revival Jam Geleia Renascida KycootheGhostDestroyer-BP02-PT-C-UE.png BP02-PT011  ( C ) Kycoo the Ghost Destroyer Kycoo o Destruidor de Fantasmas BazootheSoulEater-BP02-PT-C-UE.png BP02-PT012  ( C ) Bazoo the Soul-Eater Bazoo, o Comedor de Almas Gilasaurus-BP02-PT-C-UE.png BP02-PT013  ( C ) Gilasaurus Gilassauro ZombyratheDark-BP02-PT-C-UE.png BP02-PT014  ( C ) Zombyra the Dark Zombyra, o Negro SinisterSerpent-BP02-PT-C-UE.png BP02-PT015  ( C ) Sinister Serpent Serpente Sinistra AirknightParshath-BP02-PT-R-UE.png BP02-PT016  ( R ) Airknight Parshath Cavaleiro Celeste Parshath TwinHeadedBehemoth-BP02-PT-C-UE.png BP02-PT017  ( C ) Twin-Headed Behemoth Behemoth de Duas Cabeças InjectionFairyLily-BP02-PT-R-UE.png BP02-PT018  ( R ) Injection Fairy Lily Lily, a Fada Enfermeira HelpingRoboforCombat-BP02-PT-C-UE.png BP02-PT019  ( C ) Helping Robo for Combat Robô Ajudante de Combate LittleWinguard-BP02-PT-C-UE.png BP02-PT020  ( C ) Little-Winguard Pequeno-Winguarda DDWarriorLady-BP02-PT-R-UE.png BP02-PT021  ( R ) D.D. Warrior Lady D. D. Lady Guerreira Zolga-BP02-PT-C-UE.png BP02-PT022  ( C ) Zolga Zolga DarkMagicianofChaos-BP02-PT-R-UE.png BP02-PT023  ( R ) Dark Magician of Chaos Mago Negro do Caos HyperHammerhead-BP02-PT-C-UE.png BP02-PT024  ( C ) Hyper Hammerhead Hiper Cabeça de Martelo MatazatheZapper-BP02-PT-C-UE.png BP02-PT025  ( C ) Mataza the Zapper Mataza, o Surpreendente GuardianAngelJoan-BP02-PT-R-UE.png BP02-PT026  ( R ) Guardian Angel Joan Joan, o Anjo da Guarda SlateWarrior-BP02-PT-R-UE.png BP02-PT027  ( R ) Slate Warrior Guerreiro de Ardósia DDAssailant-BP02-PT-R-UE.png BP02-PT028  ( R ) D.D. Assailant D.D. Assaltante NinjaGrandmasterSasuke-BP02-PT-C-UE.png BP02-PT029  ( C ) Ninja Grandmaster Sasuke Mestre Ninja Sasuke PitchBlackWarwolf-BP02-PT-C-UE.png BP02-PT030  ( C ) Pitch-Black Warwolf Lobo de Guerra Negro como Azeviche MirageDragon-BP02-PT-C-UE.png BP02-PT031  ( C ) Mirage Dragon Dragão Miragem BigShieldGardna-BP02-PT-C-UE.png BP02-PT032  ( C ) Big Shield Gardna Grande Escudo Gardna ToonGeminiElf-BP02-PT-C-UE.png BP02-PT033  ( C ) Toon Gemini Elf Elfos Gêmeos Toon ChirontheMage-BP02-PT-C-UE.png BP02-PT034  ( C ) Chiron the Mage Chiron, o Mago AncientGearGolem-BP02-PT-R-UE.png BP02-PT035  ( R ) Ancient Gear Golem Golem do Mecanismo Antigo Gyroid-BP02-PT-C-UE.png BP02-PT036  ( C ) Gyroid Giroide Steamroid-BP02-PT-C-UE.png BP02-PT037  ( C ) Steamroid Vaporoide Drillroid-BP02-PT-C-UE.png BP02-PT038  ( C ) Drillroid Perfuroide CyberDragon-BP02-PT-C-UE.png BP02-PT039  ( C ) Cyber Dragon Dragão Cibernético GoblinEliteAttackForce-BP02-PT-C-UE.png BP02-PT040  ( C ) Goblin Elite Attack Force Força de Ataque de Elite Goblin ExarionUniverse-BP02-PT-C-UE.png BP02-PT041  ( C ) Exarion Universe Universo Exarion MythicalBeastCerberus-BP02-PT-C-UE.png BP02-PT042  ( C ) Mythical Beast Cerberus Besta Mítica Cérbero TreebornFrog-BP02-PT-C-UE.png BP02-PT043  ( C ) Treeborn Frog Sapo Arbóreo Submarineroid-BP02-PT-C-UE.png BP02-PT044  ( C ) Submarineroid Submariroide UltimateTyranno-BP02-PT-R-UE.png BP02-PT045  ( R ) Ultimate Tyranno Ultimate Tyranno SuperConductorTyranno-BP02-PT-R-UE.png BP02-PT046  ( R ) Super Conductor Tyranno Tyranno Supercondutor BrainCrusher-BP02-PT-R-UE.png BP02-PT047  ( R ) Brain Crusher Esmaga Cérebro CardTrooper-BP02-PT-C-UE.png BP02-PT048  ( C ) Card Trooper Soldado Card Blockman-BP02-PT-C-UE.png BP02-PT049  ( C ) Blockman Bloqueador SpellStriker-BP02-PT-C-UE.png BP02-PT050  ( C ) Spell Striker Golpeador Mágico WingedRhynos-BP02-PT-C-UE.png BP02-PT051  ( C ) Winged Rhynos Rinoceronte Alado NecroGardna-BP02-PT-C-UE.png BP02-PT052  ( C ) Necro Gardna Necro Gardna HeraldofCreation-BP02-PT-C-UE.png BP02-PT053  ( C ) Herald of Creation Arauto da Criação EvilHEROMaliciousEdge-BP02-PT-R-UE.png BP02-PT054  ( R ) Evil HERO Malicious Edge HERÓI Maligno Malicious Edge Truckroid-BP02-PT-R-UE.png BP02-PT055  ( R ) Truckroid Caminharoide AncientGearKnight-BP02-PT-C-UE.png BP02-PT056  ( C ) Ancient Gear Knight Cavaleiro do Mecanismo Antigo DragonIce-BP02-PT-C-UE.png BP02-PT057  ( C ) Dragon Ice Dragão-Gelo Copycat-BP02-PT-C-UE.png BP02-PT058  ( C ) Copycat Imitador CyberValley-BP02-PT-R-UE.png BP02-PT059  ( R ) Cyber Valley Cibervale DarklordZerato-BP02-PT-R-UE.png BP02-PT060  ( R ) Darklord Zerato Senhor Obscuro Zerato BelialMarquisofDarkness-BP02-PT-R-UE.png BP02-PT061  ( R ) Belial - Marquis of Darkness Belial - Marquês da Escuridão DoomcaliberKnight-BP02-PT-C-UE.png BP02-PT062  ( C ) Doomcaliber Knight Cavaleiro Calibre da Condenação ExodiustheUltimateForbiddenLord-BP02-PT-C-UE.png BP02-PT063  ( C ) Exodius the Ultimate Forbidden Lord Exodius, o Último Senhor Proibido DarkValkyria-BP02-PT-R-UE.png BP02-PT064  ( R ) Dark Valkyria Valquíria Negra PhantomDragon-BP02-PT-R-UE.png BP02-PT065  ( R ) Phantom Dragon Dragão Fantasma ShieldWarrior-BP02-PT-C-UE.png BP02-PT066  ( C ) Shield Warrior Guerreiro do Escudo DarkResonator-BP02-PT-C-UE.png BP02-PT067  ( C ) Dark Resonator Ressonador Negro Krebons-BP02-PT-R-UE.png BP02-PT068  ( R ) Krebons Krebons TheTricky-BP02-PT-C-UE.png BP02-PT069  ( C ) The Tricky O Enganador SplendidVenus-BP02-PT-R-UE.png BP02-PT070  ( R ) Splendid Venus Vênus Esplêndida PlaguespreaderZombie-BP02-PT-C-UE.png BP02-PT071  ( C ) Plaguespreader Zombie Zumbi Espalha-praga MachineLordÜr-BP02-PT-C-UE.png BP02-PT072  ( C ) Machine Lord Ür Senhor da Máquina Ür MosaicManticore-BP02-PT-R-UE.png BP02-PT073  ( R ) Mosaic Manticore Mantícora Mosaico BotanicalLion-BP02-PT-C-UE.png BP02-PT074  ( C ) Botanical Lion Leão Botânico BlizzardDragon-BP02-PT-C-UE.png BP02-PT075  ( C ) Blizzard Dragon Dragão da Nevasca DesMosquito-BP02-PT-C-UE.png BP02-PT076  ( C ) Des Mosquito Des Mosquito Dandylion-BP02-PT-C-UE.png BP02-PT077  ( C ) Dandylion Dente-de-leão FortressWarrior-BP02-PT-C-UE.png BP02-PT078  ( C ) Fortress Warrior Guerreiro da Fortaleza TwinSwordMarauder-BP02-PT-C-UE.png BP02-PT079  ( C ) Twin-Sword Marauder Saqueador das Espadas Gêmeas BeastKingBarbaros-BP02-PT-R-UE.png BP02-PT080  ( R ) Beast King Barbaros Rei das Bestas Bárbaros HedgeGuard-BP02-PT-C-UE.png BP02-PT081  ( C ) Hedge Guard Cerca Vigia CardGuard-BP02-PT-C-UE.png BP02-PT082  ( C ) Card Guard Vigia Card WhiteNightDragon-BP02-PT-R-UE.png BP02-PT083  ( R ) White Night Dragon Dragão da Noite Branca BeastMachineKingBarbarosÜr-BP02-PT-R-UE.png BP02-PT084  ( R ) Beast Machine King Barbaros Ür Bárbaros Ür, o Rei Besta Máquina EvocatorChevalier-BP02-PT-C-UE.png BP02-PT085  ( C ) Evocator Chevalier Chevalier Evocador BattleFader-BP02-PT-C-UE.png BP02-PT086  ( C ) Battle Fader Desvanecer da Batalha OracleoftheSun-BP02-PT-C-UE.png BP02-PT087  ( C ) Oracle of the Sun Oráculo do Sol SamuraioftheIceBarrier-BP02-PT-C-UE.png BP02-PT088  ( C ) Samurai of the Ice Barrier Samurai da Barreira de Gelo JurracTitano-BP02-PT-R-UE.png BP02-PT089  ( R ) Jurrac Titano Jurrac Titano DarklordDesire-BP02-PT-R-UE.png BP02-PT090  ( R ) Darklord Desire Senhor Obscuro Desejo PowerGiant-BP02-PT-C-UE.png BP02-PT091  ( C ) Power Giant Gigante Poderoso AnarchistMonkRanshin-BP02-PT-C-UE.png BP02-PT092  ( C ) Anarchist Monk Ranshin Monge Anarquista Ranshin ApeFighter-BP02-PT-C-UE.png BP02-PT093  ( C ) Ape Fighter Guerreiro Macaco TanngrisniroftheNordicBeasts-BP02-PT-C-UE.png BP02-PT094  ( C ) Tanngrisnir of the Nordic Beasts Tanngrisnir das Bestas Nórdicas ChaosHunter-BP02-PT-R-UE.png BP02-PT095  ( R ) Chaos Hunter Caçador do Caos AxeDragonute-BP02-PT-C-UE.png BP02-PT096  ( C ) Axe Dragonute Dragonute do Machado VylonSoldier-BP02-PT-C-UE.png BP02-PT097  ( C ) Vylon Soldier Soldado Vylon BlackwingZephyrostheElite-BP02-PT-C-UE.png BP02-PT098  ( C ) Blackwing - Zephyros the Elite Asanegra - Zéfiro, a Elite ZubabaKnight-BP02-PT-C-UE.png BP02-PT099  ( C ) Zubaba Knight Cavaleiro Zubaba GogogoGolem-BP02-PT-C-UE.png BP02-PT100  ( C ) Gogogo Golem Golem Gogogo NeedleSunfish-BP02-PT-C-UE.png BP02-PT101  ( C ) Needle Sunfish Rolim de Agulhas Shocktopus-BP02-PT-C-UE.png BP02-PT102  ( C ) Shocktopus Choquetopus PhotonThrasher-BP02-PT-C-UE.png BP02-PT103  ( C ) Photon Thrasher Agressor de Fóton InterplanetarypurplythornyDragon-BP02-PT-C-UE.png BP02-PT104  ( C ) Interplanetarypurplythorny Dragon Dragão Interplanetariopurpuraespinhoso TourBusFromtheUnderworld-BP02-PT-C-UE.png BP02-PT105  ( C ) Tour Bus From the Underworld Ônibus de Excursão do Submundo VylonTetra-BP02-PT-C-UE.png BP02-PT106  ( C ) Vylon Tetra Tetra Vylon VylonStella-BP02-PT-C-UE.png BP02-PT107  ( C ) Vylon Stella VylonPrism-BP02-PT-C-UE.png BP02-PT108  ( C ) Vylon Prism Prisma Vylon PhotonWyvern-BP02-PT-R-UE.png BP02-PT109  ( R ) Photon Wyvern Wivern de Fóton TasukeKnight-BP02-PT-C-UE.png BP02-PT110  ( C ) Tasuke Knight Cavaleiro Tasuke GagagaGardna-BP02-PT-C-UE.png BP02-PT111  ( C ) Gagaga Gardna Gardna Gagaga CardcarD-BP02-PT-R-UE.png BP02-PT112  ( R ) Cardcar D Autocard D FlameTiger-BP02-PT-C-UE.png BP02-PT113  ( C ) Flame Tiger Tigre das Chamas TardyOrc-BP02-PT-C-UE.png BP02-PT114  ( C ) Tardy Orc Orc Tardio BullBlader-BP02-PT-R-UE.png BP02-PT115  ( R ) Bull Blader Touro Laminador SolarWindJammer-BP02-PT-C-UE.png BP02-PT116  ( C ) Solar Wind Jammer Disruptor do Vento Solar MermailAbyssmegalo-BP02-PT-R-UE.png BP02-PT117  ( R ) Mermail Abyssmegalo Sirena Abismegalo DododoBot-BP02-PT-C-UE.png BP02-PT118  ( C ) Dododo Bot Robô Dododo BaconSaver-BP02-PT-C-UE.png BP02-PT119  ( C ) Bacon Saver Salvador do Bacon Amarylease-BP02-PT-C-UE.png BP02-PT120  ( C ) Amarylease Tributo de Amarilis HyperAncientSharkMegalodon-BP02-PT-R-UE.png BP02-PT121  ( R ) Hyper-Ancient Shark Megalodon Tubarão Megalodon Hiper-Ancião PyrotechMechShiryu-BP02-PT-R-UE.png BP02-PT122  ( R ) Pyrotech Mech - Shiryu Mecha Pirotech - Shiryu AyeIron-BP02-PT-C-UE.png BP02-PT123  ( C ) Aye-Iron Aie-ferro MechaPhantomBeastHamstrat-BP02-PT-C-UE.png BP02-PT124  ( C ) Mecha Phantom Beast Hamstrat Besta Fantasma Mecha Hamstrat MonsterReborn-BP02-PT-R-UE.png BP02-PT128  ( R ) Monster Reborn Reviver Monstro PotofGreed-BP02-PT-R-UE.png BP02-PT129  ( R ) Pot of Greed Pote da Ganância ShieldSword-BP02-PT-C-UE.png BP02-PT130  ( C ) Shield & Sword Escudo & Espada AxeofDespair-BP02-PT-C-UE.png BP02-PT131  ( C ) Axe of Despair Machado do Desespero MalevolentNuzzler-BP02-PT-C-UE.png BP02-PT132  ( C ) Malevolent Nuzzler Nuzzler Maléfico RushRecklessly-BP02-PT-C-UE.png BP02-PT133  ( C ) Rush Recklessly Impulso Precipitado HornoftheUnicorn-BP02-PT-C-UE.png BP02-PT134  ( C ) Horn of the Unicorn Chifre do Unicórnio PrematureBurial-BP02-PT-R-UE.png BP02-PT135  ( R ) Premature Burial Enterro Precoce Scapegoat-BP02-PT-C-UE.png BP02-PT136  ( C ) Scapegoat Bode Expiatório GracefulCharity-BP02-PT-R-UE.png BP02-PT137  ( R ) Graceful Charity Caridade Graciosa BookofMoon-BP02-PT-C-UE.png BP02-PT138  ( C ) Book of Moon Livro da Lua Reasoning-BP02-PT-C-UE.png BP02-PT139  ( C ) Reasoning Raciocínio AutonomousActionUnit-BP02-PT-C-UE.png BP02-PT140  ( C ) Autonomous Action Unit Unidade de Ação Autônoma BigBangShot-BP02-PT-C-UE.png BP02-PT141  ( C ) Big Bang Shot Explosão do Big Bang Riryoku-BP02-PT-C-UE.png BP02-PT142  ( C ) Riryoku Riryoku GravityAxeGrarl-BP02-PT-C-UE.png BP02-PT143  ( C ) Gravity Axe - Grarl Machado Gravitacional - Grarl EnemyController-BP02-PT-C-UE.png BP02-PT144  ( C ) Enemy Controller Controlador de Inimigos Earthquake-BP02-PT-C-UE.png BP02-PT145  ( C ) Earthquake Tremor de Terra Shrink-BP02-PT-C-UE.png BP02-PT146  ( C ) Shrink Encolher SwordsofConcealingLight-BP02-PT-C-UE.png BP02-PT147  ( C ) Swords of Concealing Light Espadas da Luz Oculta NightmaresSteelcage-BP02-PT-C-UE.png BP02-PT148  ( C ) Nightmare's Steelcage Jaula de Metal do Pesadelo MausoleumoftheEmperor-BP02-PT-C-UE.png BP02-PT149  ( C ) Mausoleum of the Emperor Mausoléu do Imperador CardTrader-BP02-PT-R-UE.png BP02-PT150  ( R ) Card Trader Mercador de Cards FiendsSanctuary-BP02-PT-C-UE.png BP02-PT151  ( C ) Fiend's Sanctuary Santuário do Demônio UnionAttack-BP02-PT-C-UE.png BP02-PT152  ( C ) Union Attack Ataque Unido FightingSpirit-BP02-PT-C-UE.png BP02-PT153  ( C ) Fighting Spirit Espírito Lutador StarBlast-BP02-PT-C-UE.png BP02-PT154  ( C ) Star Blast Explosão da Estrela ForbiddenChalice-BP02-PT-C-UE.png BP02-PT155  ( C ) Forbidden Chalice Cálice Proibido ReptilianneRage-BP02-PT-C-UE.png BP02-PT156  ( C ) Reptilianne Rage Fúria Reptiliana RocketPilder-BP02-PT-C-UE.png BP02-PT157  ( C ) Rocket Pilder Foguete Pilder HalfShut-BP02-PT-C-UE.png BP02-PT158  ( C ) Half Shut Meio Fechado CursedArmaments-BP02-PT-C-UE.png BP02-PT159  ( C ) Cursed Armaments Armamentos Amaldiçoados PotofDuality-BP02-PT-R-UE.png BP02-PT160  ( R ) Pot of Duality Pote da Dualidade AxeofFools-BP02-PT-C-UE.png BP02-PT161  ( C ) Axe of Fools Machado dos Tolos ForbiddenLance-BP02-PT-C-UE.png BP02-PT162  ( C ) Forbidden Lance Lança Proibida BlusteringWinds-BP02-PT-C-UE.png BP02-PT163  ( C ) Blustering Winds Ventos Turbulentos EgoBoost-BP02-PT-C-UE.png BP02-PT164  ( C ) Ego Boost Intensificador de Ego ShardofGreed-BP02-PT-R-UE.png BP02-PT165  ( R ) Shard of Greed Fragmento de Ganância FullForceStrike-BP02-PT-R-UE.png BP02-PT166  ( R ) Full-Force Strike PhotonSanctuary-BP02-PT-C-UE.png BP02-PT167  ( C ) Photon Sanctuary Santuário de Fóton ForbiddenDress-BP02-PT-C-UE.png BP02-PT168  ( C ) Forbidden Dress Vestido Proibido ReverseTrap-BP02-PT-C-UE.png BP02-PT169  ( C ) Reverse Trap Armadilha de Inversão Waboku-BP02-PT-C-UE.png BP02-PT170  ( C ) Waboku Waboku CalloftheHaunted-BP02-PT-R-UE.png BP02-PT171  ( R ) Call of the Haunted Chamado dos Assombrados MirrorWall-BP02-PT-C-UE.png BP02-PT172  ( C ) Mirror Wall Parede Espelhada Metalmorph-BP02-PT-C-UE.png BP02-PT173  ( C ) Metalmorph Metalmorfo MaskofWeakness-BP02-PT-C-UE.png BP02-PT174  ( C ) Mask of Weakness Máscara da Fraqueza RecklessGreed-BP02-PT-R-UE.png BP02-PT175  ( R ) Reckless Greed Ganância Descuidada RopeofLife-BP02-PT-C-UE.png BP02-PT176  ( C ) Rope of Life Corda da Vida WindstormofEtaqua-BP02-PT-C-UE.png BP02-PT177  ( C ) Windstorm of Etaqua Tufão de Etaqua ZeroGravity-BP02-PT-C-UE.png BP02-PT178  ( C ) Zero Gravity Gravidade Zero AHeroEmerges-BP02-PT-C-UE.png BP02-PT179  ( C ) A Hero Emerges Um Herói Aparece EmbodimentofApophis-BP02-PT-C-UE.png BP02-PT180  ( C ) Embodiment of Apophis Encarnação de Apophis DrainingShield-BP02-PT-C-UE.png BP02-PT181  ( C ) Draining Shield Escudo Drenador CurseofAnubis-BP02-PT-C-UE.png BP02-PT182  ( C ) Curse of Anubis Maldição de Anúbis LabyrinthofNightmare-BP02-PT-C-UE.png BP02-PT183  ( C ) Labyrinth of Nightmare Labirinto do Pesadelo ThreateningRoar-BP02-PT-C-UE.png BP02-PT184  ( C ) Threatening Roar Rugido Ameaçador RisingEnergy-BP02-PT-C-UE.png BP02-PT185  ( C ) Rising Energy Aumento de Energia MagicalArmShield-BP02-PT-C-UE.png BP02-PT186  ( C ) Magical Arm Shield Escudo Mágico de Braço ShatteredAxe-BP02-PT-C-UE.png BP02-PT187  ( C ) Shattered Axe Machado Despedaçado StrongholdtheMovingFortress-BP02-PT-C-UE.png BP02-PT188  ( C ) Stronghold the Moving Fortress Bastião, a Fortaleza Móvel StrikeSlash-BP02-PT-C-UE.png BP02-PT189  ( C ) Strike Slash Golpe em Corte NoEntry-BP02-PT-C-UE.png BP02-PT190  ( C ) No Entry!! Não Entre! Cloning-BP02-PT-C-UE.png BP02-PT191  ( C ) Cloning Clonagem SinisterSeeds-BP02-PT-C-UE.png BP02-PT192  ( C ) Sinister Seeds Sementes Sinistras MetalReflectSlime-BP02-PT-C-UE.png BP02-PT193  ( C ) Metal Reflect Slime Limo Reflete Metal ZomatheSpirit-BP02-PT-C-UE.png BP02-PT194  ( C ) Zoma the Spirit Zoma, o Espírito Miniaturize-BP02-PT-C-UE.png BP02-PT195  ( C ) Miniaturize Miniaturizar Spacegate-BP02-PT-C-UE.png BP02-PT196  ( C ) Spacegate Portão Espacial Overworked-BP02-PT-C-UE.png BP02-PT197  ( C ) Overworked Excesso de Trabalho KunaiwithChain-BP02-PT-C-UE.png BP02-PT198  ( C ) Kunai with Chain Kunai com Corrente PridefulRoar-BP02-PT-C-UE.png BP02-PT199  ( C ) Prideful Roar Rugido Orgulhoso TimeMachine-BP02-PT-C-UE.png BP02-PT200  ( C ) Time Machine Máquina do Tempo HalforNothing-BP02-PT-C-UE.png BP02-PT201  ( C ) Half or Nothing Metade ou Nada MiracleLocus-BP02-PT-C-UE.png BP02-PT202  ( C ) Miracle Locus Lócus Milagroso SkillSuccessor-BP02-PT-C-UE.png BP02-PT203  ( C ) Skill Successor Sucessor em Habilidade PowerFrame-BP02-PT-C-UE.png BP02-PT204  ( C ) Power Frame Chama Poderosa DamageGate-BP02-PT-C-UE.png BP02-PT205  ( C ) Damage Gate Avariar Portal MiraclesWake-BP02-PT-C-UE.png BP02-PT206  ( C ) Miracle's Wake Despertar do Milagre HalfCounter-BP02-PT-C-UE.png BP02-PT207  ( C ) Half Counter Meio Contra-ataque TheGoldenApples-BP02-PT-R-UE.png BP02-PT208  ( R ) The Golden Apples As Maçãs Douradas TikiCurse-BP02-PT-C-UE.png BP02-PT209  ( C ) Tiki Curse Maldição Tiki TikiSoul-BP02-PT-C-UE.png BP02-PT210  ( C ) Tiki Soul Alma Tiki ImpenetrableAttack-BP02-PT-C-UE.png BP02-PT211  ( C ) Impenetrable Attack Ataque Impenetrável MemoryofanAdversary-BP02-PT-R-UE.png BP02-PT212  ( R ) Memory of an Adversary Memória de um Adversário DimensionGate-BP02-PT-C-UE.png BP02-PT213  ( C ) Dimension Gate Portão Dimensional SpikeshieldwithChain-BP02-PT-R-UE.png BP02-PT214  ( R ) Spikeshield with Chain Escudo com Corrente e Cravos BreakthroughSkill-BP02-PT-C-UE.png BP02-PT215  ( C ) Breakthrough Skill Avanço Habilidoso 
 
 
 Mosaic Rares
 
 
 
 LusterDragon-BP02-PT-MSR-UE.png BP02-PT001  ( MSR ) Luster Dragon Dragão do Brilho GeneWarpedWarwolf-BP02-PT-MSR-UE.png BP02-PT002  ( MSR ) Gene-Warped Warwolf Lobo de Guerra Geneticamente Alterado Frostosaurus-BP02-PT-MSR-UE.png BP02-PT003  ( MSR ) Frostosaurus Gelidossauro AlexandriteDragon-BP02-PT-MSR-UE.png BP02-PT004  ( MSR ) Alexandrite Dragon Dragão de Alexandrita MagicianofFaith-BP02-PT-MSR-UE.png BP02-PT005  ( MSR ) Magician of Faith Maga da Fé MahaVailo-BP02-PT-MSR-UE.png BP02-PT006  ( MSR ) Maha Vailo Maha Vailo CyberJar-BP02-PT-MSR-UE.png BP02-PT007  ( MSR ) Cyber Jar Jarro Cibernético GoblinAttackForce-BP02-PT-MSR-UE.png BP02-PT008  ( MSR ) Goblin Attack Force Força de Ataque dos Goblins TheFiendMegacyber-BP02-PT-MSR-UE.png BP02-PT009  ( MSR ) The Fiend Megacyber Demônio Megacyber RevivalJam-BP02-PT-MSR-UE.png BP02-PT010  ( MSR ) Revival Jam Geleia Renascida KycootheGhostDestroyer-BP02-PT-MSR-UE.png BP02-PT011  ( MSR ) Kycoo the Ghost Destroyer Kycoo o Destruidor de Fantasmas BazootheSoulEater-BP02-PT-MSR-UE.png BP02-PT012  ( MSR ) Bazoo the Soul-Eater Bazoo, o Comedor de Almas Gilasaurus-BP02-PT-MSR-UE.png BP02-PT013  ( MSR ) Gilasaurus Gilassauro ZombyratheDark-BP02-PT-MSR-UE.png BP02-PT014  ( MSR ) Zombyra the Dark Zombyra, o Negro SinisterSerpent-BP02-PT-MSR-UE.png BP02-PT015  ( MSR ) Sinister Serpent Serpente Sinistra AirknightParshath-BP02-PT-MSR-UE.png BP02-PT016  ( MSR ) Airknight Parshath Cavaleiro Celeste Parshath TwinHeadedBehemoth-BP02-PT-MSR-UE.png BP02-PT017  ( MSR ) Twin-Headed Behemoth Behemoth de Duas Cabeças InjectionFairyLily-BP02-PT-MSR-UE.png BP02-PT018  ( MSR ) Injection Fairy Lily Lily, a Fada Enfermeira HelpingRoboforCombat-BP02-PT-MSR-UE.png BP02-PT019  ( MSR ) Helping Robo for Combat Robô Ajudante de Combate LittleWinguard-BP02-PT-MSR-UE.png BP02-PT020  ( MSR ) Little-Winguard Pequeno-Winguarda DDWarriorLady-BP02-PT-MSR-UE.png BP02-PT021  ( MSR ) D.D. Warrior Lady D. D. Lady Guerreira Zolga-BP02-PT-MSR-UE.png BP02-PT022  ( MSR ) Zolga Zolga DarkMagicianofChaos-BP02-PT-MSR-UE.png BP02-PT023  ( MSR ) Dark Magician of Chaos Mago Negro do Caos HyperHammerhead-BP02-PT-MSR-UE.png BP02-PT024  ( MSR ) Hyper Hammerhead Hiper Cabeça de Martelo MatazatheZapper-BP02-PT-MSR-UE.png BP02-PT025  ( MSR ) Mataza the Zapper Mataza, o Surpreendente GuardianAngelJoan-BP02-PT-MSR-UE.png BP02-PT026  ( MSR ) Guardian Angel Joan Joan, o Anjo da Guarda SlateWarrior-BP02-PT-MSR-UE.png BP02-PT027  ( MSR ) Slate Warrior Guerreiro de Ardósia DDAssailant-BP02-PT-MSR-UE.png BP02-PT028  ( MSR ) D.D. Assailant D.D. Assaltante NinjaGrandmasterSasuke-BP02-PT-MSR-UE.png BP02-PT029  ( MSR ) Ninja Grandmaster Sasuke Mestre Ninja Sasuke PitchBlackWarwolf-BP02-PT-MSR-UE.png BP02-PT030  ( MSR ) Pitch-Black Warwolf Lobo de Guerra Negro como Azeviche MirageDragon-BP02-PT-MSR-UE.png BP02-PT031  ( MSR ) Mirage Dragon Dragão Miragem BigShieldGardna-BP02-PT-MSR-UE.png BP02-PT032  ( MSR ) Big Shield Gardna Grande Escudo Gardna ToonGeminiElf-BP02-PT-MSR-UE.png BP02-PT033  ( MSR ) Toon Gemini Elf Elfos Gêmeos Toon ChirontheMage-BP02-PT-MSR-UE.png BP02-PT034  ( MSR ) Chiron the Mage Chiron, o Mago AncientGearGolem-BP02-PT-MSR-UE.png BP02-PT035  ( MSR ) Ancient Gear Golem Golem do Mecanismo Antigo Gyroid-BP02-PT-MSR-UE.png BP02-PT036  ( MSR ) Gyroid Giroide Steamroid-BP02-PT-MSR-UE.png BP02-PT037  ( MSR ) Steamroid Vaporoide Drillroid-BP02-PT-MSR-UE.png BP02-PT038  ( MSR ) Drillroid Perfuroide CyberDragon-BP02-PT-MSR-UE.png BP02-PT039  ( MSR ) Cyber Dragon Dragão Cibernético GoblinEliteAttackForce-BP02-PT-MSR-UE.png BP02-PT040  ( MSR ) Goblin Elite Attack Force Força de Ataque de Elite Goblin ExarionUniverse-BP02-PT-MSR-UE.png BP02-PT041  ( MSR ) Exarion Universe Universo Exarion MythicalBeastCerberus-BP02-PT-MSR-UE.png BP02-PT042  ( MSR ) Mythical Beast Cerberus Besta Mítica Cérbero TreebornFrog-BP02-PT-MSR-UE.png BP02-PT043  ( MSR ) Treeborn Frog Sapo Arbóreo Submarineroid-BP02-PT-MSR-UE.png BP02-PT044  ( MSR ) Submarineroid Submariroide UltimateTyranno-BP02-PT-MSR-UE.png BP02-PT045  ( MSR ) Ultimate Tyranno Ultimate Tyranno SuperConductorTyranno-BP02-PT-MSR-UE.png BP02-PT046  ( MSR ) Super Conductor Tyranno Tyranno Supercondutor BrainCrusher-BP02-PT-MSR-UE.png BP02-PT047  ( MSR ) Brain Crusher Esmaga Cérebro CardTrooper-BP02-PT-MSR-UE.png BP02-PT048  ( MSR ) Card Trooper Soldado Card Blockman-BP02-PT-MSR-UE.png BP02-PT049  ( MSR ) Blockman Bloqueador SpellStriker-BP02-PT-MSR-UE.png BP02-PT050  ( MSR ) Spell Striker Golpeador Mágico WingedRhynos-BP02-PT-MSR-UE.png BP02-PT051  ( MSR ) Winged Rhynos Rinoceronte Alado NecroGardna-BP02-PT-MSR-UE.png BP02-PT052  ( MSR ) Necro Gardna Necro Gardna HeraldofCreation-BP02-PT-MSR-UE.png BP02-PT053  ( MSR ) Herald of Creation Arauto da Criação EvilHEROMaliciousEdge-BP02-PT-MSR-UE.png BP02-PT054  ( MSR ) Evil HERO Malicious Edge HERÓI Maligno Malicious Edge Truckroid-BP02-PT-MSR-UE.png BP02-PT055  ( MSR ) Truckroid Caminharoide AncientGearKnight-BP02-PT-MSR-UE.png BP02-PT056  ( MSR ) Ancient Gear Knight Cavaleiro do Mecanismo Antigo DragonIce-BP02-PT-MSR-UE.png BP02-PT057  ( MSR ) Dragon Ice Dragão-Gelo Copycat-BP02-PT-MSR-UE.png BP02-PT058  ( MSR ) Copycat Imitador CyberValley-BP02-PT-MSR-UE.png BP02-PT059  ( MSR ) Cyber Valley Cibervale DarklordZerato-BP02-PT-MSR-UE.png BP02-PT060  ( MSR ) Darklord Zerato Senhor Obscuro Zerato BelialMarquisofDarkness-BP02-PT-MSR-UE.png BP02-PT061  ( MSR ) Belial - Marquis of Darkness Belial - Marquês da Escuridão DoomcaliberKnight-BP02-PT-MSR-UE.png BP02-PT062  ( MSR ) Doomcaliber Knight Cavaleiro Calibre da Condenação ExodiustheUltimateForbiddenLord-BP02-PT-MSR-UE.png BP02-PT063  ( MSR ) Exodius the Ultimate Forbidden Lord Exodius, o Último Senhor Proibido DarkValkyria-BP02-PT-MSR-UE.png BP02-PT064  ( MSR ) Dark Valkyria Valquíria Negra PhantomDragon-BP02-PT-MSR-UE.png BP02-PT065  ( MSR ) Phantom Dragon Dragão Fantasma ShieldWarrior-BP02-PT-MSR-UE.png BP02-PT066  ( MSR ) Shield Warrior Guerreiro do Escudo DarkResonator-BP02-PT-MSR-UE.png BP02-PT067  ( MSR ) Dark Resonator Ressonador Negro Krebons-BP02-PT-MSR-UE.png BP02-PT068  ( MSR ) Krebons Krebons TheTricky-BP02-PT-MSR-UE.png BP02-PT069  ( MSR ) The Tricky O Enganador SplendidVenus-BP02-PT-MSR-UE.png BP02-PT070  ( MSR ) Splendid Venus Vênus Esplêndida PlaguespreaderZombie-BP02-PT-MSR-UE.png BP02-PT071  ( MSR ) Plaguespreader Zombie Zumbi Espalha-praga MachineLordÜr-BP02-PT-MSR-UE.png BP02-PT072  ( MSR ) Machine Lord Ür Senhor da Máquina Ür MosaicManticore-BP02-PT-MSR-UE.png BP02-PT073  ( MSR ) Mosaic Manticore Mantícora Mosaico BotanicalLion-BP02-PT-MSR-UE.png BP02-PT074  ( MSR ) Botanical Lion Leão Botânico BlizzardDragon-BP02-PT-MSR-UE.png BP02-PT075  ( MSR ) Blizzard Dragon Dragão da Nevasca DesMosquito-BP02-PT-MSR-UE.png BP02-PT076  ( MSR ) Des Mosquito Des Mosquito Dandylion-BP02-PT-MSR-UE.png BP02-PT077  ( MSR ) Dandylion Dente-de-leão FortressWarrior-BP02-PT-MSR-UE.png BP02-PT078  ( MSR ) Fortress Warrior Guerreiro da Fortaleza TwinSwordMarauder-BP02-PT-MSR-UE.png BP02-PT079  ( MSR ) Twin-Sword Marauder Saqueador das Espadas Gêmeas BeastKingBarbaros-BP02-PT-MSR-UE.png BP02-PT080  ( MSR ) Beast King Barbaros Rei das Bestas Bárbaros HedgeGuard-BP02-PT-MSR-UE.png BP02-PT081  ( MSR ) Hedge Guard Cerca Vigia CardGuard-BP02-PT-MSR-UE.png BP02-PT082  ( MSR ) Card Guard Vigia Card WhiteNightDragon-BP02-PT-MSR-UE.png BP02-PT083  ( MSR ) White Night Dragon Dragão da Noite Branca BeastMachineKingBarbarosÜr-BP02-PT-MSR-UE.png BP02-PT084  ( MSR ) Beast Machine King Barbaros Ür Bárbaros Ür, o Rei Besta Máquina EvocatorChevalier-BP02-PT-MSR-UE.png BP02-PT085  ( MSR ) Evocator Chevalier Chevalier Evocador BattleFader-BP02-PT-MSR-UE.png BP02-PT086  ( MSR ) Battle Fader Desvanecer da Batalha OracleoftheSun-BP02-PT-MSR-UE.png BP02-PT087  ( MSR ) Oracle of the Sun Oráculo do Sol SamuraioftheIceBarrier-BP02-PT-MSR-UE.png BP02-PT088  ( MSR ) Samurai of the Ice Barrier Samurai da Barreira de Gelo JurracTitano-BP02-PT-MSR-UE.png BP02-PT089  ( MSR ) Jurrac Titano Jurrac Titano DarklordDesire-BP02-PT-MSR-UE.png BP02-PT090  ( MSR ) Darklord Desire Senhor Obscuro Desejo PowerGiant-BP02-PT-MSR-UE.png BP02-PT091  ( MSR ) Power Giant Gigante Poderoso AnarchistMonkRanshin-BP02-PT-MSR-UE.png BP02-PT092  ( MSR ) Anarchist Monk Ranshin Monge Anarquista Ranshin ApeFighter-BP02-PT-MSR-UE.png BP02-PT093  ( MSR ) Ape Fighter Guerreiro Macaco TanngrisniroftheNordicBeasts-BP02-PT-MSR-UE.png BP02-PT094  ( MSR ) Tanngrisnir of the Nordic Beasts Tanngrisnir das Bestas Nórdicas ChaosHunter-BP02-PT-MSR-UE.png BP02-PT095  ( MSR ) Chaos Hunter Caçador do Caos AxeDragonute-BP02-PT-MSR-UE.png BP02-PT096  ( MSR ) Axe Dragonute Dragonute do Machado VylonSoldier-BP02-PT-MSR-UE.png BP02-PT097  ( MSR ) Vylon Soldier Soldado Vylon BlackwingZephyrostheElite-BP02-PT-MSR-UE.png BP02-PT098  ( MSR ) Blackwing - Zephyros the Elite Asanegra - Zéfiro, a Elite ZubabaKnight-BP02-PT-MSR-UE.png BP02-PT099  ( MSR ) Zubaba Knight Cavaleiro Zubaba GogogoGolem-BP02-PT-MSR-UE.png BP02-PT100  ( MSR ) Gogogo Golem Golem Gogogo NeedleSunfish-BP02-PT-MSR-UE.png BP02-PT101  ( MSR ) Needle Sunfish Rolim de Agulhas Shocktopus-BP02-PT-MSR-UE.png BP02-PT102  ( MSR ) Shocktopus Choquetopus PhotonThrasher-BP02-PT-MSR-UE.png BP02-PT103  ( MSR ) Photon Thrasher Agressor de Fóton InterplanetarypurplythornyDragon-BP02-PT-MSR-UE.png BP02-PT104  ( MSR ) Interplanetarypurplythorny Dragon Dragão Interplanetariopurpuraespinhoso TourBusFromtheUnderworld-BP02-PT-MSR-UE.png BP02-PT105  ( MSR ) Tour Bus From the Underworld Ônibus de Excursão do Submundo VylonTetra-BP02-PT-MSR-UE.png BP02-PT106  ( MSR ) Vylon Tetra Tetra Vylon VylonStella-BP02-PT-MSR-UE.png BP02-PT107  ( MSR ) Vylon Stella VylonPrism-BP02-PT-MSR-UE.png BP02-PT108  ( MSR ) Vylon Prism Prisma Vylon PhotonWyvern-BP02-PT-MSR-UE.png BP02-PT109  ( MSR ) Photon Wyvern Wivern de Fóton TasukeKnight-BP02-PT-MSR-UE.png BP02-PT110  ( MSR ) Tasuke Knight Cavaleiro Tasuke GagagaGardna-BP02-PT-MSR-UE.png BP02-PT111  ( MSR ) Gagaga Gardna Gardna Gagaga CardcarD-BP02-PT-MSR-UE.png BP02-PT112  ( MSR ) Cardcar D Autocard D FlameTiger-BP02-PT-MSR-UE.png BP02-PT113  ( MSR ) Flame Tiger Tigre das Chamas TardyOrc-BP02-PT-MSR-UE.png BP02-PT114  ( MSR ) Tardy Orc Orc Tardio BullBlader-BP02-PT-MSR-UE.png BP02-PT115  ( MSR ) Bull Blader Touro Laminador SolarWindJammer-BP02-PT-MSR-UE.png BP02-PT116  ( MSR ) Solar Wind Jammer Disruptor do Vento Solar MermailAbyssmegalo-BP02-PT-MSR-UE.png BP02-PT117  ( MSR ) Mermail Abyssmegalo Sirena Abismegalo DododoBot-BP02-PT-MSR-UE.png BP02-PT118  ( MSR ) Dododo Bot Robô Dododo BaconSaver-BP02-PT-MSR-UE.png BP02-PT119  ( MSR ) Bacon Saver Salvador do Bacon Amarylease-BP02-PT-MSR-UE.png BP02-PT120  ( MSR ) Amarylease Tributo de Amarilis HyperAncientSharkMegalodon-BP02-PT-MSR-UE.png BP02-PT121  ( MSR ) Hyper-Ancient Shark Megalodon Tubarão Megalodon Hiper-Ancião PyrotechMechShiryu-BP02-PT-MSR-UE.png BP02-PT122  ( MSR ) Pyrotech Mech - Shiryu Mecha Pirotech - Shiryu AyeIron-BP02-PT-MSR-UE.png BP02-PT123  ( MSR ) Aye-Iron Aie-ferro MechaPhantomBeastHamstrat-BP02-PT-MSR-UE.png BP02-PT124  ( MSR ) Mecha Phantom Beast Hamstrat Besta Fantasma Mecha Hamstrat ObelisktheTormentor-BP02-PT-MSR-UE.png BP02-PT125  ( MSR ) Obelisk the Tormentor Obelisco, o Atormentador TheWingedDragonofRa-BP02-PT-MSR-UE.png BP02-PT126  ( MSR ) The Winged Dragon of Ra O Dragão Alado de Rá SlifertheSkyDragon-BP02-PT-MSR-UE.png BP02-PT127  ( MSR ) Slifer the Sky Dragon Slifer, o Dragão Celeste MonsterReborn-BP02-PT-MSR-UE.png BP02-PT128  ( MSR ) Monster Reborn Reviver Monstro PotofGreed-BP02-PT-MSR-UE.png BP02-PT129  ( MSR ) Pot of Greed Pote da Ganância ShieldSword-BP02-PT-MSR-UE.png BP02-PT130  ( MSR ) Shield & Sword Escudo & Espada AxeofDespair-BP02-PT-MSR-UE.png BP02-PT131  ( MSR ) Axe of Despair Machado do Desespero MalevolentNuzzler-BP02-PT-MSR-UE.png BP02-PT132  ( MSR ) Malevolent Nuzzler Nuzzler Maléfico RushRecklessly-BP02-PT-MSR-UE.png BP02-PT133  ( MSR ) Rush Recklessly Impulso Precipitado HornoftheUnicorn-BP02-PT-MSR-UE.png BP02-PT134  ( MSR ) Horn of the Unicorn Chifre do Unicórnio PrematureBurial-BP02-PT-MSR-UE.png BP02-PT135  ( MSR ) Premature Burial Enterro Precoce Scapegoat-BP02-PT-MSR-UE.png BP02-PT136  ( MSR ) Scapegoat Bode Expiatório GracefulCharity-BP02-PT-MSR-UE.png BP02-PT137  ( MSR ) Graceful Charity Caridade Graciosa BookofMoon-BP02-PT-MSR-UE.png BP02-PT138  ( MSR ) Book of Moon Livro da Lua Reasoning-BP02-PT-MSR-UE.png BP02-PT139  ( MSR ) Reasoning Raciocínio AutonomousActionUnit-BP02-PT-MSR-UE.png BP02-PT140  ( MSR ) Autonomous Action Unit Unidade de Ação Autônoma BigBangShot-BP02-PT-MSR-UE.png BP02-PT141  ( MSR ) Big Bang Shot Explosão do Big Bang Riryoku-BP02-PT-MSR-UE.png BP02-PT142  ( MSR ) Riryoku Riryoku GravityAxeGrarl-BP02-PT-MSR-UE.png BP02-PT143  ( MSR ) Gravity Axe - Grarl Machado Gravitacional - Grarl EnemyController-BP02-PT-MSR-UE.png BP02-PT144  ( MSR ) Enemy Controller Controlador de Inimigos Earthquake-BP02-PT-MSR-UE.png BP02-PT145  ( MSR ) Earthquake Tremor de Terra Shrink-BP02-PT-MSR-UE.png BP02-PT146  ( MSR ) Shrink Encolher SwordsofConcealingLight-BP02-PT-MSR-UE.png BP02-PT147  ( MSR ) Swords of Concealing Light Espadas da Luz Oculta NightmaresSteelcage-BP02-PT-MSR-UE.png BP02-PT148  ( MSR ) Nightmare's Steelcage Jaula de Metal do Pesadelo MausoleumoftheEmperor-BP02-PT-MSR-UE.png BP02-PT149  ( MSR ) Mausoleum of the Emperor Mausoléu do Imperador CardTrader-BP02-PT-MSR-UE.png BP02-PT150  ( MSR ) Card Trader Mercador de Cards FiendsSanctuary-BP02-PT-MSR-UE.png BP02-PT151  ( MSR ) Fiend's Sanctuary Santuário do Demônio UnionAttack-BP02-PT-MSR-UE.png BP02-PT152  ( MSR ) Union Attack Ataque Unido FightingSpirit-BP02-PT-MSR-UE.png BP02-PT153  ( MSR ) Fighting Spirit Espírito Lutador StarBlast-BP02-PT-MSR-UE.png BP02-PT154  ( MSR ) Star Blast Explosão da Estrela ForbiddenChalice-BP02-PT-MSR-UE.png BP02-PT155  ( MSR ) Forbidden Chalice Cálice Proibido ReptilianneRage-BP02-PT-MSR-UE.png BP02-PT156  ( MSR ) Reptilianne Rage Fúria Reptiliana RocketPilder-BP02-PT-MSR-UE.png BP02-PT157  ( MSR ) Rocket Pilder Foguete Pilder HalfShut-BP02-PT-MSR-UE.png BP02-PT158  ( MSR ) Half Shut Meio Fechado CursedArmaments-BP02-PT-MSR-UE.png BP02-PT159  ( MSR ) Cursed Armaments Armamentos Amaldiçoados PotofDuality-BP02-PT-MSR-UE.png BP02-PT160  ( MSR ) Pot of Duality Pote da Dualidade AxeofFools-BP02-PT-MSR-UE.png BP02-PT161  ( MSR ) Axe of Fools Machado dos Tolos ForbiddenLance-BP02-PT-MSR-UE.png BP02-PT162  ( MSR ) Forbidden Lance Lança Proibida BlusteringWinds-BP02-PT-MSR-UE.png BP02-PT163  ( MSR ) Blustering Winds Ventos Turbulentos EgoBoost-BP02-PT-MSR-UE.png BP02-PT164  ( MSR ) Ego Boost Intensificador de Ego ShardofGreed-BP02-PT-MSR-UE.png BP02-PT165  ( MSR ) Shard of Greed Fragmento de Ganância FullForceStrike-BP02-PT-MSR-UE.png BP02-PT166  ( MSR ) Full-Force Strike PhotonSanctuary-BP02-PT-MSR-UE.png BP02-PT167  ( MSR ) Photon Sanctuary Santuário de Fóton ForbiddenDress-BP02-PT-MSR-UE.png BP02-PT168  ( MSR ) Forbidden Dress Vestido Proibido ReverseTrap-BP02-PT-MSR-UE.png BP02-PT169  ( MSR ) Reverse Trap Armadilha de Inversão Waboku-BP02-PT-MSR-UE.png BP02-PT170  ( MSR ) Waboku Waboku CalloftheHaunted-BP02-PT-MSR-UE.png BP02-PT171  ( MSR ) Call of the Haunted Chamado dos Assombrados MirrorWall-BP02-PT-MSR-UE.png BP02-PT172  ( MSR ) Mirror Wall Parede Espelhada Metalmorph-BP02-PT-MSR-UE.png BP02-PT173  ( MSR ) Metalmorph Metalmorfo MaskofWeakness-BP02-PT-MSR-UE.png BP02-PT174  ( MSR ) Mask of Weakness Máscara da Fraqueza RecklessGreed-BP02-PT-MSR-UE.png BP02-PT175  ( MSR ) Reckless Greed Ganância Descuidada RopeofLife-BP02-PT-MSR-UE.png BP02-PT176  ( MSR ) Rope of Life Corda da Vida WindstormofEtaqua-BP02-PT-MSR-UE.png BP02-PT177  ( MSR ) Windstorm of Etaqua Tufão de Etaqua ZeroGravity-BP02-PT-MSR-UE.png BP02-PT178  ( MSR ) Zero Gravity Gravidade Zero AHeroEmerges-BP02-PT-MSR-UE.png BP02-PT179  ( MSR ) A Hero Emerges Um Herói Aparece EmbodimentofApophis-BP02-PT-MSR-UE.png BP02-PT180  ( MSR ) Embodiment of Apophis Encarnação de Apophis DrainingShield-BP02-PT-MSR-UE.png BP02-PT181  ( MSR ) Draining Shield Escudo Drenador CurseofAnubis-BP02-PT-MSR-UE.png BP02-PT182  ( MSR ) Curse of Anubis Maldição de Anúbis LabyrinthofNightmare-BP02-PT-MSR-UE.png BP02-PT183  ( MSR ) Labyrinth of Nightmare Labirinto do Pesadelo ThreateningRoar-BP02-PT-MSR-UE.png BP02-PT184  ( MSR ) Threatening Roar Rugido Ameaçador RisingEnergy-BP02-PT-MSR-UE.png BP02-PT185  ( MSR ) Rising Energy Aumento de Energia MagicalArmShield-BP02-PT-MSR-UE.png BP02-PT186  ( MSR ) Magical Arm Shield Escudo Mágico de Braço ShatteredAxe-BP02-PT-MSR-UE.png BP02-PT187  ( MSR ) Shattered Axe Machado Despedaçado StrongholdtheMovingFortress-BP02-PT-MSR-UE.png BP02-PT188  ( MSR ) Stronghold the Moving Fortress Bastião, a Fortaleza Móvel StrikeSlash-BP02-PT-MSR-UE.png BP02-PT189  ( MSR ) Strike Slash Golpe em Corte NoEntry-BP02-PT-MSR-UE.png BP02-PT190  ( MSR ) No Entry!! Não Entre! Cloning-BP02-PT-MSR-UE.png BP02-PT191  ( MSR ) Cloning Clonagem SinisterSeeds-BP02-PT-MSR-UE.png BP02-PT192  ( MSR ) Sinister Seeds Sementes Sinistras MetalReflectSlime-BP02-PT-MSR-UE.png BP02-PT193  ( MSR ) Metal Reflect Slime Limo Reflete Metal ZomatheSpirit-BP02-PT-MSR-UE.png BP02-PT194  ( MSR ) Zoma the Spirit Zoma, o Espírito Miniaturize-BP02-PT-MSR-UE.png BP02-PT195  ( MSR ) Miniaturize Miniaturizar Spacegate-BP02-PT-MSR-UE.png BP02-PT196  ( MSR ) Spacegate Portão Espacial Overworked-BP02-PT-MSR-UE.png BP02-PT197  ( MSR ) Overworked Excesso de Trabalho KunaiwithChain-BP02-PT-MSR-UE.png BP02-PT198  ( MSR ) Kunai with Chain Kunai com Corrente PridefulRoar-BP02-PT-MSR-UE.png BP02-PT199  ( MSR ) Prideful Roar Rugido Orgulhoso TimeMachine-BP02-PT-MSR-UE.png BP02-PT200  ( MSR ) Time Machine Máquina do Tempo HalforNothing-BP02-PT-MSR-UE.png BP02-PT201  ( MSR ) Half or Nothing Metade ou Nada MiracleLocus-BP02-PT-MSR-UE.png BP02-PT202  ( MSR ) Miracle Locus Lócus Milagroso SkillSuccessor-BP02-PT-MSR-UE.png BP02-PT203  ( MSR ) Skill Successor Sucessor em Habilidade PowerFrame-BP02-PT-MSR-UE.png BP02-PT204  ( MSR ) Power Frame Chama Poderosa DamageGate-BP02-PT-MSR-UE.png BP02-PT205  ( MSR ) Damage Gate Avariar Portal MiraclesWake-BP02-PT-MSR-UE.png BP02-PT206  ( MSR ) Miracle's Wake Despertar do Milagre HalfCounter-BP02-PT-MSR-UE.png BP02-PT207  ( MSR ) Half Counter Meio Contra-ataque TheGoldenApples-BP02-PT-MSR-UE.png BP02-PT208  ( MSR ) The Golden Apples As Maçãs Douradas TikiCurse-BP02-PT-MSR-UE.png BP02-PT209  ( MSR ) Tiki Curse Maldição Tiki TikiSoul-BP02-PT-MSR-UE.png BP02-PT210  ( MSR ) Tiki Soul Alma Tiki ImpenetrableAttack-BP02-PT-MSR-UE.png BP02-PT211  ( MSR ) Impenetrable Attack Ataque Impenetrável MemoryofanAdversary-BP02-PT-MSR-UE.png BP02-PT212  ( MSR ) Memory of an Adversary Memória de um Adversário DimensionGate-BP02-PT-MSR-UE.png BP02-PT213  ( MSR ) Dimension Gate Portão Dimensional SpikeshieldwithChain-BP02-PT-MSR-UE.png BP02-PT214  ( MSR ) Spikeshield with Chain Escudo com Corrente e Cravos BreakthroughSkill-BP02-PT-MSR-UE.png BP02-PT215  ( MSR ) Breakthrough Skill Avanço Habilidoso 
 
 
 
 
 
Categories: Portuguese Set Card Galleries, Unlimited Edition Set Card Galleries