Link: https://yugioh.fandom.com/wiki/Set_Card_Galleries:Maximum_Crisis_(TCG-DE-UE)


 
 TCG Galleries  -  OCG Galleries  -  DDM Galleries  -  Bandai Galleries 
 
 
 
 Boosters  -  Decks  -  Packs  -  Promotions 
 
 
 Maximum Crisis Maximum Crisis German - Unlimited Edition PendulumSwitch-MACR-DE-R-UE.png MACR-DE000  ( R ) " Pendulum Switch " "Pendeltausch" PerformapalSkyMagician-MACR-DE-R-UE.png MACR-DE001  ( R ) " Performapal Sky Magician " "Künstlerkumpel Himmelsmagier" PerformapalSkyPupil-MACR-DE-R-UE.png MACR-DE002  ( R ) " Performapal Sky Pupil " "Künstlerkumpel Himmelsschüler" PerformapalRevueDancer-MACR-DE-C-UE.png MACR-DE003  ( C ) " Performapal Revue Dancer " "Künstlerkumpel Revuetänzerin" PerformapalUGoGolem-MACR-DE-R-UE.png MACR-DE004  ( R ) " Performapal U Go Golem " "Künstlerkumpel U-Go-Golem" PerformapalCoinDragon-MACR-DE-R-UE.png MACR-DE005  ( R ) " Performapal Coin Dragon " "Künstlerkumpel Münzdrache" SpeedroidSkullMarbles-MACR-DE-C-UE.png MACR-DE006  ( C ) " Speedroid Skull Marbles " "Geschwindigkeitsroid Schädelmurmeln" SpeedroidMaliciousmagnet-MACR-DE-C-UE.png MACR-DE007  ( C ) " Speedroid Maliciousmagnet " "Geschwindigkeitsroid Bösmagnet" SpeedroidRubberbandPlane-MACR-DE-R-UE.png MACR-DE008  ( R ) " Speedroid Rubberband Plane " "Geschwindigkeitsroid Gummiband-Flugzeug" PredaplantOphrysScorpio-MACR-DE-R-UE.png MACR-DE009  ( R ) " Predaplant Ophrys Scorpio " "Raubpflanze Ragwurzskorpion" PredaplantDarlingtoniaCobra-MACR-DE-C-UE.png MACR-DE010  ( C ) " Predaplant Darlingtonia Cobra " "Raubpflanze Lilienkobra" PredaplantCordyceps-MACR-DE-C-UE.png MACR-DE011  ( C ) " Predaplant Cordyceps " "Raubpflanze Raupenpilz" LyriluscCobaltSparrow-MACR-DE-C-UE.png MACR-DE012  ( C ) " Lyrilusc - Cobalt Sparrow " "Lyrikliedervogel - Kobaltsperling" LyriluscSapphireSwallow-MACR-DE-C-UE.png MACR-DE013  ( C ) " Lyrilusc - Sapphire Swallow " "Lyrikliedervogel - Saphirschwalbe" LyriluscTurquoiseWarbler-MACR-DE-C-UE.png MACR-DE014  ( C ) " Lyrilusc - Turquoise Warbler " "Lyrikliedervogel - Türkisspatz" DDGhost-MACR-DE-C-UE.png MACR-DE015  ( C ) " D/D Ghost " "D/D-Geist" DoubleResonator-MACR-DE-C-UE.png MACR-DE016  ( C ) " Double Resonator " "Doppelresonator" SupremeKingGateZero-MACR-DE-SR-UE.png MACR-DE017  ( SR ) " Supreme King Gate Zero " "Oberster König Tor Null" SupremeKingGateInfinity-MACR-DE-SR-UE.png MACR-DE018  ( SR ) " Supreme King Gate Infinity " "Oberster König Tor Unendlichkeit" SupremeKingDragonDarkwurm-MACR-DE-C-UE.png MACR-DE019  ( C ) " Supreme King Dragon Darkwurm " "Oberster König Drachenfinstergewürm" MajestyMaidentheTrueDracocaster-MACR-DE-UR-UE.png MACR-DE020  ( UR ) " Majesty Maiden, the True Dracocaster " "Majestät Mädchen, die wahre Drachowirkerin" IgnisHeattheTrueDracowarrior-MACR-DE-UR-UE.png MACR-DE021  ( UR ) " Ignis Heat, the True Dracowarrior " "Zünder Hitze, der wahre Drachokrieger" DinomightKnighttheTrueDracofighter-MACR-DE-UR-UE.png MACR-DE022  ( UR ) " Dinomight Knight, the True Dracofighter " "Dinomight Kämpfer, der wahre Drachokrieger" DreiathIIItheTrueDracocavalryGeneral-MACR-DE-UR-UE.png MACR-DE023  ( UR ) " Dreiath III, the True Dracocavalry General " "Dreiath III, der wahre Drachokavallerie-General" MasterPeacetheTrueDracoslayingKing-MACR-DE-ScR-UE.png MACR-DE024  ( ScR ) " Master Peace, the True Dracoslaying King " "Meister-Peace, der wahre Drachoschlacht-König" MetaltronXIItheTrueDracombatant-MACR-DE-SR-UE.png MACR-DE025  ( SR ) " Metaltron XII, the True Dracombatant " "Metalltron XII, der wahre Drachostreiter" MariamnetheTrueDracophoenix-MACR-DE-UR-UE.png MACR-DE026  ( UR ) " Mariamne, the True Dracophoenix " "Mariamne, der wahre Drachophönix" ZoodiacKataroost-MACR-DE-C-UE.png MACR-DE027  ( C ) " Zoodiac Kataroost " "Zoodiak-Katahahn" PhantasmSpiralDragon-MACR-DE-R-UE.png MACR-DE028  ( R ) " Phantasm Spiral Dragon " "Phantasmaspiraldrache" DigitalBugLEDybug-MACR-DE-C-UE.png MACR-DE029  ( C ) " Digital Bug LEDybug " "Digitalkäfer LED-Käfer" Zefraath-MACR-DE-SR-UE.png MACR-DE030  ( SR ) " Zefraath " "Zefraath" ArielPriestessoftheNekroz-MACR-DE-R-UE.png MACR-DE031  ( R ) " Ariel, Priestess of the Nekroz " "Ariel, Priesterin der Nekroz" BESBigCoreMK3-MACR-DE-R-UE.png MACR-DE032  ( R ) " B.E.S. Big Core MK-3 " "B.E.S. Großer Kern MK-3" Pendulumucho-MACR-DE-SR-UE.png MACR-DE033  ( SR ) " Pendulumucho " "Pendelumucho" Baobaboon-MACR-DE-C-UE.png MACR-DE034  ( C ) " Baobaboon " "Pavianbrotbaum" FireCracker-MACR-DE-SP-UE.png MACR-DE035  ( SP ) " Fire Cracker " "Kracher" MACR-DE036  ( ScR ) " Ash Blossom & Joyous Spring " "Aschenblüte & Freudiger Frühling" FamiliarPossessedLyna-MACR-DE-SP-UE.png MACR-DE037  ( SP ) " Familiar-Possessed - Lyna " "Lyna mit ihrem Vertrauten" FairyTailLuna-MACR-DE-SR-UE.png MACR-DE038  ( SR ) " Fairy Tail - Luna " "Märchenschweif - Mond" SupremeKingZARC-MACR-DE-ScR-UE.png MACR-DE039  ( ScR ) " Supreme King Z-ARC " "Oberster König Z-ARC" PerformapalGatlinghoul-MACR-DE-UR-UE.png MACR-DE040  ( UR ) " Performapal Gatlinghoul " "Künstlerkumpel Gatlinghul" LyriluscIndependentNightingale-MACR-DE-SR-UE.png MACR-DE041  ( SR ) " Lyrilusc - Independent Nightingale " "Lyrikliedervogel - Unabhängige Nachtigall" ThePhantomKnightsofCursedJavelin-MACR-DE-SR-UE.png MACR-DE042  ( SR ) " The Phantom Knights of Cursed Javelin " "Die Phantomritter des Verfluchten Speers" LyriluscAssembledNightingale-MACR-DE-SR-UE.png MACR-DE043  ( SR ) " Lyrilusc - Assembled Nightingale " "Lyrikliedervogel - Versammelte Nachtigall" RaidraptorStrangerFalcon-MACR-DE-R-UE.png MACR-DE044  ( R ) " Raidraptor - Stranger Falcon " "Überfallraptor - Fremder Falke" DDDStoneKingDarius-MACR-DE-R-UE.png MACR-DE045  ( R ) " D/D/D Stone King Darius " "D/D/D-Steinkönig Darius" TrueKingofAllCalamities-MACR-DE-SR-UE.png MACR-DE046  ( SR ) " True King of All Calamities " "Wahrer König aller Katastrophen" ZoodiacHammerkong-MACR-DE-C-UE.png MACR-DE047  ( C ) " Zoodiac Hammerkong " "Zoodiak-Hammerkong" ZoodiacChakanine-MACR-DE-UR-UE.png MACR-DE048  ( UR ) " Zoodiac Chakanine " "Zoodiak-Chakanine" MagiciansRightHand-MACR-DE-C-UE.png MACR-DE049  ( C ) " Magician's Right Hand " "Rechte Hand des Magiers" MagiciansLeftHand-MACR-DE-C-UE.png MACR-DE050  ( C ) " Magician's Left Hand " "Linke Hand des Magiers" MagiciansRestage-MACR-DE-R-UE.png MACR-DE051  ( R ) " Magician's Restage " "Neuinszenierung des Magiers" UltraPolymerization-MACR-DE-ScR-UE.png MACR-DE052  ( ScR ) " Ultra Polymerization " "Ultra-Polymerisation" MACR-DE053  ( ScR ) " Dragonic Diagram " "Dragonische Darstellung" TrueDracoHeritage-MACR-DE-UR-UE.png MACR-DE054  ( UR ) " True Draco Heritage " "Wahre Drachoherkunft" DisciplesoftheTrueDracophoenix-MACR-DE-C-UE.png MACR-DE055  ( C ) " Disciples of the True Dracophoenix " "Wahre Drachophönix-Schüler" PacifisthePhantasmCity-MACR-DE-R-UE.png MACR-DE056  ( R ) " Pacifis, the Phantasm City " "Pacifis, die Phantasmastadt" PhantasmSpiralCrash-MACR-DE-C-UE.png MACR-DE057  ( C ) " Phantasm Spiral Crash " "Phantasmaspiralknall" PhantasmSpiralGrip-MACR-DE-C-UE.png MACR-DE058  ( C ) " Phantasm Spiral Grip " "Phantasmaspiralgriff" PhantasmSpiralWave-MACR-DE-C-UE.png MACR-DE059  ( C ) " Phantasm Spiral Wave " "Phantasmaspiralwelle" BugSignal-MACR-DE-C-UE.png MACR-DE060  ( C ) " Bug Signal " "Käfersignal" ZefraProvidence-MACR-DE-R-UE.png MACR-DE061  ( R ) " Zefra Providence " "Zefra-Vorsehung" BEFZelos-MACR-DE-C-UE.png MACR-DE062  ( C ) " B.E.F. Zelos " "B.E.F. Zelos" DuelistAlliance-MACR-DE-ScR-UE.png MACR-DE063  ( ScR ) " Duelist Alliance " "Duellantenallianz" SetRotation-MACR-DE-SP-UE.png MACR-DE064  ( SP ) " Set Rotation " "Setzrotation" BreakAway-MACR-DE-C-UE.png MACR-DE065  ( C ) " Break Away " "Ausbrechen" ThePhantomKnightsofLostVambrace-MACR-DE-C-UE.png MACR-DE066  ( C ) " The Phantom Knights of Lost Vambrace " "Die Phantomritter der Verlorenen Armschiene" ThePhantomKnightsofWrongMagnetring-MACR-DE-C-UE.png MACR-DE067  ( C ) " The Phantom Knights of Wrong Magnetring " "Die Phantomritter des Falschen Magnetrings" DarkContractwiththeEternalDarkness-MACR-DE-R-UE.png MACR-DE068  ( R ) " Dark Contract with the Eternal Darkness " "Dunkler Vertrag mit der ewigen Finsternis" TrueKingsReturn-MACR-DE-UR-UE.png MACR-DE069  ( UR ) " True King's Return " "Ein wahrer König kehrt zurück" TrueDracoApocalypse-MACR-DE-C-UE.png MACR-DE070  ( C ) " True Draco Apocalypse " "Wahre Drachoapokalypse" ZoodiacGathering-MACR-DE-C-UE.png MACR-DE071  ( C ) " Zoodiac Gathering " "Zoodiak-Versammlung" PhantasmSpiralBattle-MACR-DE-R-UE.png MACR-DE072  ( R ) " Phantasm Spiral Battle " "Phantasmaspiralschlacht" PhantasmSpiralPower-MACR-DE-C-UE.png MACR-DE073  ( C ) " Phantasm Spiral Power " "Phantasmaspiralkraft" PhantasmSpiralAssault-MACR-DE-C-UE.png MACR-DE074  ( C ) " Phantasm Spiral Assault " "Phantasmaspiralangriff" PrologueoftheDestructionSwordsman-MACR-DE-C-UE.png MACR-DE075  ( C ) " Prologue of the Destruction Swordsman " "Prolog des Zerstörungsschwertkämpfers" DinomistsHowling-MACR-DE-C-UE.png MACR-DE076  ( C ) " Dinomists Howling " "Dinonebel-Geheul" ZefraWar-MACR-DE-C-UE.png MACR-DE077  ( C ) " Zefra War " "Zefra-Krieg" WaterfallofDragonSouls-MACR-DE-SR-UE.png MACR-DE078  ( SR ) " Waterfall of Dragon Souls " "Wasserfall der Drachenseelen" UnendingNightmare-MACR-DE-ScR-UE.png MACR-DE079  ( ScR ) " Unending Nightmare " "Nie endender Albtraum" DiamondDuston-MACR-DE-SP-UE.png MACR-DE080  ( SP ) " Diamond Duston " "Diamant-Staubon" TornadoDragon-MACR-DE-ScR-UE.png MACR-DE081  ( ScR ) " Tornado Dragon " "Tornadodrache" SubterrorFiendess-MACR-DE-SR-UE.png MACR-DE082  ( SR ) " Subterror Fiendess " "Unterterror-Unterweltlerin" SubterrorBehemothPhospheroglacier-MACR-DE-C-UE.png MACR-DE083  ( C ) " Subterror Behemoth Phospheroglacier " "Unterterror-Behemoth Phosphorogletscher" SubterrorBehemothSpeleogeist-MACR-DE-C-UE.png MACR-DE084  ( C ) " Subterror Behemoth Speleogeist " "Unterterror-Behemoth Speleogeist" SubterrorFinalBattle-MACR-DE-R-UE.png MACR-DE085  ( R ) " Subterror Final Battle " "Letzte Schlacht des Unterterrors" SPYRALSleeper-MACR-DE-SR-UE.png MACR-DE086  ( SR ) " SPYRAL Sleeper " "SPIORAL-Schläfer" SPYRALGEARLastResort-MACR-DE-R-UE.png MACR-DE087  ( R ) " SPYRAL GEAR - Last Resort " "SPIORAL-AUSRÜSTUNG - Letztes Resort" SPYRALGEARFullyArmed-MACR-DE-UR-UE.png MACR-DE088  ( UR ) " SPYRAL GEAR - Fully Armed " "SPIORAL-AUSRÜSTUNG - Voll ausgerüstet" SPYRALMISSIONRescue-MACR-DE-C-UE.png MACR-DE089  ( C ) " SPYRAL MISSION - Rescue " "SPIORAL-MISSION - Rettung" GiftExchange-MACR-DE-C-UE.png MACR-DE090  ( C ) " Gift Exchange " "Geschenkaustausch" KaiserSeaSnake-MACR-DE-C-UE.png MACR-DE091  ( C ) " Kaiser Sea Snake " "Seeschlangen-Kaiser" BujinHiruko-MACR-DE-R-UE.png MACR-DE092  ( R ) " Bujin Hiruko " "Bujin Hiruko" SylvanPrincessprite-MACR-DE-SR-UE.png MACR-DE093  ( SR ) " Sylvan Princessprite " "Sylvanischer Prinzessinkobold" ArtifactVajra-MACR-DE-C-UE.png MACR-DE094  ( C ) " Artifact Vajra " "Artefakt Vajra" MildTurkey-MACR-DE-C-UE.png MACR-DE095  ( C ) " Mild Turkey " "Milder Truthahn" GhostBeef-MACR-DE-C-UE.png MACR-DE096  ( C ) " Ghost Beef " "Geisterfleisch" VennuBrightBirdofDivinity-MACR-DE-C-UE.png MACR-DE097  ( C ) " Vennu, Bright Bird of Divinity " "Vennu, leuchtender Vogel der Göttlichkeit" PrimalCry-MACR-DE-C-UE.png MACR-DE098  ( C ) " Primal Cry " "Urschrei" Onikuji-MACR-DE-C-UE.png MACR-DE099  ( C ) " Onikuji " "Onikuji" 
 
 
 
 
Images: ['https://static.wikia.nocookie.net/yugioh/images/6/6e/AshBlossomJoyousSpring-MACR-DE-ScR-UE.png/revision/latest/scale-to-width-down/119?cb=20170610012215', 'data:image/gif;base64,R0lGODlhAQABAIABAAAAAP///yH5BAEAAAEALAAAAAABAAEAQAICTAEAOw%3D%3D', 'https://static.wikia.nocookie.net/yugioh/images/d/da/DragonicDiagram-MACR-DE-ScR-UE.png/revision/latest/scale-to-width-down/119?cb=20170610011841', 'data:image/gif;base64,R0lGODlhAQABAIABAAAAAP///yH5BAEAAAEALAAAAAABAAEAQAICTAEAOw%3D%3D']
Categories: German Set Card Galleries, Unlimited Edition Set Card Galleries