Link: https://yugioh.fandom.com/wiki/Set_Card_Galleries:Metal_Raiders_(OCG-AE-1E)


 
 TCG Galleries  -  OCG Galleries  -  DDM Galleries  -  Bandai Galleries 
 
 
 
 Boosters  -  Decks  -  Packs  -  Promotions 
 
 
 Metal Raiders Asian-English - 1st Edition GateGuardian-MRD-AE-ScR-1E.png MRD-000  ( ScR ) " Gate Guardian " FeralImp-MRD-AE-C-1E.png MRD-001  ( C ) " Feral Imp " WingedDragonGuardianoftheFortress1-MRD-AE-C-1E.png MRD-002  ( C ) " Winged Dragon, Guardian of the Fortress #1 " SummonedSkull-MRD-AE-UR-1E.png MRD-003  ( UR ) " Summoned Skull " RockOgreGrotto1-MRD-AE-C-1E.png MRD-004  ( C ) " Rock Ogre Grotto #1 " ArmoredLizard-MRD-AE-C-1E.png MRD-005  ( C ) " Armored Lizard " KillerNeedle-MRD-AE-C-1E.png MRD-006  ( C ) " Killer Needle " LarvaeMoth-MRD-AE-C-1E.png MRD-007  ( C ) " Larvae Moth " HarpieLady-MRD-AE-C-1E.png MRD-008  ( C ) " Harpie Lady " HarpieLadySisters-MRD-AE-SR-1E.png MRD-009  ( SR ) " Harpie Lady Sisters " Kojikocy-MRD-AE-C-1E.png MRD-010  ( C ) " Kojikocy " CocoonofEvolution-MRD-AE-C-1E.png MRD-011  ( C ) " Cocoon of Evolution " CrawlingDragon-MRD-AE-C-1E.png MRD-012  ( C ) " Crawling Dragon " ArmoredZombie-MRD-AE-C-1E.png MRD-013  ( C ) " Armored Zombie " MaskofDarkness-MRD-AE-R-1E.png MRD-014  ( R ) " Mask of Darkness " DomaTheAngelofSilence-MRD-AE-C-1E.png MRD-015  ( C ) " Doma The Angel of Silence " WhiteMagicalHat-MRD-AE-R-1E.png MRD-016  ( R ) " White Magical Hat " BigEye-MRD-AE-C-1E.png MRD-017  ( C ) " Big Eye " BlackSkullDragon-MRD-AE-UR-1E.png MRD-018  ( UR ) " Black Skull Dragon " MaskedSorcerer-MRD-AE-R-1E.png MRD-019  ( R ) " Masked Sorcerer " RoaringOceanSnake-MRD-AE-C-1E.png MRD-020  ( C ) " Roaring Ocean Snake " WaterOmotics-MRD-AE-C-1E.png MRD-021  ( C ) " Water Omotics " GroundAttackerBugroth-MRD-AE-C-1E.png MRD-022  ( C ) " Ground Attacker Bugroth " PetitMoth-MRD-AE-C-1E.png MRD-023  ( C ) " Petit Moth " ElegantEgotist-MRD-AE-R-1E.png MRD-024  ( R ) " Elegant Egotist " SangaoftheThunder-MRD-AE-SR-1E.png MRD-025  ( SR ) " Sanga of the Thunder " Kazejin-MRD-AE-SR-1E.png MRD-026  ( SR ) " Kazejin " Suijin-MRD-AE-SR-1E.png MRD-027  ( SR ) " Suijin " MysticLamp-MRD-AE-C-1E.png MRD-028  ( C ) " Mystic Lamp " SteelScorpion-MRD-AE-C-1E.png MRD-029  ( C ) " Steel Scorpion " Ocubeam-MRD-AE-C-1E.png MRD-030  ( C ) " Ocubeam " Leghul-MRD-AE-C-1E.png MRD-031  ( C ) " Leghul " Ooguchi-MRD-AE-C-1E.png MRD-032  ( C ) " Ooguchi " Leogun-MRD-AE-C-1E.png MRD-033  ( C ) " Leogun " BlastJuggler-MRD-AE-C-1E.png MRD-034  ( C ) " Blast Juggler " Jinzo7-MRD-AE-C-1E.png MRD-035  ( C ) " Jinzo #7 " MagicianofFaith-MRD-AE-R-1E.png MRD-036  ( R ) " Magician of Faith " AncientElf-MRD-AE-C-1E.png MRD-037  ( C ) " Ancient Elf " DeepseaShark-MRD-AE-C-1E.png MRD-038  ( C ) " Deepsea Shark " BottomDweller-MRD-AE-C-1E.png MRD-039  ( C ) " Bottom Dweller " DestroyerGolem-MRD-AE-C-1E.png MRD-040  ( C ) " Destroyer Golem " KaminariAttack-MRD-AE-C-1E.png MRD-041  ( C ) " Kaminari Attack " RainbowFlower-MRD-AE-C-1E.png MRD-042  ( C ) " Rainbow Flower " Morinphen-MRD-AE-C-1E.png MRD-043  ( C ) " Morinphen " MegaThunderball-MRD-AE-C-1E.png MRD-044  ( C ) " Mega Thunderball " Tongyo-MRD-AE-C-1E.png MRD-045  ( C ) " Tongyo " EmpressJudge-MRD-AE-C-1E.png MRD-046  ( C ) " Empress Judge " PaleBeast-MRD-AE-C-1E.png MRD-047  ( C ) " Pale Beast " ElectricLizard-MRD-AE-C-1E.png MRD-048  ( C ) " Electric Lizard " HunterSpider-MRD-AE-C-1E.png MRD-049  ( C ) " Hunter Spider " AncientLizardWarrior-MRD-AE-C-1E.png MRD-050  ( C ) " Ancient Lizard Warrior " QueensDouble-MRD-AE-C-1E.png MRD-051  ( C ) " Queen's Double " Trent-MRD-AE-C-1E.png MRD-052  ( C ) " Trent " DiskMagician-MRD-AE-C-1E.png MRD-053  ( C ) " Disk Magician " Hyosube-MRD-AE-C-1E.png MRD-054  ( C ) " Hyosube " Hibikime-MRD-AE-C-1E.png MRD-055  ( C ) " Hibikime " FakeTrap-MRD-AE-R-1E.png MRD-056  ( R ) " Fake Trap " TributetoTheDoomed-MRD-AE-SR-1E.png MRD-057  ( SR ) " Tribute to The Doomed " SoulRelease-MRD-AE-C-1E.png MRD-058  ( C ) " Soul Release " TheCheerfulCoffin-MRD-AE-C-1E.png MRD-059  ( C ) " The Cheerful Coffin " ChangeofHeart-MRD-AE-UR-1E.png MRD-060  ( UR ) " Change of Heart " BabyDragon-MRD-AE-C-1E.png MRD-061  ( C ) " Baby Dragon " BlacklandFireDragon-MRD-AE-C-1E.png MRD-062  ( C ) " Blackland Fire Dragon " SwampBattleguard-MRD-AE-C-1E.png MRD-063  ( C ) " Swamp Battleguard " BattleSteer-MRD-AE-C-1E.png MRD-064  ( C ) " Battle Steer " TimeWizard-MRD-AE-UR-1E.png MRD-065  ( UR ) " Time Wizard " SaggitheDarkClown-MRD-AE-C-1E.png MRD-066  ( C ) " Saggi the Dark Clown " DragonPiper-MRD-AE-C-1E.png MRD-067  ( C ) " Dragon Piper " IllusionistFacelessMage-MRD-AE-C-1E.png MRD-068  ( C ) " Illusionist Faceless Mage " Sangan-MRD-AE-R-1E.png MRD-069  ( R ) " Sangan " GreatMoth-MRD-AE-R-1E.png MRD-070  ( R ) " Great Moth " Kuriboh-MRD-AE-SR-1E.png MRD-071  ( SR ) " Kuriboh " Jellyfish-MRD-AE-C-1E.png MRD-072  ( C ) " Jellyfish " CastleofDarkIllusions-MRD-AE-C-1E.png MRD-073  ( C ) " Castle of Dark Illusions " KingofYamimakai-MRD-AE-C-1E.png MRD-074  ( C ) " King of Yamimakai " CatapultTurtle-MRD-AE-SR-1E.png MRD-075  ( SR ) " Catapult Turtle " MysticHorseman-MRD-AE-C-1E.png MRD-076  ( C ) " Mystic Horseman " RabidHorseman-MRD-AE-C-1E.png MRD-077  ( C ) " Rabid Horseman " CrassClown-MRD-AE-C-1E.png MRD-078  ( C ) " Crass Clown " PumpkingtheKingofGhosts-MRD-AE-C-1E.png MRD-079  ( C ) " Pumpking the King of Ghosts " DreamClown-MRD-AE-C-1E.png MRD-080  ( C ) " Dream Clown " TaintedWisdom-MRD-AE-C-1E.png MRD-081  ( C ) " Tainted Wisdom " AncientBrain-MRD-AE-C-1E.png MRD-082  ( C ) " Ancient Brain " GuardianoftheLabyrinth-MRD-AE-C-1E.png MRD-083  ( C ) " Guardian of the Labyrinth " PreventRat-MRD-AE-C-1E.png MRD-084  ( C ) " Prevent Rat " TheLittleSwordsmanofAile-MRD-AE-C-1E.png MRD-085  ( C ) " The Little Swordsman of Aile " PrincessofTsurugi-MRD-AE-R-1E.png MRD-086  ( R ) " Princess of Tsurugi " ProtectoroftheThrone-MRD-AE-C-1E.png MRD-087  ( C ) " Protector of the Throne " TremendousFire-MRD-AE-C-1E.png MRD-088  ( C ) " Tremendous Fire " JiraiGumo-MRD-AE-C-1E.png MRD-089  ( C ) " Jirai Gumo " ShadowGhoul-MRD-AE-R-1E.png MRD-090  ( R ) " Shadow Ghoul " LabyrinthTank-MRD-AE-C-1E.png MRD-091  ( C ) " Labyrinth Tank " RyuKishinPowered-MRD-AE-C-1E.png MRD-092  ( C ) " Ryu-Kishin Powered " Bickuribox-MRD-AE-C-1E.png MRD-093  ( C ) " Bickuribox " GiltiatheDKnight-MRD-AE-C-1E.png MRD-094  ( C ) " Giltia the D. Knight " LauncherSpider-MRD-AE-C-1E.png MRD-095  ( C ) " Launcher Spider " GigaTechWolf-MRD-AE-C-1E.png MRD-096  ( C ) " Giga-Tech Wolf " ThunderDragon-MRD-AE-C-1E.png MRD-097  ( C ) " Thunder Dragon " 7ColoredFish-MRD-AE-C-1E.png MRD-098  ( C ) " 7 Colored Fish " TheImmortalofThunder-MRD-AE-C-1E.png MRD-099  ( C ) " The Immortal of Thunder " PunishedEagle-MRD-AE-C-1E.png MRD-100  ( C ) " Punished Eagle " InsectSoldiersoftheSky-MRD-AE-C-1E.png MRD-101  ( C ) " Insect Soldiers of the Sky " Hoshiningen-MRD-AE-R-1E.png MRD-102  ( R ) " Hoshiningen " MusicianKing-MRD-AE-C-1E.png MRD-103  ( C ) " Musician King " YadoKaru-MRD-AE-C-1E.png MRD-104  ( C ) " Yado Karu " CyberSaurus-MRD-AE-C-1E.png MRD-105  ( C ) " Cyber Saurus " CannonSoldier-MRD-AE-R-1E.png MRD-106  ( R ) " Cannon Soldier " MukaMuka-MRD-AE-R-1E.png MRD-107  ( R ) " Muka Muka " TheBistroButcher-MRD-AE-C-1E.png MRD-108  ( C ) " The Bistro Butcher " StarBoy-MRD-AE-R-1E.png MRD-109  ( R ) " Star Boy " MilusRadiant-MRD-AE-R-1E.png MRD-110  ( R ) " Milus Radiant " FlameCerebrus-MRD-AE-C-1E.png MRD-111  ( C ) " Flame Cerebrus " Niwatori-MRD-AE-C-1E.png MRD-112  ( C ) " Niwatori " DarkElf-MRD-AE-R-1E.png MRD-113  ( R ) " Dark Elf " MushroomMan2-MRD-AE-C-1E.png MRD-114  ( C ) " Mushroom Man #2 " LavaBattleguard-MRD-AE-C-1E.png MRD-115  ( C ) " Lava Battleguard " WitchoftheBlackForest-MRD-AE-R-1E.png MRD-116  ( R ) " Witch of the Black Forest " LittleChimera-MRD-AE-R-1E.png MRD-117  ( R ) " Little Chimera " Bladefly-MRD-AE-R-1E.png MRD-118  ( R ) " Bladefly " LadyofFaith-MRD-AE-C-1E.png MRD-119  ( C ) " Lady of Faith " TwinHeadedThunderDragon-MRD-AE-SR-1E.png MRD-120  ( SR ) " Twin-Headed Thunder Dragon " WitchsApprentice-MRD-AE-R-1E.png MRD-121  ( R ) " Witch's Apprentice " BlueWingedCrown-MRD-AE-C-1E.png MRD-122  ( C ) " Blue-Winged Crown " SkullKnight-MRD-AE-C-1E.png MRD-123  ( C ) " Skull Knight " GazelletheKingofMythicalBeasts-MRD-AE-C-1E.png MRD-124  ( C ) " Gazelle the King of Mythical Beasts " GarneciaElefantis-MRD-AE-SR-1E.png MRD-125  ( SR ) " Garnecia Elefantis " BarrelDragon-MRD-AE-UR-1E.png MRD-126  ( UR ) " Barrel Dragon " SolemnJudgment-MRD-AE-UR-1E.png MRD-127  ( UR ) " Solemn Judgment " MagicJammer-MRD-AE-UR-1E.png MRD-128  ( UR ) " Magic Jammer " SevenToolsoftheBandit-MRD-AE-UR-1E.png MRD-129  ( UR ) " Seven Tools of the Bandit " HornofHeaven-MRD-AE-UR-1E.png MRD-130  ( UR ) " Horn of Heaven " ShieldSword-MRD-AE-R-1E.png MRD-131  ( R ) " Shield & Sword " SwordofDeepSeated-MRD-AE-C-1E.png MRD-132  ( C ) " Sword of Deep-Seated " BlockAttack-MRD-AE-C-1E.png MRD-133  ( C ) " Block Attack " TheUnhappyMaiden-MRD-AE-C-1E.png MRD-134  ( C ) " The Unhappy Maiden " RobbinGoblin-MRD-AE-R-1E.png MRD-135  ( R ) " Robbin' Goblin " GermInfection-MRD-AE-C-1E.png MRD-136  ( C ) " Germ Infection " ParalyzingPotion-MRD-AE-C-1E.png MRD-137  ( C ) " Paralyzing Potion " MirrorForce-MRD-AE-UR-1E.png MRD-138  ( UR ) " Mirror Force " RingofMagnetism-MRD-AE-C-1E.png MRD-139  ( C ) " Ring of Magnetism " SharethePain-MRD-AE-C-1E.png MRD-140  ( C ) " Share the Pain " StimPack-MRD-AE-C-1E.png MRD-141  ( C ) " Stim-Pack " HeavyStorm-MRD-AE-SR-1E.png MRD-142  ( SR ) " Heavy Storm " ThousandDragon-MRD-AE-ScR-1E.png MRD-143  ( ScR ) " Thousand Dragon " 
 
 
 
 
Categories: Asian-English Set Card Galleries, 1st Edition Set Card Galleries