Link: https://yugioh.fandom.com/wiki/Set_Card_Galleries:Power_of_the_Elements_(TCG-FR-UE)


 
 TCG Galleries  -  OCG Galleries  -  DDM Galleries  -  Bandai Galleries 
 
 
 
 Boosters  -  Decks  -  Packs  -  Promotions 
 
 
 Power of the Elements Le Pouvoir des Éléments French - Unlimited Edition GhotioftheDeepBeyond-POTE-FR-ScR-UE.png POTE-FR000  ( ScR ) " Ghoti of the Deep Beyond " "Ghoti de l'Au-Delà des Limites" ElementalHEROSpiritofNeos-POTE-FR-SR-UE.png POTE-FR001  ( SR ) " Elemental HERO Spirit of Neos " "Esprit de Néos, HÉROS Élémentaire" CrossKeeper-POTE-FR-C-UE.png POTE-FR002  ( C ) " Cross Keeper " "Garde de Dimension" SprightBlue-POTE-FR-ScR-UE.png POTE-FR003  ( ScR ) " Spright Blue " "Spright du Bleu" SprightJet-POTE-FR-SR-UE.png POTE-FR004  ( SR ) " Spright Jet " "Spright du Jet" SprightPixies-POTE-FR-C-UE.png POTE-FR005  ( C ) " Spright Pixies " "Spright des Pixies" SprightRed-POTE-FR-C-UE.png POTE-FR006  ( C ) " Spright Red " "Spright du Rouge" SprightCarrot-POTE-FR-C-UE.png POTE-FR007  ( C ) " Spright Carrot " "Spright de la Carotte" TherionEmpressAlasia-POTE-FR-SR-UE.png POTE-FR008  ( SR ) " Therion "Empress" Alasia " "Therion "Impératrice" Alasia" TherionIrregular-POTE-FR-UR-UE.png POTE-FR009  ( UR ) " Therion Irregular " "Irrégulier Therion" IcejadeCreationAegirocassis-POTE-FR-C-UE.png POTE-FR010  ( C ) " Icejade Creation Aegirocassis " "Aegirocassis de Création Jadeglace" AlbaztheAshen-POTE-FR-SR-UE.png POTE-FR011  ( SR ) " Albaz the Ashen " "Albaz le Cendreux" TearlamentsMerrli-POTE-FR-C-UE.png POTE-FR012  ( C ) " Tearlaments Merrli " "Tearlaments Merrli" TearlamentsHavnis-POTE-FR-C-UE.png POTE-FR013  ( C ) " Tearlaments Havnis " "Havnis des Tiarmentations" TearlamentsScheiren-POTE-FR-SR-UE.png POTE-FR014  ( SR ) " Tearlaments Scheiren " "Scheiren des Tiarmentations" TearlamentsReinoheart-POTE-FR-UR-UE.png POTE-FR015  ( UR ) " Tearlaments Reinoheart " "Reinoheart des Tiarmentations" VernusylphoftheFlourishingHills-POTE-FR-UR-UE.png POTE-FR016  ( UR ) " Vernusylph of the Flourishing Hills " VernusylphoftheAwakeningForests-POTE-FR-SR-UE.png POTE-FR017  ( SR ) " Vernusylph of the Awakening Forests " "Vernusylphe des Forêts en Éveil" VernusylphoftheFloweringFields-POTE-FR-C-UE.png POTE-FR018  ( C ) " Vernusylph of the Flowering Fields " "Vernusylphe des Champs en Fleurs" VernusylphoftheThawingMountains-POTE-FR-C-UE.png POTE-FR019  ( C ) " Vernusylph of the Thawing Mountains " "Vernusylphe des Montagnes Fondantes" GemKnightQuartz-POTE-FR-SR-UE.png POTE-FR020  ( SR ) " Gem-Knight Quartz " "Quartz, Chevalier-Gemmes" BrilliantRose-POTE-FR-C-UE.png POTE-FR021  ( C ) " Brilliant Rose " "Rose Brillante" MelffyWally-POTE-FR-C-UE.png POTE-FR022  ( C ) " Melffy Wally " "Wally Melffy" MelffyPinny-POTE-FR-C-UE.png POTE-FR023  ( C ) " Melffy Pinny " "Pinny Melffy" ScaroftheVendread-POTE-FR-C-UE.png POTE-FR024  ( C ) " Scar of the Vendread " "Balafre de la Vendetterreur" ExosisterMartha-POTE-FR-ScR-UE.png POTE-FR025  ( ScR ) " Exosister Martha " "Exosœur Martha" GunkanSushipShariRed-POTE-FR-C-UE.png POTE-FR026  ( C ) " Gunkan Suship Shari Red " "Batosushi Gunkan Shari Rouge" RikkaPrincess-POTE-FR-C-UE.png POTE-FR027  ( C ) " Rikka Princess " "Princesse Rikka" MathmechCircular-POTE-FR-SR-UE.png POTE-FR028  ( SR ) " Mathmech Circular " "Circulaire Mathmech" KrawlerSoma-POTE-FR-C-UE.png POTE-FR029  ( C ) " Krawler Soma " MokeyMokeyAdrift-POTE-FR-C-UE.png POTE-FR030  ( C ) " Mokey Mokey Adrift " "Mokey Mokey à la Dérive" KurikaraDivincarnate-POTE-FR-ScR-UE.png POTE-FR031  ( ScR ) " Kurikara Divincarnate " "Kurikara Divincarnée" AussatheEarthChanneler-POTE-FR-UR-UE.png POTE-FR032  ( UR ) " Aussa the Earth Channeler " "Aussa la Canalisatrice de Terre" GrandtuskDragon-POTE-FR-SR-UE.png POTE-FR033  ( SR ) " Grandtusk Dragon " "Dragon aux Grandes Défenses" EkatheFlameBuddy-POTE-FR-SR-UE.png POTE-FR034  ( SR ) " Eka the Flame Buddy " "Eka, Pote des Flammes" PropaGandake-POTE-FR-C-UE.png POTE-FR035  ( C ) " Propa Gandake " "Propa Gandake" CartorhyntheHiddenGemoftheSeafront-POTE-FR-C-UE.png POTE-FR036  ( C ) " Cartorhyn the Hidden Gem of the Seafront " EmperorTanukisCritterCount-POTE-FR-SR-UE.png POTE-FR037  ( SR ) " Emperor Tanuki's Critter Count " "Compte de Créatures de l'Empereur Tanuki" NightmelltheDarkBonder-POTE-FR-C-UE.png POTE-FR038  ( C ) " Nightmell the Dark Bonder " "Nightmell le Connecteur des Ténèbres" HydralanderOrbit-POTE-FR-C-UE.png POTE-FR039  ( C ) " Hydralander Orbit " "Orbite Hydralander" VendreadScavenger-POTE-FR-SR-UE.png POTE-FR040  ( SR ) " Vendread Scavenger " "Charognard Vendetterreur" ElementalHEROShiningNeosWingman-POTE-FR-UR-UE.png POTE-FR041  ( UR ) " Elemental HERO Shining Neos Wingman " "Homme-Oiseau Néos Lumineux, HÉROS Élémentaire" TearlamentsKitkallos-POTE-FR-UR-UE.png POTE-FR042  ( UR ) " Tearlaments Kitkallos " "Kitkallos des Tiarmentations" TearlamentsKaleidoHeart-POTE-FR-ScR-UE.png POTE-FR043  ( ScR ) " Tearlaments Kaleido-Heart " "Kaleido-Heart des Tiarmentations" GemKnightLadyRoseDiamond-POTE-FR-SR-UE.png POTE-FR044  ( SR ) " Gem-Knight Lady Rose Diamond " "Diamant Rose, Dame Chevalier-Gemmes" MerryMelffys-POTE-FR-C-UE.png POTE-FR045  ( C ) " Merry Melffys " "Heureux Melffys" PUNKJAMDragonDrive-POTE-FR-SR-UE.png POTE-FR046  ( SR ) " P.U.N.K. JAM Dragon Drive " "P.U.N.K. JAM Impulsion Draconique" GiganticSpright-POTE-FR-UR-UE.png POTE-FR047  ( UR ) " Gigantic Spright " "Spright Géant" AshuraKing-POTE-FR-ScR-UE.png POTE-FR048  ( ScR ) " Ashura King " "Roi Ashura" SprightElf-POTE-FR-UR-UE.png POTE-FR049  ( UR ) " Spright Elf " "Spright de l'Elfe" ScareclawLightHeart-POTE-FR-UR-UE.png POTE-FR050  ( UR ) " Scareclaw Light-Heart " "Lumière-Heart Griffrayeur" ENEngageNeoSpace-POTE-FR-SR-UE.png POTE-FR051  ( SR ) " EN - Engage Neo Space " "EN - Engagement du Néo-Space" InstantContact-POTE-FR-ScR-UE.png POTE-FR052  ( ScR ) " Instant Contact " "Contact Instantané" ENWave-POTE-FR-SR-UE.png POTE-FR053  ( SR ) " EN Wave " "Vague EN" OverFusion-POTE-FR-C-UE.png POTE-FR054  ( C ) " Over Fusion " "Surfusion" SprightStarter-POTE-FR-UR-UE.png POTE-FR055  ( UR ) " Spright Starter " "Démarreur de Spright" SprightGammaBurst-POTE-FR-C-UE.png POTE-FR056  ( C ) " Spright Gamma Burst " "Sursaut Gamma de Spright" SprightSmashers-POTE-FR-C-UE.png POTE-FR057  ( C ) " Spright Smashers " "Fracas de Spright" BrandedinCentralDogmatika-POTE-FR-C-UE.png POTE-FR058  ( C ) " Branded in Central Dogmatika " "Marqué du Dogmatika Fondamental" ScareclawStraddle-POTE-FR-SR-UE.png POTE-FR059  ( SR ) " Scareclaw Straddle " "Chevauchement Griffrayeur" PrimevalPlanetPerlereino-POTE-FR-ScR-UE.png POTE-FR060  ( ScR ) " Primeval Planet Perlereino " "Planète Originelle Perlereino" VernusylphCorolla-POTE-FR-SR-UE.png POTE-FR061  ( SR ) " Vernusylph Corolla " "Corolle de Vernusylphe" ScatterFusion-POTE-FR-SR-UE.png POTE-FR062  ( SR ) " Scatter Fusion " "Fusion Disséminée" MelffyStaringContest-POTE-FR-SR-UE.png POTE-FR063  ( SR ) " Melffy Staring Contest " "Concours de Regard Melffy" RavenousVendread-POTE-FR-C-UE.png POTE-FR064  ( C ) " Ravenous Vendread " "Vendetterreur Vorace" PUNKJAMExtremeSession-POTE-FR-SR-UE.png POTE-FR065  ( SR ) " P.U.N.K. JAM Extreme Session " "P.U.N.K. JAM Session Extrême" RikkaKonkon-POTE-FR-SR-UE.png POTE-FR066  ( SR ) " Rikka Konkon " "Konkon Rikka" UltimateSlayer-POTE-FR-ScR-UE.png POTE-FR067  ( ScR ) " Ultimate Slayer " "Pourfendeuse Ultime" DigitJamming-POTE-FR-C-UE.png POTE-FR068  ( C ) " Digit Jamming " "Brouillage Chiffré" FavoriteContact-POTE-FR-UR-UE.png POTE-FR069  ( UR ) " Favorite Contact " "Contact Favori" BrandedExpulsion-POTE-FR-C-UE.png POTE-FR070  ( C ) " Branded Expulsion " "Expulsion du Marqué" TearlamentsMetanoise-POTE-FR-C-UE.png POTE-FR071  ( C ) " Tearlaments Metanoise " "Métabruit des Tiarmentations" TearlamentsSulliek-POTE-FR-C-UE.png POTE-FR072  ( C ) " Tearlaments Sulliek " "Décrihurlement des Tiarmentations" TearlamentsCryme-POTE-FR-C-UE.png POTE-FR073  ( C ) " Tearlaments Cryme " "Criime des Tiarmentations" VernusylphandtheChangingSeason-POTE-FR-C-UE.png POTE-FR074  ( C ) " Vernusylph and the Changing Season " "Vernusylphe et le Changement de Saison" VernusylphandtheFlowerBuds-POTE-FR-C-UE.png POTE-FR075  ( C ) " Vernusylph and the Flower Buds " "Vernusylphe et les Bourgeons de Fleurs" ExosisterReturnia-POTE-FR-SR-UE.png POTE-FR076  ( SR ) " Exosister Returnia " "Exosœur Retournia" AmazeAttractionThrillTrain-POTE-FR-C-UE.png POTE-FR077  ( C ) " Amaze Attraction Thrill Train " "Attraction-Étonnante Train du Frisson" TerrorsoftheOverrroot-POTE-FR-C-UE.png POTE-FR078  ( C ) " Terrors of the Overrroot " "Terreurs de la Surracine" DracoUtopianAura-POTE-FR-ScR-UE.png POTE-FR079  ( ScR ) " Draco-Utopian Aura " "Aura d'Utopie Draconique" DoubleDustTornadoTwins-POTE-FR-C-UE.png POTE-FR080  ( C ) " Double Dust Tornado Twins " "Double Tornade de Poussière Jumelle" VanguardoftheUndergroundEmperor-POTE-FR-C-UE.png POTE-FR081  ( C ) " Vanguard of the Underground Emperor " "Avant-Garde de l'Empereur Souterrain" GaruraWingsofResonantLife-POTE-FR-UR-UE.png POTE-FR082  ( UR ) " Garura, Wings of Resonant Life " PitknightEarlie-POTE-FR-C-UE.png POTE-FR083  ( C ) " Pitknight Earlie " MorayofAvarice-POTE-FR-UR-UE.png POTE-FR084  ( UR ) " Moray of Avarice " "Murène d'Avarice" MimesisElephant-POTE-FR-C-UE.png POTE-FR085  ( C ) " Mimesis Elephant " PacesLightoftheGhoti-POTE-FR-UR-UE.png POTE-FR086  ( UR ) " Paces, Light of the Ghoti " ShifFairyoftheGhoti-POTE-FR-SR-UE.png POTE-FR087  ( SR ) " Shif, Fairy of the Ghoti " "Shif, Fée du Ghoti" EanocSentryoftheGhoti-POTE-FR-C-UE.png POTE-FR088  ( C ) " Eanoc, Sentry of the Ghoti " "Eanoc, Sentinelle du Ghoti" AskaantheBicornedGhoti-POTE-FR-C-UE.png POTE-FR089  ( C ) " Askaan, the Bicorned Ghoti " "Askaan, le Ghoti à Deux Cornes" TheMostDistantDeepestDepths-POTE-FR-C-UE.png POTE-FR090  ( C ) " The Most Distant, Deepest Depths " "Les Plus Lointaines Profondes Limites" GhotiChain-POTE-FR-C-UE.png POTE-FR091  ( C ) " Ghoti Chain " "Chaîne Ghoti" LorisLadyofLament-POTE-FR-SR-UE.png POTE-FR092  ( SR ) " Loris, Lady of Lament " "Loris, Dame de la Lamentation" MorphtronicTelefon-POTE-FR-C-UE.png POTE-FR093  ( C ) " Morphtronic Telefon " "Téléfon Morphtronique" GadgetGamer-POTE-FR-C-UE.png POTE-FR094  ( C ) " Gadget Gamer " "Joueur Gadget" MorphtronicScannen-POTE-FR-C-UE.png POTE-FR095  ( C ) " Morphtronic Scannen " "Scannen Morphtronique" MorphtronicEarfon-POTE-FR-C-UE.png POTE-FR096  ( C ) " Morphtronic Earfon " "Écouphon Morphtronique" PowerToolBraverDragon-POTE-FR-SR-UE.png POTE-FR097  ( SR ) " Power Tool Braver Dragon " "Dragon Brave Électromécanique" MorphtronicConverter-POTE-FR-C-UE.png POTE-FR098  ( C ) " Morphtronic Converter " "Convertisseur Morphtronique" LifeExtreme-POTE-FR-C-UE.png POTE-FR099  ( C ) " Life Extreme " "Vie Extrême" DestinyHERODestroyerPhoenixEnforcer-POTE-FR-StR-UE.png POTE-FR100  ( StR ) " Destiny HERO - Destroyer Phoenix Enforcer " "Exécuteur Phœnix Destructeur - HÉROS de la Destinée" 
 Starlight Rare variants 
 ExosisterMartha-POTE-FR-StR-UE.png POTE-FR025  ( StR ) " Exosister Martha " "Exosœur Martha" KurikaraDivincarnate-POTE-FR-StR-UE.png POTE-FR031  ( StR ) " Kurikara Divincarnate " "Kurikara Divincarnée" AussatheEarthChanneler-POTE-FR-StR-UE.png POTE-FR032  ( StR ) " Aussa the Earth Channeler " "Aussa la Canalisatrice de Terre" UltimateSlayer-POTE-FR-StR-UE.png POTE-FR067  ( StR ) " Ultimate Slayer " "Pourfendeuse Ultime" 
 
 
 
 
Categories: French Set Card Galleries, Unlimited Edition Set Card Galleries